"Address","Content Type","Status Code","Status","Indexability","Indexability Status","Title 1","Title 1 Length","Title 1 Pixel Width","Meta Description 1","Meta Description 1 Length","Meta Description 1 Pixel Width","Meta Keywords 1","Meta Keywords 1 Length","H1-1","H1-1 Length","H2-1","H2-1 Length","H2-2","H2-2 Length","Meta Robots 1","Meta Robots 2","X-Robots-Tag 1","Meta Refresh 1","Canonical Link Element 1","rel=""next"" 1","rel=""prev"" 1","HTTP rel=""next"" 1","HTTP rel=""prev"" 1","amphtml Link Element","Size (Bytes)","Transferred (Bytes)","Total Transferred (Bytes)","CO2 (mg)","Carbon Rating","Word Count","Sentence Count","Average Words Per Sentence","Flesch Reading Ease Score","Readability","Text Ratio","Crawl Depth","Folder Depth","Link Score","Inlinks","Unique Inlinks","Unique JS Inlinks","% of Total","Outlinks","Unique Outlinks","Unique JS Outlinks","External Outlinks","Unique External Outlinks","Unique External JS Outlinks","Closest Near Duplicate Match","No. Near Duplicates","Spelling Errors","Grammar Errors","Hash","Response Time","Last Modified","Redirect URL","Redirect Type","Cookies","Language","HTTP Version","Mobile Alternate Link","Closest Semantically Similar Address","Semantic Similarity Score","No. Semantically Similar","Semantic Relevance Score","URL Encoded Address","Crawl Timestamp"
"https://eghiseul.ro/","text/html; charset=utf-8","200","OK","Indexable","","eGhișeul.ro — Documente Online: Cazier, Carte Funciară","54","499","Obține cazier judiciar, cazier fiscal, certificat constatator, extras de carte funciară și alte documente online — rapid, legal, fără cozi. Livrare pe email sau curier în 24-48 ore.","181","1043","cazier judiciar online,cazier fiscal,certificat constatator,extras carte funciară,certificat de integritate comportamentală,documente online,acte online România","160","Cazier Judiciar și Documente Online – Prin Avocat, Fără Cozi, Livrare 24-48h","76","Servicii Disponibile","20","Cum obții documente online în 3 pași","36","index, follow","","","","https://eghiseul.ro/","","","","","","510123","68213","68213","10,109","","2384","440","5,418","36,749","Hard","3,683","0","0","","930","232","0","99,570","121","56","0","10","6","0","","","","","ecdb5de644cde24542b2f22e51c93e87","0,079","","","","","ro","1.1","","","","","","https://eghiseul.ro/","2026-09-09 09:12:18"
"https://eghiseul.ro/calculator/termene-judiciare/","text/html; charset=utf-8","200","OK","Indexable","","Calculator Termene Judiciare 2026 — Exact, Gratuit, pe Loc | eGhiseul.ro","72","643","Calculează termenele procedurale (judiciare) conform Codului de Procedură Civilă și Penală: zile, săptămâni, luni sau ani, cu sărbătorile legale 2026 luate în calcul.","166","992","cazier judiciar online,cazier fiscal,certificat constatator,extras carte funciară,certificat de integritate comportamentală,documente online,acte online România","160","Calculator Termene Judiciare 2026","33","Ce sunt termenele procedurale","29","Sistemul „zile libere”","22","index, follow","index, follow, max-video-preview:-1, max-image-preview:large, max-snippet:-1","","","https://eghiseul.ro/calculator/termene-judiciare/","","","","","","208454","35196","35196","5,216","","1333","209","6,378","65,052","Normal","5,199","1","2","","237","232","0","99,570","88","55","0","4","3","0","","","","","73e0b3b324c838fd0a67a4f93c8cabaa","0,068","","","","","ro","1.1","","","","","","https://eghiseul.ro/calculator/termene-judiciare/","2026-09-09 09:12:19"
"https://eghiseul.ro/images/footer/payment-methods.webp","image/webp","200","OK","Indexable","","","0","0","","0","0","","0","","0","","0","","0","","","","","","","","","","","12236","12236","12236","1,813","","0","","","","","0,000","1","2","","0","0","0","0,000","0","0","0","0","0","0","","","","","","0,107","Wed, 09 Sep 2026 05:54:25 GMT","","","","","1.1","","","","","","https://eghiseul.ro/images/footer/payment-methods.webp","2026-09-09 09:12:19"
"https://eghiseul.ro/_next/static/chunks/acad58d717cd3172.css?dpl=dpl_67tH8DnrrsjBhYi55ERePfEYAbMi","text/css; charset=utf-8","200","OK","Indexable","","","0","0","","0","0","","0","","0","","0","","0","","","","","","","","","","","0","0","0","0,000","","0","","","","","0,000","1","3","","0","0","0","0,000","0","0","0","0","0","0","","","","","","0,170","Wed, 09 Sep 2026 05:49:56 GMT","","","","","1.1","","","","","","https://eghiseul.ro/_next/static/chunks/acad58d717cd3172.css?dpl=dpl_67tH8DnrrsjBhYi55ERePfEYAbMi","2026-09-09 09:12:19"
"https://eghiseul.ro/calculator/dividende/","text/html; charset=utf-8","200","OK","Indexable","","Calculator Dividende 2026 — Impozit 16% și CASS | eGhiseul.ro","61","559","Calculează impozitul pe dividende în 2026: 16% impozit (Legea 141/2025) plus CASS pe plafoane, și află suma netă pe care o încasezi din dividende.","146","908","cazier judiciar online,cazier fiscal,certificat constatator,extras carte funciară,certificat de integritate comportamentală,documente online,acte online România","160","Calculator Dividende 2026","25","Cum se calculează impozitul pe dividende","40","Plafoanele CASS 2026","20","index, follow","index, follow, max-video-preview:-1, max-image-preview:large, max-snippet:-1","","","https://eghiseul.ro/calculator/dividende/","","","","","","211500","35844","35844","5,312","","1440","288","5,000","73,568","Fairly Easy","5,417","1","2","","236","232","0","99,570","91","56","0","4","3","0","","","","","bee743221d9850344cfa0aeabaa242df","0,165","","","","","ro","1.1","","","","","","https://eghiseul.ro/calculator/dividende/","2026-09-09 09:12:19"
"https://eghiseul.ro/calculator/salariu/","text/html; charset=utf-8","200","OK","Indexable","","Calculator Salariu Net 2026 — Brut în Net și Invers, Gratuit | eGhiseul.ro","74","631","Calculator salariu 2026: convertești brut în net și invers (CAS, CASS, impozit, deducere personală) plus costul angajatorului.","126","757","cazier judiciar online,cazier fiscal,certificat constatator,extras carte funciară,certificat de integritate comportamentală,documente online,acte online România","160","Calculator Salariu Net/Brut 2026","32","Cum se calculează salariul net din brut în 2026","47","Salariul minim și deducerea personală","37","index, follow","index, follow, max-video-preview:-1, max-image-preview:large, max-snippet:-1","","","https://eghiseul.ro/calculator/salariu/","","","","","","202027","33601","33601","4,980","","1111","203","5,473","76,169","Fairly Easy","4,621","1","2","","254","232","0","99,570","87","54","0","4","3","0","","","","","33351b9c47157249fa55c61ad3db47b3","0,075","","","","","ro","1.1","","","","","","https://eghiseul.ro/calculator/salariu/","2026-09-09 09:12:19"
"https://eghiseul.ro/servicii/cazier-fiscal-online/","text/html; charset=utf-8","200","OK","Indexable","","Cazier Fiscal Online persoană fizică — ANAF, fără SPV | eGhiseul.ro","67","598","Cazier fiscal online de la ANAF pentru persoană fizică, fără cont SPV și fără drum la ghișeu. Atestă lipsa datoriilor fiscale, valabil 30 de zile. 198 RON.","155","911","cazier judiciar online,cazier fiscal,certificat constatator,extras carte funciară,certificat de integritate comportamentală,documente online,acte online România","160","Cazier Fiscal Online Persoană Fizică","36","Ce este Cazierul Fiscal și de unde se obține","44","Când Ai Nevoie de Cazier Fiscal?","32","index, follow","index, follow, max-video-preview:-1, max-image-preview:large, max-snippet:-1","","","https://eghiseul.ro/servicii/cazier-fiscal-online/","","","","","","540071","63881","63881","9,467","","2700","501","5,389","48,427","Hard","3,628","1","2","","542","232","0","99,570","88","55","0","7","5","0","","","","","bf59e1638dad5167f1f9fb2578c63411","0,114","","","","","ro","1.1","","","","","","https://eghiseul.ro/servicii/cazier-fiscal-online/","2026-09-09 09:12:19"
"https://eghiseul.ro/_next/image/?url=%2Fimages%2Fspecimens%2Fcazier-auto.png&w=3840&q=75","image/png","200","OK","Indexable","","","0","0","","0","0","","0","","0","","0","","0","","","","","","","","","","","127290","127290","127290","18,864","","0","","","","","0,000","1","2","","0","0","0","0,000","0","0","0","0","0","0","","","","","","0,264","Tue, 08 Sep 2026 12:35:24 GMT","","","","","1.1","","","","","","https://eghiseul.ro/_next/image/?url=%2Fimages%2Fspecimens%2Fcazier-auto.png&w=3840&q=75","2026-09-09 09:12:19"
"https://eghiseul.ro/_next/image/?url=%2Fimages%2Fservicii-header.webp&w=640&q=75","image/jpeg","200","OK","Indexable","","","0","0","","0","0","","0","","0","","0","","0","","","","","","","","","","","23217","23217","23217","3,441","","0","","","","","0,000","1","2","","0","0","0","0,000","0","0","0","0","0","0","","","","","","0,398","Tue, 08 Sep 2026 19:14:41 GMT","","","","","1.1","","","","","","https://eghiseul.ro/_next/image/?url=%2Fimages%2Fservicii-header.webp&w=640&q=75","2026-09-09 09:12:19"
"https://eghiseul.ro/_next/static/chunks/6352972af6db47be.js?dpl=dpl_67tH8DnrrsjBhYi55ERePfEYAbMi","application/javascript; charset=utf-8","200","OK","Indexable","","","0","0","","0","0","","0","","0","","0","","0","","","","","","","","","","","0","0","0","0,000","","0","","","","","0,000","1","3","","0","0","0","0,000","0","0","0","0","0","0","","","","","","0,106","Wed, 09 Sep 2026 05:49:57 GMT","","","","","1.1","","","","","","https://eghiseul.ro/_next/static/chunks/6352972af6db47be.js?dpl=dpl_67tH8DnrrsjBhYi55ERePfEYAbMi","2026-09-09 09:12:19"
"https://eghiseul.ro/calculator/estimare-pensie/","text/html; charset=utf-8","200","OK","Indexable","","Calculator Estimare Pensie 2026 — Puncte și Cuantum | eGhiseul.ro","65","603","Estimează pensia pentru limită de vârstă în 2026 pe baza stagiului și a salariului: puncte de contributivitate + stabilitate × valoarea punctului de referință (81 lei).","168","983","cazier judiciar online,cazier fiscal,certificat constatator,extras carte funciară,certificat de integritate comportamentală,documente online,acte online România","160","Calculator Estimare Pensie","26","Cum se calculează pensia în sistemul cu puncte","46","Punctele de contributivitate","28","index, follow","index, follow, max-video-preview:-1, max-image-preview:large, max-snippet:-1","","","https://eghiseul.ro/calculator/estimare-pensie/","","","","","","203049","33755","33755","5,002","","1236","189","6,540","79,184","Fairly Easy","4,907","1","2","","235","232","0","99,570","89","54","0","4","3","0","","","","","b6c4a15cc808219522a2859707d1242c","0,127","","","","","ro","1.1","","","","","","https://eghiseul.ro/calculator/estimare-pensie/","2026-09-09 09:12:19"
"https://eghiseul.ro/_next/static/chunks/64e28f22150572eb.js?dpl=dpl_67tH8DnrrsjBhYi55ERePfEYAbMi","application/javascript; charset=utf-8","200","OK","Indexable","","","0","0","","0","0","","0","","0","","0","","0","","","","","","","","","","","0","0","0","0,000","","0","","","","","0,000","1","3","","0","0","0","0,000","0","0","0","0","0","0","","","","","","0,141","Wed, 09 Sep 2026 05:49:57 GMT","","","","","1.1","","","","","","https://eghiseul.ro/_next/static/chunks/64e28f22150572eb.js?dpl=dpl_67tH8DnrrsjBhYi55ERePfEYAbMi","2026-09-09 09:12:19"
"https://eghiseul.ro/servicii/","text/html; charset=utf-8","200","OK","Indexable","","Servicii | Documente online pentru România | eGhiseul.ro","56","505","Catalogul complet al serviciilor eGhișeul.ro: cazier judiciar, cazier fiscal, certificat constatator, extras carte funciară, acte cadastrale, rovinietă și altele. 100% online.","175","1000","servicii online,documente,cazier judiciar,cazier fiscal,certificat constatator,extras carte funciară,rovinietă,eghiseul","119","Serviciile noastre","18","Carte Funciară & Cadastru","25","Caziere & Integritate","21","index, follow","","","","https://eghiseul.ro/servicii/","","","","","","399435","43096","43096","6,387","","837","288","2,906","46,309","Hard","2,004","1","1","","370","232","0","99,570","138","90","0","4","3","0","","","","","615f7bc9db6ddd9a1702f3c731ce2d47","0,048","","","","","ro","1.1","","","","","","https://eghiseul.ro/servicii/","2026-09-09 09:12:19"
"https://eghiseul.ro/servicii/extras-multilingv-certificat-casatorie/","text/html; charset=utf-8","200","OK","Indexable","","Extras Multilingv Certificat de Căsătorie 2026 — pentru UE, Fără Traducere | eGhiseul.ro","88","777","Extrasul multilingv de pe certificatul de căsătorie (formular standard UE) e recunoscut în Uniunea Europeană fără traducere și fără apostilă. 798 RON totul inclus, fără deplasare.","179","1088","cazier judiciar online,cazier fiscal,certificat constatator,extras carte funciară,certificat de integritate comportamentală,documente online,acte online România","160","Extras Multilingv Certificat de Căsătorie — pentru UE","53","Extras Multilingv de pe Certificatul de Căsătorie — Online","58","Când Ai Nevoie de Extrasul Multilingv?","38","index, follow","index, follow, max-video-preview:-1, max-image-preview:large, max-snippet:-1","","","https://eghiseul.ro/servicii/extras-multilingv-certificat-casatorie/","","","","","","528105","61523","61523","9,118","","2528","467","5,413","46,330","Hard","3,609","1","2","","469","232","0","99,570","91","56","0","7","5","0","","","","","b3214aa7682a4bdeb85f8b9aaf89fff7","0,100","","","","","ro","1.1","","","","","","https://eghiseul.ro/servicii/extras-multilingv-certificat-casatorie/","2026-09-09 09:12:19"
"https://eghiseul.ro/_next/image/?url=%2Fimages%2Fspecimens%2Fextras-multilingv-casatorie.webp&w=3840&q=75","image/jpeg","200","OK","Indexable","","","0","0","","0","0","","0","","0","","0","","0","","","","","","","","","","","58839","58839","58839","8,720","","0","","","","","0,000","1","2","","0","0","0","0,000","0","0","0","0","0","0","","","","","","0,376","Tue, 08 Sep 2026 09:38:15 GMT","","","","","1.1","","","","","","https://eghiseul.ro/_next/image/?url=%2Fimages%2Fspecimens%2Fextras-multilingv-casatorie.webp&w=3840&q=75","2026-09-09 09:12:19"
"https://eghiseul.ro/_next/static/chunks/e6de0d38135b5383.js?dpl=dpl_67tH8DnrrsjBhYi55ERePfEYAbMi","application/javascript; charset=utf-8","200","OK","Indexable","","","0","0","","0","0","","0","","0","","0","","0","","","","","","","","","","","0","0","0","0,000","","0","","","","","0,000","1","3","","0","0","0","0,000","0","0","0","0","0","0","","","","","","0,140","Wed, 09 Sep 2026 05:49:57 GMT","","","","","1.1","","","","","","https://eghiseul.ro/_next/static/chunks/e6de0d38135b5383.js?dpl=dpl_67tH8DnrrsjBhYi55ERePfEYAbMi","2026-09-09 09:12:19"
"https://eghiseul.ro/_next/static/chunks/a3dd2bb6b77ca038.js?dpl=dpl_67tH8DnrrsjBhYi55ERePfEYAbMi","application/javascript; charset=utf-8","200","OK","Indexable","","","0","0","","0","0","","0","","0","","0","","0","","","","","","","","","","","0","0","0","0,000","","0","","","","","0,000","1","3","","0","0","0","0,000","0","0","0","0","0","0","","","","","","0,036","Wed, 09 Sep 2026 05:49:57 GMT","","","","","1.1","","","","","","https://eghiseul.ro/_next/static/chunks/a3dd2bb6b77ca038.js?dpl=dpl_67tH8DnrrsjBhYi55ERePfEYAbMi","2026-09-09 09:12:19"
"https://eghiseul.ro/servicii/extras-de-carte-funciara/","text/html; charset=utf-8","200","OK","Indexable","","Extras Carte Funciară Online în 5 Minute — Automat, 24/7 | eGhiseul.ro","70","628","Extras de carte funciară ANCPI eliberat automat, pe email, în câteva minute — 24/7, inclusiv noaptea și în weekend. Fără cont ANCPI, fără taxă de urgență. 4.9★ din 450+ recenzii.","178","1098","cazier judiciar online,cazier fiscal,certificat constatator,extras carte funciară,certificat de integritate comportamentală,documente online,acte online România","160","Extras de Carte Funciară Online","31","Ce este Extrasul de Carte Funciară și de unde se obține","55","Vrei să construiești pe terenul tău?","36","index, follow","index, follow, max-video-preview:-1, max-image-preview:large, max-snippet:-1","","","https://eghiseul.ro/servicii/extras-de-carte-funciara/","","","","","","690358","79831","79831","11,831","","3801","693","5,485","47,270","Hard","3,975","1","2","","685","232","0","99,570","140","101","0","8","6","0","","","","","6cbedf5d3700189945a6c0efab5b33c6","0,058","","","","","ro","1.1","","","","","","https://eghiseul.ro/servicii/extras-de-carte-funciara/","2026-09-09 09:12:19"
"https://eghiseul.ro/images/brand/icon.webp","image/webp","200","OK","Indexable","","","0","0","","0","0","","0","","0","","0","","0","","","","","","","","","","","10264","10264","10264","1,521","","0","","","","","0,000","1","2","","0","0","0","0,000","0","0","0","0","0","0","","","","","","0,043","Wed, 09 Sep 2026 05:51:27 GMT","","","","","1.1","","","","","","https://eghiseul.ro/images/brand/icon.webp","2026-09-09 09:12:19"
"https://eghiseul.ro/_next/static/chunks/d96012bcfc98706a.js?dpl=dpl_67tH8DnrrsjBhYi55ERePfEYAbMi","application/javascript; charset=utf-8","200","OK","Indexable","","","0","0","","0","0","","0","","0","","0","","0","","","","","","","","","","","283","283","283","0,042","","0","","","","","0,000","1","3","","0","0","0","0,000","0","0","0","0","0","0","","","","","","0,139","Wed, 09 Sep 2026 05:49:57 GMT","","","","","1.1","","","","","","https://eghiseul.ro/_next/static/chunks/d96012bcfc98706a.js?dpl=dpl_67tH8DnrrsjBhYi55ERePfEYAbMi","2026-09-09 09:12:19"
"https://eghiseul.ro/calculator/credit-ipotecar/","text/html; charset=utf-8","200","OK","Indexable","","Calculator Credit Ipotecar 2026 — Rata Lunară | eGhiseul.ro","59","527","Calculator credit ipotecar 2026: afli rata lunară, totalul de plată și dobânda totală pentru un credit cu rate egale, orientativ, fără comisioane.","146","857","cazier judiciar online,cazier fiscal,certificat constatator,extras carte funciară,certificat de integritate comportamentală,documente online,acte online România","160","Calculator Credit Ipotecar 2026","31","Cum se calculează rata la un credit ipotecar","44","Exemplu numeric pas cu pas","26","index, follow","index, follow, max-video-preview:-1, max-image-preview:large, max-snippet:-1","","","https://eghiseul.ro/calculator/credit-ipotecar/","","","","","","209665","35434","35434","5,251","","1338","221","6,054","72,778","Fairly Easy","5,129","1","2","","234","232","0","99,570","89","54","0","4","3","0","","","","","ac22912b34270c06eefeb58242ce5f0d","0,158","","","","","ro","1.1","","","","","","https://eghiseul.ro/calculator/credit-ipotecar/","2026-09-09 09:12:19"
"https://eghiseul.ro/servicii/identificare-imobil/","text/html; charset=utf-8","200","OK","Indexable","","Număr Cadastral după Adresă — Îl Aflăm Noi | Extras CF | eGhiseul.ro","68","615","Ne dai adresa, îți aflăm numărul cadastral și de carte funciară din ANCPI și primești extrasul CF pe email. 198 RON, taxe incluse, fără cont ANCPI.","147","891","cazier judiciar online,cazier fiscal,certificat constatator,extras carte funciară,certificat de integritate comportamentală,documente online,acte online România","160","Identificare Imobil după Adresă","31","Cum afli numărul cadastral după adresă","38","Când ai nevoie de identificarea imobilului","42","index, follow","index, follow, max-video-preview:-1, max-image-preview:large, max-snippet:-1","","","https://eghiseul.ro/servicii/identificare-imobil/","","","","","","530149","59133","59133","8,764","","2235","439","5,091","46,132","Hard","3,285","1","2","","326","232","0","99,570","92","56","0","7","5","0","","","","","f42c5eff06035e6bfa5894b72084ffda","0,176","","","","","ro","1.1","","","","","","https://eghiseul.ro/servicii/identificare-imobil/","2026-09-09 09:12:19"
"https://eghiseul.ro/servicii/certificat-sarcini/","text/html; charset=utf-8","200","OK","Indexable","","Certificat de Sarcini — Verifică Grevările unui Imobil | OCPI | eGhiseul.ro","75","636","Certificat de sarcini OCPI/ANCPI — verifici ipoteci, privilegii, servituți, interdicții și litigii notate asupra unui imobil, după numărul cadastral sau de carte funciară. Taxe incluse, 100% online, livrare pe email.","216","1236","cazier judiciar online,cazier fiscal,certificat constatator,extras carte funciară,certificat de integritate comportamentală,documente online,acte online România","160","Certificat de Sarcini pentru un imobil","38","Ce este certificatul de sarcini și la ce folosește","50","Cum identifici imobilul pentru certificatul de sarcini","54","index, follow","index, follow, max-video-preview:-1, max-image-preview:large, max-snippet:-1","","","https://eghiseul.ro/servicii/certificat-sarcini/","","","","","","516733","58453","58453","8,663","","2274","436","5,216","41,382","Hard","3,446","1","2","","241","232","0","99,570","91","54","0","7","5","0","","","","","a7b096d3d89fd12383cdf8815fc3bcd4","0,095","","","","","ro","1.1","","","","","","https://eghiseul.ro/servicii/certificat-sarcini/","2026-09-09 09:12:19"
"https://eghiseul.ro/_next/static/chunks/41ad77bb86fe4ff6.js?dpl=dpl_67tH8DnrrsjBhYi55ERePfEYAbMi","application/javascript; charset=utf-8","200","OK","Indexable","","","0","0","","0","0","","0","","0","","0","","0","","","","","","","","","","","390","390","390","0,058","","0","","","","","0,000","1","3","","0","0","0","0,000","0","0","0","0","0","0","","","","","","0,220","Wed, 09 Sep 2026 05:49:57 GMT","","","","","1.1","","","","","","https://eghiseul.ro/_next/static/chunks/41ad77bb86fe4ff6.js?dpl=dpl_67tH8DnrrsjBhYi55ERePfEYAbMi","2026-09-09 09:12:19"
"https://eghiseul.ro/_next/static/chunks/a6dad97d9634a72d.js?dpl=dpl_67tH8DnrrsjBhYi55ERePfEYAbMi","application/javascript; charset=utf-8","200","OK","Indexable","","","0","0","","0","0","","0","","0","","0","","0","","","","","","","","","","","0","0","0","0,000","","0","","","","","0,000","1","3","","0","0","0","0,000","0","0","0","0","0","0","","","","","","0,110","Wed, 09 Sep 2026 05:53:39 GMT","","","","","1.1","","","","","","https://eghiseul.ro/_next/static/chunks/a6dad97d9634a72d.js?dpl=dpl_67tH8DnrrsjBhYi55ERePfEYAbMi","2026-09-09 09:12:19"
"https://eghiseul.ro/_next/static/chunks/442a64f8e01a213b.js?dpl=dpl_67tH8DnrrsjBhYi55ERePfEYAbMi","application/javascript; charset=utf-8","200","OK","Indexable","","","0","0","","0","0","","0","","0","","0","","0","","","","","","","","","","","0","0","0","0,000","","0","","","","","0,000","1","3","","0","0","0","0,000","0","0","0","0","0","0","","","","","","0,106","Wed, 09 Sep 2026 05:49:57 GMT","","","","","1.1","","","","","","https://eghiseul.ro/_next/static/chunks/442a64f8e01a213b.js?dpl=dpl_67tH8DnrrsjBhYi55ERePfEYAbMi","2026-09-09 09:12:19"
"https://eghiseul.ro/servicii/certificat-constatator-online/","text/html; charset=utf-8","200","OK","Indexable","","Certificat Constatator Online în Câteva Minute — 89 RON (2026) | eGhiseul.ro","76","684","Obținem certificatul constatator de la ONRC în câteva minute, 24/7 — inclusiv noaptea și în weekend. Doar cu CUI-ul firmei: pe firmă, PF sau cu istoric. 89 RON, taxe ONRC incluse.","179","1093","cazier judiciar online,cazier fiscal,certificat constatator,extras carte funciară,certificat de integritate comportamentală,documente online,acte online România","160","Certificat Constatator Online de la Registrul Comerțului (ONRC)","63","Ce este Certificatul Constatator ONRC și de unde se obține","58","Ce conține certificatul constatator","35","index, follow","index, follow, max-video-preview:-1, max-image-preview:large, max-snippet:-1","","","https://eghiseul.ro/servicii/certificat-constatator-online/","","","","","","611884","70842","70842","10,499","","3249","607","5,353","44,466","Hard","3,848","1","2","","1933","232","0","99,570","94","61","0","8","6","0","","","","","e7e734f6d06708792d900c4df067b9d9","0,227","","","","","ro","1.1","","","","","","https://eghiseul.ro/servicii/certificat-constatator-online/","2026-09-09 09:12:19"
"https://eghiseul.ro/comanda/status/","","0","Blocked by robots.txt","Non-Indexable","Blocked by robots.txt","","0","0","","0","0","","0","","0","","0","","0","","","","","","","","","","","0","0","0","0,000","","0","","","","","0,000","1","2","","468","232","0","99,570","0","0","0","0","0","0","","","","","","","","","","","","None","","","","","","https://eghiseul.ro/comanda/status/","2026-09-09 09:12:20"
"https://eghiseul.ro/_next/static/chunks/c28e7f4a72087e5b.js?dpl=dpl_67tH8DnrrsjBhYi55ERePfEYAbMi","application/javascript; charset=utf-8","200","OK","Indexable","","","0","0","","0","0","","0","","0","","0","","0","","","","","","","","","","","0","0","0","0,000","","0","","","","","0,000","1","3","","0","0","0","0,000","0","0","0","0","0","0","","","","","","0,047","Wed, 09 Sep 2026 05:49:57 GMT","","","","","1.1","","","","","","https://eghiseul.ro/_next/static/chunks/c28e7f4a72087e5b.js?dpl=dpl_67tH8DnrrsjBhYi55ERePfEYAbMi","2026-09-09 09:12:19"
"https://eghiseul.ro/termeni-si-conditii/","text/html; charset=utf-8","200","OK","Indexable","","Termeni și Condiții | eGhiseul.ro","33","284","Termenii și condițiile de utilizare a platformei eGhișeul.ro (eDigitalizare SRL): servicii, comandă, plată, termene, anulare și rambursare, semnătură electronică, GDPR și răspundere.","182","1091","cazier judiciar online,cazier fiscal,certificat constatator,extras carte funciară,certificat de integritate comportamentală,documente online,acte online România","160","Termeni și Condiții","19","1. Definiții","12","2. Serviciile noastre","21","index, follow","index, follow, max-video-preview:-1, max-image-preview:large, max-snippet:-1","","","https://eghiseul.ro/termeni-si-conditii/","","","","","","167675","32534","32534","4,822","","1760","318","5,535","29,085","Very Hard","9,097","1","1","","234","232","0","99,570","85","53","0","9","5","0","","","","","e212593a8f0e298449c89d2ae0a5801b","0,092","","","","","ro","1.1","","","","","","https://eghiseul.ro/termeni-si-conditii/","2026-09-09 09:12:19"
"https://eghiseul.ro/servicii/copie-carte-funciara/","text/html; charset=utf-8","200","OK","Indexable","","Copie Carte Funciară in extenso (integrală) — OCPI / ANCPI | eGhiseul.ro","72","645","Copie carte funciară in extenso — reproducerea integrală a CF (părțile A, B și C) din arhiva OCPI. Util pentru litigii, succesiuni și verificarea istoricului proprietății. Taxe OCPI incluse, online, livrare pe email.","216","1234","cazier judiciar online,cazier fiscal,certificat constatator,extras carte funciară,certificat de integritate comportamentală,documente online,acte online România","160","Copie Carte Funciară in extenso (integrală)","43","Ce este copia cărții funciare in extenso și la ce folosește","59","Cum identifici imobilul pentru copia in extenso","47","index, follow","index, follow, max-video-preview:-1, max-image-preview:large, max-snippet:-1","","","https://eghiseul.ro/servicii/copie-carte-funciara/","","","","","","526289","59602","59602","8,833","","2303","451","5,106","41,856","Hard","3,398","1","2","","249","232","0","99,570","94","56","0","7","5","0","","","","","d49913f4ced53e5144013be4423356fb","0,124","","","","","ro","1.1","","","","","","https://eghiseul.ro/servicii/copie-carte-funciara/","2026-09-09 09:12:20"
"https://eghiseul.ro/_next/image/?url=%2Fimages%2Farticole%2Fsuspendare-activitate-firma-ghid.webp&w=3840&q=75","image/webp","200","OK","Indexable","","","0","0","","0","0","","0","","0","","0","","0","","","","","","","","","","","89684","89684","89684","13,291","","0","","","","","0,000","1","2","","0","0","0","0,000","0","0","0","0","0","0","","","","","","0,324","Wed, 02 Sep 2026 17:15:35 GMT","","","","","1.1","","","","","","https://eghiseul.ro/_next/image/?url=%2Fimages%2Farticole%2Fsuspendare-activitate-firma-ghid.webp&w=3840&q=75","2026-09-09 09:12:19"
"https://eghiseul.ro/servicii/eliberare-certificat-de-casatorie/","text/html; charset=utf-8","200","OK","Indexable","","Certificat de Căsătorie Online — Duplicat de la Starea Civilă | eGhiseul.ro","75","644","Duplicat certificat de căsătorie online de la Starea Civilă, 998 RON, fără deplasare. Pentru act pierdut, din altă localitate sau diaspora. Email + curier.","155","907","cazier judiciar online,cazier fiscal,certificat constatator,extras carte funciară,certificat de integritate comportamentală,documente online,acte online România","160","Certificat de Căsătorie Online","30","Certificat de Căsătorie — Duplicat sau Copie Legalizată Online","62","Când Ai Nevoie de Certificat de Căsătorie?","42","index, follow","index, follow, max-video-preview:-1, max-image-preview:large, max-snippet:-1","","","https://eghiseul.ro/servicii/eliberare-certificat-de-casatorie/","","","","","","551260","64533","64533","9,564","","2748","517","5,315","43,908","Hard","3,709","1","2","","493","232","0","99,570","91","57","0","8","6","0","","","","","f784502463d77b0704d5c9ef7c9f7370","0,044","","","","","ro","1.1","","","","","","https://eghiseul.ro/servicii/eliberare-certificat-de-casatorie/","2026-09-09 09:12:20"
"https://eghiseul.ro/_next/static/chunks/16bafcc002ad0ec6.js?dpl=dpl_67tH8DnrrsjBhYi55ERePfEYAbMi","application/javascript; charset=utf-8","200","OK","Indexable","","","0","0","","0","0","","0","","0","","0","","0","","","","","","","","","","","0","0","0","0,000","","0","","","","","0,000","1","3","","0","0","0","0,000","0","0","0","0","0","0","","","","","","0,096","Wed, 09 Sep 2026 05:49:57 GMT","","","","","1.1","","","","","","https://eghiseul.ro/_next/static/chunks/16bafcc002ad0ec6.js?dpl=dpl_67tH8DnrrsjBhYi55ERePfEYAbMi","2026-09-09 09:12:20"
"https://eghiseul.ro/_next/image/?url=%2Fimages%2Fspecimens%2Fcazier-fiscal.png&w=3840&q=75","image/png","200","OK","Indexable","","","0","0","","0","0","","0","","0","","0","","0","","","","","","","","","","","176943","176943","176943","26,223","","0","","","","","0,000","1","2","","0","0","0","0,000","0","0","0","0","0","0","","","","","","0,269","Tue, 08 Sep 2026 12:21:38 GMT","","","","","1.1","","","","","","https://eghiseul.ro/_next/image/?url=%2Fimages%2Fspecimens%2Fcazier-fiscal.png&w=3840&q=75","2026-09-09 09:12:20"
"https://eghiseul.ro/politica-de-anulare/","text/html; charset=utf-8","200","OK","Indexable","","Politica de Anulare și Rambursare | eGhiseul.ro","47","418","Poți anula comanda în primele 30 de minute de la plată, direct din pagina de status, cu rambursare de 70%. Excepții, pași și termene — totul explicat clar.","155","932","cazier judiciar online,cazier fiscal,certificat constatator,extras carte funciară,certificat de integritate comportamentală,documente online,acte online România","160","Politica de Anulare și Rambursare","33","Fereastra de anulare: 30 de minute","34","Cum anulezi, pas cu pas","23","index, follow","index, follow, max-video-preview:-1, max-image-preview:large, max-snippet:-1","","","https://eghiseul.ro/politica-de-anulare/","","","","","","147740","26394","26394","3,912","","781","123","6,350","55,563","Fairly Hard","5,100","1","1","","234","232","0","99,570","84","53","0","4","3","0","","","","","aab10ce4346510fb0ab7c9b542f0961b","0,182","","","","","ro","1.1","","","","","","https://eghiseul.ro/politica-de-anulare/","2026-09-09 09:12:20"
"https://eghiseul.ro/_next/image/?url=%2Fimages%2Fspecimens%2Fcertificat-constatator.png&w=3840&q=75","image/png","200","OK","Indexable","","","0","0","","0","0","","0","","0","","0","","0","","","","","","","","","","","162876","162876","162876","24,138","","0","","","","","0,000","1","2","","0","0","0","0,000","0","0","0","0","0","0","","","","","","0,339","Tue, 08 Sep 2026 12:02:46 GMT","","","","","1.1","","","","","","https://eghiseul.ro/_next/image/?url=%2Fimages%2Fspecimens%2Fcertificat-constatator.png&w=3840&q=75","2026-09-09 09:12:19"
"https://eghiseul.ro/_next/image/?url=%2Fimages%2Fspecimens%2Fcertificat-nastere.webp&w=3840&q=75","image/jpeg","200","OK","Indexable","","","0","0","","0","0","","0","","0","","0","","0","","","","","","","","","","","75745","75745","75745","11,225","","0","","","","","0,000","1","2","","0","0","0","0,000","0","0","0","0","0","0","","","","","","0,050","Tue, 08 Sep 2026 09:15:20 GMT","","","","","1.1","","","","","","https://eghiseul.ro/_next/image/?url=%2Fimages%2Fspecimens%2Fcertificat-nastere.webp&w=3840&q=75","2026-09-09 09:12:20"
"https://eghiseul.ro/calculator/impozit-casa/","text/html; charset=utf-8","200","OK","Indexable","","Calculator Impozit pe Casă (Clădiri) 2026 | eGhiseul.ro","55","481","Calculează impozitul pe casă/clădiri în 2026 după suprafață, tip construcție, zonă și vechime, conform valorilor indexate din Codul Fiscal.","139","842","cazier judiciar online,cazier fiscal,certificat constatator,extras carte funciară,certificat de integritate comportamentală,documente online,acte online România","160","Calculator Impozit pe Casă 2026","31","Cum se calculează impozitul pe clădiri","38","Ce influențează impozitul","25","index, follow","index, follow, max-video-preview:-1, max-image-preview:large, max-snippet:-1","","","https://eghiseul.ro/calculator/impozit-casa/","","","","","","215631","36592","36592","5,423","","1444","202","7,149","58,325","Fairly Hard","5,625","1","2","","234","232","0","99,570","89","54","0","4","3","0","","","","","40f85276dbb9870b916b45cf4c9e30f5","0,051","","","","","ro","1.1","","","","","","https://eghiseul.ro/calculator/impozit-casa/","2026-09-09 09:12:20"
"https://eghiseul.ro/_next/static/chunks/76c16641eb3ae2fa.js?dpl=dpl_67tH8DnrrsjBhYi55ERePfEYAbMi","application/javascript; charset=utf-8","200","OK","Indexable","","","0","0","","0","0","","0","","0","","0","","0","","","","","","","","","","","0","0","0","0,000","","0","","","","","0,000","1","3","","0","0","0","0,000","0","0","0","0","0","0","","","","","","0,091","Wed, 09 Sep 2026 05:49:57 GMT","","","","","1.1","","","","","","https://eghiseul.ro/_next/static/chunks/76c16641eb3ae2fa.js?dpl=dpl_67tH8DnrrsjBhYi55ERePfEYAbMi","2026-09-09 09:12:20"
"https://eghiseul.ro/_next/static/chunks/01053d2def082238.js?dpl=dpl_67tH8DnrrsjBhYi55ERePfEYAbMi","application/javascript; charset=utf-8","200","OK","Indexable","","","0","0","","0","0","","0","","0","","0","","0","","","","","","","","","","","0","0","0","0,000","","0","","","","","0,000","1","3","","0","0","0","0,000","0","0","0","0","0","0","","","","","","0,190","Wed, 09 Sep 2026 05:49:57 GMT","","","","","1.1","","","","","","https://eghiseul.ro/_next/static/chunks/01053d2def082238.js?dpl=dpl_67tH8DnrrsjBhYi55ERePfEYAbMi","2026-09-09 09:12:20"
"https://eghiseul.ro/calculator/indemnizatie-somaj/","text/html; charset=utf-8","200","OK","Indexable","","Calculator Indemnizație de Șomaj 2026 | eGhiseul.ro","51","466","Calculează indemnizația de șomaj 2026: baza de 75% din ISR plus suplimentul pe stagiu, durata și reținerea CASS.","112","699","cazier judiciar online,cazier fiscal,certificat constatator,extras carte funciară,certificat de integritate comportamentală,documente online,acte online România","160","Calculator Indemnizație de Șomaj 2026","37","Cum se calculează indemnizația de șomaj","39","Suplimentul pe stagiu și durata indemnizației","45","index, follow","index, follow, max-video-preview:-1, max-image-preview:large, max-snippet:-1","","","https://eghiseul.ro/calculator/indemnizatie-somaj/","","","","","","210471","35304","35304","5,232","","1389","190","7,311","75,408","Fairly Easy","5,065","1","2","","235","232","0","99,570","89","55","0","4","3","0","","","","","7902b8265b5bff6f10208971f65e1836","0,198","","","","","ro","1.1","","","","","","https://eghiseul.ro/calculator/indemnizatie-somaj/","2026-09-09 09:12:20"
"https://eghiseul.ro/gdpr/","text/html; charset=utf-8","200","OK","Indexable","","GDPR — Protecția Datelor | eGhiseul.ro","38","346","Drepturile tale GDPR și modul în care eGhișeul.ro (eDigitalizare SRL) protejează datele personale.","98","593","cazier judiciar online,cazier fiscal,certificat constatator,extras carte funciară,certificat de integritate comportamentală,documente online,acte online România","160","GDPR — Protecția Datelor","24","Principiile noastre","19","Persoane împuternicite (art. 28 GDPR)","37","index, follow","index, follow, max-video-preview:-1, max-image-preview:large, max-snippet:-1","","","https://eghiseul.ro/gdpr/","","","","","","135820","20907","20907","3,098","","239","49","4,878","44,011","Hard","3,107","1","1","","235","232","0","99,570","83","53","0","5","4","0","","","","","c5cb73d723a386877ed7b16538103703","0,230","","","","","ro","1.1","","","","","","https://eghiseul.ro/gdpr/","2026-09-09 09:12:20"
"https://eghiseul.ro/calculator/amenda-circulatie/","text/html; charset=utf-8","200","OK","Indexable","","Calculator Amendă Circulație 2026 + Puncte de Penalizare | eGhiseul.ro","70","637","Calculează amenda de circulație pe clase, plata redusă în 15 zile și punctele de penalizare pentru viteză (valori 2026).","120","716","cazier judiciar online,cazier fiscal,certificat constatator,extras carte funciară,certificat de integritate comportamentală,documente online,acte online România","160","Calculator Amendă Circulație 2026","33","Cum se calculează amenda de circulație în 2026","46","Puncte de penalizare și suspendare","34","index, follow","index, follow, max-video-preview:-1, max-image-preview:large, max-snippet:-1","","","https://eghiseul.ro/calculator/amenda-circulatie/","","","","","","211979","36054","36054","5,343","","1527","248","6,157","67,840","Normal","5,779","1","2","","238","232","0","99,570","88","55","0","4","3","0","","","","","3331972040937beb77576c8d3720f266","0,190","","","","","ro","1.1","","","","","","https://eghiseul.ro/calculator/amenda-circulatie/","2026-09-09 09:12:20"
"https://eghiseul.ro/politica-cookies/","text/html; charset=utf-8","200","OK","Indexable","","Politica de Cookie-uri | eGhiseul.ro","36","305","Exact ce cookie-uri folosește eGhișeul.ro, ce urmărim și ce NU urmărim, cât timp și cum îți schimbi opțiunea oricând.","117","709","cazier judiciar online,cazier fiscal,certificat constatator,extras carte funciară,certificat de integritate comportamentală,documente online,acte online România","160","Politica de Cookie-uri","22","Ce urmărim","10","Ce NU urmărim","13","index, follow","index, follow, max-video-preview:-1, max-image-preview:large, max-snippet:-1","","","https://eghiseul.ro/politica-cookies/","","","","","","140804","22424","22424","3,323","","407","83","4,904","47,416","Hard","3,783","1","1","","234","232","0","99,570","83","53","0","4","3","0","","","","","76d588986012881df610e3d6b4d7f034","0,093","","","","","ro","1.1","","","","","","https://eghiseul.ro/politica-cookies/","2026-09-09 09:12:20"
"https://eghiseul.ro/apostila-de-la-haga-ghid-acte-obtinere/","text/html; charset=utf-8","200","OK","Indexable","","Apostila de la Haga: pe ce acte se aplică, unde o obții și cât costă (2026) | eGhiseul.ro","89","758","Ghid complet apostilă Haga în 2026: ce acte se apostilează la prefectură, tribunal sau Camera Notarilor, cât durează, cât costă, când NU ai nevoie de apostilă și în ce ordine se face traducerea.","194","1174","cazier judiciar online,cazier fiscal,certificat constatator,extras carte funciară,certificat de integritate comportamentală,documente online,acte online România","160","Apostila de la Haga: pe ce acte se aplică, unde o obții și cât costă (2026)","75","Ce este apostila și când îți trebuie","36","Cele trei instituții care aplică apostila — pe ce acte fiecare","62","index, follow","index, follow, max-video-preview:-1, max-image-preview:large, max-snippet:-1","","","https://eghiseul.ro/apostila-de-la-haga-ghid-acte-obtinere/","","","","","","199641","34543","34543","5,119","","1233","191","6,455","42,678","Hard","5,407","1","1","","6","6","0","2,580","89","56","0","4","3","0","","","","","4ca47827a8cfae9ecbe003b4c67ba229","0,096","","","","","ro","1.1","","","","","","https://eghiseul.ro/apostila-de-la-haga-ghid-acte-obtinere/","2026-09-09 09:12:20"
"https://eghiseul.ro/servicii/certificat-urbanism-informare/","text/html; charset=utf-8","200","OK","Indexable","","Certificat de Urbanism Online — Îl Obținem Noi de la Primărie | eGhiseul.ro","75","662","Obținem certificatul de urbanism pentru informare de la orice primărie din România: regim juridic, POT/CUT, restricții de construire. Comanzi online, primești pe email.","168","1012","cazier judiciar online,cazier fiscal,certificat constatator,extras carte funciară,certificat de integritate comportamentală,documente online,acte online România","160","Certificat de Urbanism Online","29","Ce este certificatul de urbanism?","33","Când ai nevoie de certificat de urbanism","40","index, follow","index, follow, max-video-preview:-1, max-image-preview:large, max-snippet:-1","","","https://eghiseul.ro/servicii/certificat-urbanism-informare/","","","","","","499615","57477","57477","8,518","","2300","437","5,263","51,641","Fairly Hard","3,391","1","2","","244","232","0","99,570","87","54","0","7","5","0","","","","","8ba83232bd50526d84dad4c12dcb57d6","0,065","","","","","ro","1.1","","","","","","https://eghiseul.ro/servicii/certificat-urbanism-informare/","2026-09-09 09:12:20"
"https://eghiseul.ro/_next/static/chunks/c1e3ec6540071fa2.js?dpl=dpl_67tH8DnrrsjBhYi55ERePfEYAbMi","application/javascript; charset=utf-8","200","OK","Indexable","","","0","0","","0","0","","0","","0","","0","","0","","","","","","","","","","","0","0","0","0,000","","0","","","","","0,000","1","3","","0","0","0","0,000","0","0","0","0","0","0","","","","","","0,052","Wed, 09 Sep 2026 05:49:57 GMT","","","","","1.1","","","","","","https://eghiseul.ro/_next/static/chunks/c1e3ec6540071fa2.js?dpl=dpl_67tH8DnrrsjBhYi55ERePfEYAbMi","2026-09-09 09:12:20"
"https://eghiseul.ro/calculator/tva/","text/html; charset=utf-8","200","OK","Indexable","","Calculator TVA 2026 — Adaugă sau Scoate TVA 21%, Gratuit | eGhiseul.ro","70","653","Calculator TVA 2026: adaugă sau extrage TVA cu cota standard 21% și cota redusă 11%. Rapid, online, fără instalare.","115","723","cazier judiciar online,cazier fiscal,certificat constatator,extras carte funciară,certificat de integritate comportamentală,documente online,acte online România","160","Calculator TVA 2026","19","Cotele de TVA în România în 2026","32","Cum se calculează TVA","21","index, follow","index, follow, max-video-preview:-1, max-image-preview:large, max-snippet:-1","","","https://eghiseul.ro/calculator/tva/","","","","","","212263","36228","36228","5,369","","1477","245","6,029","87,763","Easy","5,242","1","2","","240","232","0","99,570","88","53","0","4","3","0","","","","","4bc7b2fdcad153f33334a0f25f9b2ca5","0,146","","","","","ro","1.1","","","","","","https://eghiseul.ro/calculator/tva/","2026-09-09 09:12:20"
"https://eghiseul.ro/calculator/pensie-alimentara/","text/html; charset=utf-8","200","OK","Indexable","","Calculator Pensie Alimentară 2026 — Cât Trebuie să Plătești | eGhiseul.ro","73","656","Calculează pensia alimentară pentru copii în 2026 conform Codului Civil: 1/4 din venitul net pentru un copil, 1/3 pentru doi, 1/2 pentru trei sau mai mulți.","156","932","cazier judiciar online,cazier fiscal,certificat constatator,extras carte funciară,certificat de integritate comportamentală,documente online,acte online România","160","Calculator Pensie Alimentară 2026","33","Cum se calculează pensia alimentară","35","Exemplu de calcul","17","index, follow","index, follow, max-video-preview:-1, max-image-preview:large, max-snippet:-1","","","https://eghiseul.ro/calculator/pensie-alimentara/","","","","","","210084","35324","35324","5,235","","1259","219","5,749","62,374","Normal","4,944","1","2","","234","232","0","99,570","88","53","0","4","3","0","","","","","45e805dce17498c773074fd3c23fe26a","0,072","","","","","ro","1.1","","","","","","https://eghiseul.ro/calculator/pensie-alimentara/","2026-09-09 09:12:20"
"https://eghiseul.ro/_next/image/?url=%2Fimages%2Fspecimens%2Fcertificat-integritate.png&w=3840&q=75","image/png","200","OK","Indexable","","","0","0","","0","0","","0","","0","","0","","0","","","","","","","","","","","228160","228160","228160","33,813","","0","","","","","0,000","1","2","","0","0","0","0,000","0","0","0","0","0","0","","","","","","0,248","Sat, 08 Aug 2026 10:24:29 GMT","","","","","1.1","","","","","","https://eghiseul.ro/_next/image/?url=%2Fimages%2Fspecimens%2Fcertificat-integritate.png&w=3840&q=75","2026-09-09 09:12:20"
"https://eghiseul.ro/_next/static/chunks/c23b1e9a9881f9d5.css?dpl=dpl_67tH8DnrrsjBhYi55ERePfEYAbMi","text/css; charset=utf-8","200","OK","Indexable","","","0","0","","0","0","","0","","0","","0","","0","","","","","","","","","","","0","0","0","0,000","","0","","","","","0,000","1","3","","0","0","0","0,000","0","0","0","0","0","0","","","","","","0,060","Wed, 09 Sep 2026 05:49:56 GMT","","","","","1.1","","","","","","https://eghiseul.ro/_next/static/chunks/c23b1e9a9881f9d5.css?dpl=dpl_67tH8DnrrsjBhYi55ERePfEYAbMi","2026-09-09 09:12:20"
"https://eghiseul.ro/calculator/calculator-impozit-auto/","text/html; charset=utf-8","200","OK","Indexable","","Calculator Impozit Auto 2026 — Taxa pe Mașină | eGhiseul.ro","59","542","Calculează impozitul auto 2026 după capacitatea cilindrică și norma de poluare Euro. Estimare rapidă a taxei anuale pe mașină.","126","787","cazier judiciar online,cazier fiscal,certificat constatator,extras carte funciară,certificat de integritate comportamentală,documente online,acte online România","160","Calculator Impozit Auto 2026","28","Cum se calculează impozitul auto în 2026","40","Reguli noi din 2026","19","index, follow","index, follow, max-video-preview:-1, max-image-preview:large, max-snippet:-1","","","https://eghiseul.ro/calculator/calculator-impozit-auto/","","","","","","202568","34454","34454","5,106","","1136","175","6,491","73,495","Fairly Easy","4,667","1","2","","236","232","0","99,570","87","53","0","4","3","0","","","","","f01cf60eaa284c5e5a0b3603e710c8ba","0,103","","","","","ro","1.1","","","","","","https://eghiseul.ro/calculator/calculator-impozit-auto/","2026-09-09 09:12:20"
"https://eghiseul.ro/servicii/cazier-judiciar-online/persoana-fizica/","text/html; charset=utf-8","200","OK","Indexable","","Cazier Judiciar Persoană Fizică Online — 198 RON | eGhiseul.ro","62","562","Obține cazierul judiciar pentru persoană fizică 100% online, fără drum la ghișeu. 198 RON, livrare în 3-5 zile pe email. Document de la Poliția Română, valabil pentru angajare, emigrare, adopție și proceduri legale.","215","1287","cazier judiciar online,cazier fiscal,certificat constatator,extras carte funciară,certificat de integritate comportamentală,documente online,acte online România","160","Cazier Judiciar Online Persoană Fizică","38","Cazier Judiciar pentru Persoană Fizică — Online, Fără Drum la Ghișeu","68","Prețuri transparente, fără surprize","35","index, follow","index, follow, max-video-preview:-1, max-image-preview:large, max-snippet:-1","","","https://eghiseul.ro/servicii/cazier-judiciar-online/persoana-fizica/","","","","","","557883","62346","62346","9,240","","2275","486","4,681","48,205","Hard","3,063","1","3","","516","232","0","99,570","87","54","0","7","5","0","","","","","fa26d1460a2ec85ca1991ea8dffd2036","0,061","","","","","ro","1.1","","","","","","https://eghiseul.ro/servicii/cazier-judiciar-online/persoana-fizica/","2026-09-09 09:12:20"
"https://eghiseul.ro/_next/static/chunks/f4438d31c0b3d47f.js?dpl=dpl_67tH8DnrrsjBhYi55ERePfEYAbMi","application/javascript; charset=utf-8","200","OK","Indexable","","","0","0","","0","0","","0","","0","","0","","0","","","","","","","","","","","0","0","0","0,000","","0","","","","","0,000","1","3","","0","0","0","0,000","0","0","0","0","0","0","","","","","","0,049","Wed, 09 Sep 2026 05:49:57 GMT","","","","","1.1","","","","","","https://eghiseul.ro/_next/static/chunks/f4438d31c0b3d47f.js?dpl=dpl_67tH8DnrrsjBhYi55ERePfEYAbMi","2026-09-09 09:12:20"
"https://eghiseul.ro/_next/image/?url=%2Fimages%2Fspecimens%2Fextras-cf.png&w=3840&q=75","image/png","200","OK","Indexable","","","0","0","","0","0","","0","","0","","0","","0","","","","","","","","","","","158010","158010","158010","23,417","","0","","","","","0,000","1","2","","0","0","0","0,000","0","0","0","0","0","0","","","","","","0,285","Sat, 08 Aug 2026 10:24:04 GMT","","","","","1.1","","","","","","https://eghiseul.ro/_next/image/?url=%2Fimages%2Fspecimens%2Fextras-cf.png&w=3840&q=75","2026-09-09 09:12:20"
"https://eghiseul.ro/_next/static/chunks/af4e3c5088439a81.js?dpl=dpl_67tH8DnrrsjBhYi55ERePfEYAbMi","application/javascript; charset=utf-8","200","OK","Indexable","","","0","0","","0","0","","0","","0","","0","","0","","","","","","","","","","","0","0","0","0,000","","0","","","","","0,000","1","3","","0","0","0","0,000","0","0","0","0","0","0","","","","","","0,110","Wed, 09 Sep 2026 05:49:57 GMT","","","","","1.1","","","","","","https://eghiseul.ro/_next/static/chunks/af4e3c5088439a81.js?dpl=dpl_67tH8DnrrsjBhYi55ERePfEYAbMi","2026-09-09 09:12:20"
"https://eghiseul.ro/calculator/taxe-notariale/","text/html; charset=utf-8","200","OK","Indexable","","Calculator Taxe Notariale 2026 — Vânzare, Donație, Succesiune | eGhiseul.ro","75","681","Calculează taxele notariale 2026: onorariu notarial, intabulare, impozit la stat și extras de carte funciară, pentru vânzare, donație, succesiune sau partaj.","157","935","cazier judiciar online,cazier fiscal,certificat constatator,extras carte funciară,certificat de integritate comportamentală,documente online,acte online România","160","Calculator Taxe Notariale 2026","30","Ce taxe plătești la notar","25","Onorariul notarial (grila OMJ 177/C/2024)","41","index, follow","index, follow, max-video-preview:-1, max-image-preview:large, max-snippet:-1","","","https://eghiseul.ro/calculator/taxe-notariale/","","","","","","219807","36366","36366","5,389","","1440","255","5,647","71,324","Fairly Easy","5,316","1","2","","292","232","0","99,570","90","55","0","4","3","0","","","","","8cd40e0ca442055f97a927c0bb25fcd0","0,222","","","","","ro","1.1","","","","","","https://eghiseul.ro/calculator/taxe-notariale/","2026-09-09 09:12:20"
"https://eghiseul.ro/schimbare-sediu-social-srl-ghid/","text/html; charset=utf-8","200","OK","Indexable","","Schimbarea sediului social la SRL: acte, pași la ONRC și ce urmează după (2026) | eGhiseul.ro","93","831","Ghid schimbare sediu social în 2026: actele necesare, pașii la Registrul Comerțului, diferența dintre mutarea în același județ și în alt județ, plus ce instituții trebuie anunțate după.","185","1079","cazier judiciar online,cazier fiscal,certificat constatator,extras carte funciară,certificat de integritate comportamentală,documente online,acte online România","160","Schimbarea sediului social la SRL: acte, pași la ONRC și ce urmează după (2026)","79","Actele necesare, în ordinea în care le pregătești","49","Același județ sau alt județ: diferența care schimbă dosarul","59","index, follow","index, follow, max-video-preview:-1, max-image-preview:large, max-snippet:-1","","","https://eghiseul.ro/schimbare-sediu-social-srl-ghid/","","","","","","185506","32523","32523","4,820","","879","129","6,814","45,444","Hard","4,494","1","1","","5","5","0","2,150","88","57","0","4","3","0","","","","","b3d1e5bd554bb76f253a35e9be2b5379","0,184","","","","","ro","1.1","","","","","","https://eghiseul.ro/schimbare-sediu-social-srl-ghid/","2026-09-09 09:12:20"
"https://eghiseul.ro/_next/image/?url=%2Fimages%2Fbrand%2Flogo-wide.webp&w=750&q=75","image/jpeg","200","OK","Indexable","","","0","0","","0","0","","0","","0","","0","","0","","","","","","","","","","","2741","2741","2741","0,406","","0","","","","","0,000","1","2","","0","0","0","0,000","0","0","0","0","0","0","","","","","","0,059","Mon, 07 Sep 2026 15:58:48 GMT","","","","","1.1","","","","","","https://eghiseul.ro/_next/image/?url=%2Fimages%2Fbrand%2Flogo-wide.webp&w=750&q=75","2026-09-09 09:12:21"
"https://eghiseul.ro/calculator/calculator-procente/","text/html; charset=utf-8","200","OK","Indexable","","Calculator Procente Online — Cât e X% din Y | eGhiseul.ro","57","510","Calculator de procente online: cât e X% din Y, cât la sută reprezintă un număr din altul și variația procentuală. Gratuit.","122","719","cazier judiciar online,cazier fiscal,certificat constatator,extras carte funciară,certificat de integritate comportamentală,documente online,acte online România","160","Calculator Procente","19","Cum funcționează calculatorul de procente","41","Exemplu numeric pas cu pas: reducere și preț inițial","52","index, follow","index, follow, max-video-preview:-1, max-image-preview:large, max-snippet:-1","","","https://eghiseul.ro/calculator/calculator-procente/","","","","","","215952","36684","36684","5,437","","1630","247","6,599","84,240","Easy","5,444","1","2","","237","232","0","99,570","91","54","0","4","3","0","","","","","7f4d7e02ce6dbb4471e538e0e3c39e39","0,230","","","","","ro","1.1","","","","","","https://eghiseul.ro/calculator/calculator-procente/","2026-09-09 09:12:20"
"https://eghiseul.ro/servicii/plan-amplasament-delimitare/","text/html; charset=utf-8","200","OK","Indexable","","Plan de Amplasament și Delimitare (PAD) din Arhiva OCPI | eGhiseul.ro","69","634","Obții planul de amplasament și delimitare (PAD) din arhiva OCPI după numărul cadastral sau de carte funciară: conturul parcelei, lungimile laturilor, suprafața măsurată și vecinătățile. Taxe OCPI incluse, totul online, livrare pe email, fără cont ANCPI.","253","1521","cazier judiciar online,cazier fiscal,certificat constatator,extras carte funciară,certificat de integritate comportamentală,documente online,acte online România","160","Plan de Amplasament și Delimitare (PAD)","39","Ce este planul de amplasament și delimitare și la ce folosește","62","Cum identifici imobilul pentru planul de amplasament","52","index, follow","index, follow, max-video-preview:-1, max-image-preview:large, max-snippet:-1","","","https://eghiseul.ro/servicii/plan-amplasament-delimitare/","","","","","","526720","59124","59124","8,762","","2254","438","5,146","40,707","Hard","3,366","1","2","","244","232","0","99,570","92","56","0","7","5","0","","","","","4b5146c90ebbaf89b611c4545fb5ae31","0,149","","","","","ro","1.1","","","","","","https://eghiseul.ro/servicii/plan-amplasament-delimitare/","2026-09-09 09:12:20"
"https://eghiseul.ro/curs-valutar/","text/html; charset=utf-8","200","OK","Indexable","","Curs Valutar BNR Azi — Euro, Dolar, Liră (Convertor + Grafice) | eGhiseul.ro","76","661","Curs valutar BNR oficial azi: euro, dolar, liră și toate valutele, cu variație zilnică, convertor valutar și grafice de evoluție. Actualizat din sursa oficială BNR.","164","931","cazier judiciar online,cazier fiscal,certificat constatator,extras carte funciară,certificat de integritate comportamentală,documente online,acte online România","160","Curs valutar BNR azi","20","Convertor valutar","17","Toate cursurile BNR","19","index, follow","index, follow, max-video-preview:-1, max-image-preview:large, max-snippet:-1","","","https://eghiseul.ro/curs-valutar/","","","","","","158759","26793","26793","3,971","","502","80","6,275","60,926","Normal","3,649","1","1","","237","232","0","99,570","83","53","0","4","3","0","","","","","494f920a0cb1ef3b83596e437be7154d","0,064","","","","","ro","1.1","","","","","","https://eghiseul.ro/curs-valutar/","2026-09-09 09:12:21"
"https://eghiseul.ro/calculator/cat-pot-construi/","text/html; charset=utf-8","200","OK","Indexable","","Cât Pot Construi pe Teren? Calculator POT și CUT | eGhiseul.ro","62","559","Introdu suprafața terenului și POT-ul din certificatul de urbanism → afli câți metri pătrați poate ocupa construcția la sol și cât poți construi în total (CUT). Gratuit.","169","989","cazier judiciar online,cazier fiscal,certificat constatator,extras carte funciară,certificat de integritate comportamentală,documente online,acte online România","160","Cât pot construi pe teren?","26","Cum calculezi cât poți construi pe teren","40","Ce înseamnă POT și CUT, pe scurt","32","index, follow","index, follow, max-video-preview:-1, max-image-preview:large, max-snippet:-1","","","https://eghiseul.ro/calculator/cat-pot-construi/","","","","","","217087","36830","36830","5,458","","1419","209","6,789","64,846","Normal","5,230","1","2","","240","232","0","99,570","94","54","0","4","3","0","","","","","ceaf764fededa5699f8911316620ffb4","0,057","","","","","ro","1.1","","","","","","https://eghiseul.ro/calculator/cat-pot-construi/","2026-09-09 09:12:21"
"https://eghiseul.ro/calculator/","text/html; charset=utf-8","200","OK","Indexable","","Calculatoare Online Gratuite 2026 — eGhișeul.ro | eGhiseul.ro","61","545","Peste 30 de calculatoare online gratuite: salariu, taxe, dividende, credite, notariale, juridice și de timp. Rapide, actualizate 2026, fără cont.","145","838","cazier judiciar online,cazier fiscal,certificat constatator,extras carte funciară,certificat de integritate comportamentală,documente online,acte online România","160","Calculatoare online gratuite","28","Salariu & muncă(15)","19","Fiscal & firmă(7)","17","index, follow","index, follow, max-video-preview:-1, max-image-preview:large, max-snippet:-1","","","https://eghiseul.ro/calculator/","","","","","","176525","25784","25784","3,821","","566","112","5,054","61,802","Normal","3,555","1","1","","277","232","0","99,570","121","75","0","4","3","0","","","","","9a4da8121fe7b1b838d4d680e3ea5f46","0,066","","","","","ro","1.1","","","","","","https://eghiseul.ro/calculator/","2026-09-09 09:12:21"
"https://eghiseul.ro/_next/image/?url=%2Fimages%2Farticole%2Fschimbare-sediu-social-srl-ghid.webp&w=3840&q=75","image/webp","200","OK","Indexable","","","0","0","","0","0","","0","","0","","0","","0","","","","","","","","","","","58608","58608","58608","8,686","","0","","","","","0,000","1","2","","0","0","0","0,000","0","0","0","0","0","0","","","","","","0,239","Wed, 02 Sep 2026 17:15:45 GMT","","","","","1.1","","","","","","https://eghiseul.ro/_next/image/?url=%2Fimages%2Farticole%2Fschimbare-sediu-social-srl-ghid.webp&w=3840&q=75","2026-09-09 09:12:21"
"https://eghiseul.ro/servicii/cazier-judiciar-online/","text/html; charset=utf-8","200","OK","Indexable","","Cazier Judiciar Online 2026 — Fără Drumuri, în 3-5 Zile | eGhiseul.ro","69","599","Obține cazierul judiciar online de la Poliția Română, fără cozi. Persoane fizice și firme, livrare în 3-5 zile pe email sau curier. Comandă în 5 minute.","152","884","cazier judiciar online,cazier fiscal,certificat constatator,extras carte funciară,certificat de integritate comportamentală,documente online,acte online România","160","Cazier Judiciar Online","22","Alege Tipul de Cazier Judiciar","30","Ce Este Cazierul Judiciar și Cine îl Emite","42","index, follow","index, follow, max-video-preview:-1, max-image-preview:large, max-snippet:-1","","","https://eghiseul.ro/servicii/cazier-judiciar-online/","","","","","","770345","89409","89409","13,250","","4793","879","5,453","38,878","Hard","4,515","1","2","","684","232","0","99,570","141","104","0","7","5","0","","","","","b4ff0d29d66f029c977eff8066d6e3e","0,176","","","","","ro","1.1","","","","","","https://eghiseul.ro/servicii/cazier-judiciar-online/","2026-09-09 09:12:21"
"https://eghiseul.ro/images/footer/anpc-sol.svg","image/svg+xml","200","OK","Indexable","","","0","0","","0","0","","0","","0","","0","","0","","","","","","","","","","","0","0","0","0,000","","0","","","","","0,000","1","2","","0","0","0","0,000","0","0","0","0","0","0","","","","","","0,184","Wed, 09 Sep 2026 05:54:25 GMT","","","","","1.1","","","","","","https://eghiseul.ro/images/footer/anpc-sol.svg","2026-09-09 09:12:21"
"https://eghiseul.ro/_next/image/?url=%2Fimages%2Farticole%2Fapostila-de-la-haga-ghid-acte-obtinere.webp&w=3840&q=75","image/webp","200","OK","Indexable","","","0","0","","0","0","","0","","0","","0","","0","","","","","","","","","","","81794","81794","81794","12,122","","0","","","","","0,000","1","2","","0","0","0","0,000","0","0","0","0","0","0","","","","","","0,198","Wed, 02 Sep 2026 17:15:58 GMT","","","","","1.1","","","","","","https://eghiseul.ro/_next/image/?url=%2Fimages%2Farticole%2Fapostila-de-la-haga-ghid-acte-obtinere.webp&w=3840&q=75","2026-09-09 09:12:21"
"https://eghiseul.ro/calculator/jugar-stanjen-in-mp/","text/html; charset=utf-8","200","OK","Indexable","","Convertor Jugăr și Stânjen în Metri Pătrați — Unități Vechi de Teren | eGhiseul.ro","82","716","Convertor online: jugăr, stânjen, falce, prăjină și pogon în metri pătrați, ari și hectare. Valorile exacte ale unităților vechi de teren din Transilvania, Moldova și Muntenia.","176","1017","cazier judiciar online,cazier fiscal,certificat constatator,extras carte funciară,certificat de integritate comportamentală,documente online,acte online România","160","Convertor Jugăr și Stânjen în Metri Pătrați","43","Cum funcționează conversia unităților vechi de teren","52","De ce diferă unitățile pe regiuni","33","index, follow","index, follow, max-video-preview:-1, max-image-preview:large, max-snippet:-1","","","https://eghiseul.ro/calculator/jugar-stanjen-in-mp/","","","","","","222490","36811","36811","5,455","","1423","261","5,452","70,685","Fairly Easy","5,461","1","2","","236","232","0","99,570","91","53","0","4","3","0","","","","","7475c2e4947f4bada762b63884e8e21f","0,104","","","","","ro","1.1","","","","","","https://eghiseul.ro/calculator/jugar-stanjen-in-mp/","2026-09-09 09:12:21"
"https://eghiseul.ro/servicii/rovinieta-online/","text/html; charset=utf-8","200","OK","Indexable","","Rovinieta Online 2026 — Cumpără și Plătește în 2 Minute | eGhiseul.ro","69","622","Cumpără rovinieta online rapid și sigur, de pe telefon sau PC. Plata rovinietei online cu activare imediată, fără drumuri la ghișeu. Vezi tarifele 2026 pe categorii și perioade.","177","1041","cazier judiciar online,cazier fiscal,certificat constatator,extras carte funciară,certificat de integritate comportamentală,documente online,acte online România","160","Rovinieta Online 2026 — Cumpără și Plătește în 2 Minute","55","Cumpără Rovinieta","17","De ce să cumperi rovinieta online de aici?","42","index, follow","index, follow, max-video-preview:-1, max-image-preview:large, max-snippet:-1","","","https://eghiseul.ro/servicii/rovinieta-online/","","","","","","199708","32187","32187","4,770","","746","119","6,269","61,098","Normal","3,750","1","2","","471","232","0","99,570","83","53","0","4","3","0","","","","","adf4a10c215390c5e155794bc9b21b6e","0,322","","","","","ro","1.1","","","","","","https://eghiseul.ro/servicii/rovinieta-online/","2026-09-09 09:12:21"
"https://eghiseul.ro/calculator/concediu-medical/","text/html; charset=utf-8","200","OK","Indexable","","Calculator Concediu Medical 2026 — Indemnizație | eGhiseul.ro","61","561","Calculează indemnizația de concediu medical 2026: procentul pe tip de concediu, baza de calcul și prima zi neplătită.","117","714","cazier judiciar online,cazier fiscal,certificat constatator,extras carte funciară,certificat de integritate comportamentală,documente online,acte online România","160","Calculator Concediu Medical 2026","32","Cum se calculează indemnizația de concediu medical","50","Procentele în 2026","18","index, follow","index, follow, max-video-preview:-1, max-image-preview:large, max-snippet:-1","","","https://eghiseul.ro/calculator/concediu-medical/","","","","","","218598","37080","37080","5,495","","1606","246","6,528","57,295","Fairly Hard","5,853","1","2","","237","232","0","99,570","87","54","0","4","3","0","","","","","766e2f62082b864fc4f3fac463c00166","0,108","","","","","ro","1.1","","","","","","https://eghiseul.ro/calculator/concediu-medical/","2026-09-09 09:12:21"
"https://eghiseul.ro/_next/image/?url=%2Fimages%2Fspecimens%2Fextras-multilingv-nastere.webp&w=3840&q=75","image/jpeg","200","OK","Indexable","","","0","0","","0","0","","0","","0","","0","","0","","","","","","","","","","","85106","85106","85106","12,613","","0","","","","","0,000","1","2","","0","0","0","0,000","0","0","0","0","0","0","","","","","","0,240","Tue, 08 Sep 2026 09:18:29 GMT","","","","","1.1","","","","","","https://eghiseul.ro/_next/image/?url=%2Fimages%2Fspecimens%2Fextras-multilingv-nastere.webp&w=3840&q=75","2026-09-09 09:12:21"
"https://eghiseul.ro/_next/image/?url=%2Fimages%2Fde-ce-eghiseul.webp&w=1920&q=75","image/webp","200","OK","Indexable","","","0","0","","0","0","","0","","0","","0","","0","","","","","","","","","","","52426","52426","52426","7,770","","0","","","","","0,000","1","2","","0","0","0","0,000","0","0","0","0","0","0","","","","","","0,219","Tue, 08 Sep 2026 19:36:41 GMT","","","","","1.1","","","","","","https://eghiseul.ro/_next/image/?url=%2Fimages%2Fde-ce-eghiseul.webp&w=1920&q=75","2026-09-09 09:12:21"
"https://eghiseul.ro/_next/image/?url=%2Fimages%2Fspecimens%2Fcertificat-celibat.webp&w=3840&q=75","image/jpeg","200","OK","Indexable","","","0","0","","0","0","","0","","0","","0","","0","","","","","","","","","","","40714","40714","40714","6,034","","0","","","","","0,000","1","2","","0","0","0","0,000","0","0","0","0","0","0","","","","","","0,170","Tue, 08 Sep 2026 20:28:07 GMT","","","","","1.1","","","","","","https://eghiseul.ro/_next/image/?url=%2Fimages%2Fspecimens%2Fcertificat-celibat.webp&w=3840&q=75","2026-09-09 09:12:21"
"https://eghiseul.ro/_next/image/?url=%2Fimages%2Fspecimens%2Fcazier-judiciar.png&w=3840&q=75","image/png","200","OK","Indexable","","","0","0","","0","0","","0","","0","","0","","0","","","","","","","","","","","200776","200776","200776","29,755","","0","","","","","0,000","1","2","","0","0","0","0,000","0","0","0","0","0","0","","","","","","0,345","Sat, 08 Aug 2026 09:47:08 GMT","","","","","1.1","","","","","","https://eghiseul.ro/_next/image/?url=%2Fimages%2Fspecimens%2Fcazier-judiciar.png&w=3840&q=75","2026-09-09 09:12:21"
"https://eghiseul.ro/servicii/actualizare-adresa-cf/","text/html; charset=utf-8","200","OK","Indexable","","Actualizare Adresă în Cartea Funciară (OCPI/ANCPI) | eGhiseul.ro","64","583","Actualizăm adresa imobilului în cartea funciară prin cerere la OCPI: aliniem adresa din CF cu nomenclatorul stradal actual după renumerotări, redenumiri de străzi sau atribuirea unui număr poștal nou. Taxe OCPI incluse, 100% online, fără cont ANCPI. Primești extrasul de carte funciară cu adresa corectată, pe email.","316","1936","cazier judiciar online,cazier fiscal,certificat constatator,extras carte funciară,certificat de integritate comportamentală,documente online,acte online România","160","Actualizare Adresă în Cartea Funciară","37","Ce înseamnă actualizarea adresei în cartea funciară","51","Ce date ne trebuie pentru actualizarea adresei","46","index, follow","index, follow, max-video-preview:-1, max-image-preview:large, max-snippet:-1","","","https://eghiseul.ro/servicii/actualizare-adresa-cf/","","","","","","516413","58719","58719","8,702","","2283","429","5,322","47,686","Hard","3,390","1","2","","236","232","0","99,570","92","54","0","7","5","0","","","","","4ebcb9d308ed74e5767abdd30502e770","0,146","","","","","ro","1.1","","","","","","https://eghiseul.ro/servicii/actualizare-adresa-cf/","2026-09-09 09:12:21"
"https://eghiseul.ro/_next/static/chunks/turbopack-a959610bdf822cb2.js?dpl=dpl_67tH8DnrrsjBhYi55ERePfEYAbMi","application/javascript; charset=utf-8","200","OK","Indexable","","","0","0","","0","0","","0","","0","","0","","0","","","","","","","","","","","0","0","0","0,000","","0","","","","","0,000","1","3","","0","0","0","0,000","0","0","0","0","0","0","","","","","","0,196","Wed, 09 Sep 2026 05:49:57 GMT","","","","","1.1","","","","","","https://eghiseul.ro/_next/static/chunks/turbopack-a959610bdf822cb2.js?dpl=dpl_67tH8DnrrsjBhYi55ERePfEYAbMi","2026-09-09 09:12:21"
"https://eghiseul.ro/servicii/eliberare-certificat-de-celibat/","text/html; charset=utf-8","200","OK","Indexable","","Certificat de Celibat Online România — Rapid, de la Starea Civilă | eGhiseul.ro","79","686","Certificat de celibat online de la Starea Civilă, 698 RON cu taxele incluse, fără drum la ghișeu. Pentru căsătorie în străinătate, cetățenie sau altă localitate. Email + curier.","177","1029","cazier judiciar online,cazier fiscal,certificat constatator,extras carte funciară,certificat de integritate comportamentală,documente online,acte online România","160","Certificat de Celibat Online","28","Ce este Certificatul de Celibat","31","Când Ai Nevoie de Certificat de Celibat?","40","index, follow","index, follow, max-video-preview:-1, max-image-preview:large, max-snippet:-1","","","https://eghiseul.ro/servicii/eliberare-certificat-de-celibat/","","","","","","532783","61437","61437","9,105","","2494","466","5,352","46,450","Hard","3,466","1","2","","489","232","0","99,570","87","54","0","7","5","0","","","","","a6932a07f2a196302926a0d3be312543","0,184","","","","","ro","1.1","","","","","","https://eghiseul.ro/servicii/eliberare-certificat-de-celibat/","2026-09-09 09:12:21"
"https://eghiseul.ro/tools/verificare-rovinieta-online/","text/html; charset=utf-8","200","OK","Indexable","","Verificare Rovinietă Online — Gratuit, După Număr | eGhiseul.ro","63","562","Verifică gratuit valabilitatea rovinietei online, după numărul de înmatriculare, fără serie de șasiu. Afli instant dacă mașina are rovinietă validă și până când expiră.","168","988","cazier judiciar online,cazier fiscal,certificat constatator,extras carte funciară,certificat de integritate comportamentală,documente online,acte online România","160","Verificare Rovinietă Online","27","Cum verifici rovinieta","22","Valabilitate rovinietă","22","index, follow","index, follow, max-video-preview:-1, max-image-preview:large, max-snippet:-1","","","https://eghiseul.ro/tools/verificare-rovinieta-online/","","","","","","200413","33672","33672","4,990","","920","152","6,053","47,400","Hard","4,292","1","2","","239","232","0","99,570","88","54","0","4","3","0","","","","","628a4d8bc25bc5afe5b961624093b899","0,137","","","","","ro","1.1","","","","","","https://eghiseul.ro/tools/verificare-rovinieta-online/","2026-09-09 09:12:21"
"https://eghiseul.ro/servicii/eliberare-certificat-de-nastere/","text/html; charset=utf-8","200","OK","Indexable","","Certificat de Naștere Online — Duplicat de la Starea Civilă | eGhiseul.ro","73","629","Duplicat certificat de naștere online de la Starea Civilă, 998 RON, fără deplasare. Pentru act pierdut, din altă localitate sau diaspora. Email + curier.","153","896","cazier judiciar online,cazier fiscal,certificat constatator,extras carte funciară,certificat de integritate comportamentală,documente online,acte online România","160","Duplicat Certificat de Naștere de la Starea Civilă, Online","58","Certificat de Naștere — Duplicat sau Copie Legalizată Online","60","Când Ai Nevoie de Certificat de Naștere?","40","index, follow","index, follow, max-video-preview:-1, max-image-preview:large, max-snippet:-1","","","https://eghiseul.ro/servicii/eliberare-certificat-de-nastere/","","","","","","562427","66364","66364","9,835","","3047","546","5,581","43,132","Hard","3,951","1","2","","515","232","0","99,570","95","59","0","8","6","0","","","","","e815bce98d1d2737f9b0c6ac799993b0","0,063","","","","","ro","1.1","","","","","","https://eghiseul.ro/servicii/eliberare-certificat-de-nastere/","2026-09-09 09:12:22"
"https://eghiseul.ro/politica-de-confidentialitate/","text/html; charset=utf-8","200","OK","Indexable","","Politica de Confidențialitate | eGhiseul.ro","43","364","Cum colectează, folosește și protejează eGhișeul.ro (eDigitalizare SRL) datele tale personale: date colectate, scop, temei legal, destinatari și persoane împuternicite, durata stocării și drepturile tale GDPR.","209","1240","cazier judiciar online,cazier fiscal,certificat constatator,extras carte funciară,certificat de integritate comportamentală,documente online,acte online România","160","Politica de Confidențialitate","29","1. Operatorul de date","21","2. Ce date colectăm","19","index, follow","index, follow, max-video-preview:-1, max-image-preview:large, max-snippet:-1","","","https://eghiseul.ro/politica-de-confidentialitate/","","","","","","158966","29880","29880","4,428","","1232","237","5,198","34,625","Hard","7,042","1","1","","238","232","0","99,570","82","53","0","5","4","0","","","","","f41ff84618d772a3730483c5fc1853c7","0,136","","","","","ro","1.1","","","","","","https://eghiseul.ro/politica-de-confidentialitate/","2026-09-09 09:12:22"
"https://eghiseul.ro/servicii/identificare-imobile-proprietar/","text/html; charset=utf-8","200","OK","Indexable","","Identificare Imobile după Proprietar — Lista Bunurilor | eGhiseul.ro","68","587","Identificăm imobilele înscrise pe numele unei persoane (fizice sau juridice) în evidențele de cadastru și carte funciară, după nume și localitate. 198 RON, taxe OCPI incluse, livrare pe email.","192","1138","cazier judiciar online,cazier fiscal,certificat constatator,extras carte funciară,certificat de integritate comportamentală,documente online,acte online România","160","Identificare Imobile după Proprietar","36","Ce înseamnă identificarea imobilelor după proprietar","52","Ce date ne dai pentru căutarea după proprietar","46","index, follow","index, follow, max-video-preview:-1, max-image-preview:large, max-snippet:-1","","","https://eghiseul.ro/servicii/identificare-imobile-proprietar/","","","","","","521213","59496","59496","8,817","","2306","442","5,217","41,805","Hard","3,466","1","2","","236","232","0","99,570","90","55","0","7","5","0","","","","","1697cfaac984c10f72702e0d3d2e4cfd","0,051","","","","","ro","1.1","","","","","","https://eghiseul.ro/servicii/identificare-imobile-proprietar/","2026-09-09 09:12:22"
"https://eghiseul.ro/_next/static/chunks/d80b3790a119a285.js?dpl=dpl_67tH8DnrrsjBhYi55ERePfEYAbMi","application/javascript; charset=utf-8","200","OK","Indexable","","","0","0","","0","0","","0","","0","","0","","0","","","","","","","","","","","0","0","0","0,000","","0","","","","","0,000","1","3","","0","0","0","0,000","0","0","0","0","0","0","","","","","","0,037","Wed, 09 Sep 2026 05:49:57 GMT","","","","","1.1","","","","","","https://eghiseul.ro/_next/static/chunks/d80b3790a119a285.js?dpl=dpl_67tH8DnrrsjBhYi55ERePfEYAbMi","2026-09-09 09:12:22"
"https://eghiseul.ro/contact/","text/html; charset=utf-8","200","OK","Indexable","","Contact — eGhișeul.ro | eGhiseul.ro","35","313","Contactează eGhișeul.ro: telefon +40 757 708 181, email contact@eghiseul.ro. Asistență pentru cazier, carte funciară, certificat constatator și alte documente online.","166","1018","cazier judiciar online,cazier fiscal,certificat constatator,extras carte funciară,certificat de integritate comportamentală,documente online,acte online România","160","Contact","7","Telefon","7","Email","5","index, follow","index, follow, max-video-preview:-1, max-image-preview:large, max-snippet:-1","","","https://eghiseul.ro/contact/","","","","","","158548","24175","24175","3,583","","236","68","3,471","69,601","Normal","2,544","1","1","","465","232","0","99,570","84","53","0","5","4","0","","","","","c663b347f45e551f18af19ec05ee8f54","0,146","","","","","ro","1.1","","","","","","https://eghiseul.ro/contact/","2026-09-09 09:12:22"
"https://eghiseul.ro/servicii/cazier-auto-online/","text/html; charset=utf-8","200","OK","Indexable","","Cazier Auto Online — Istoricul Sancțiunilor Rutiere, fără Drumuri | eGhiseul.ro","79","681","Obții cazierul auto (fișa de evidență a conducătorului auto) online: sancțiuni rutiere, puncte de penalizare, suspendări. Necesar pentru atestat profesional și angajare ca șofer.","178","1068","cazier judiciar online,cazier fiscal,certificat constatator,extras carte funciară,certificat de integritate comportamentală,documente online,acte online România","160","Cazier Auto Online Istoricul Sancțiunilor Rutiere","49","Ce este Cazierul Auto și ce conține","35","Ce conține cazierul auto","24","index, follow","index, follow, max-video-preview:-1, max-image-preview:large, max-snippet:-1","","","https://eghiseul.ro/servicii/cazier-auto-online/","","","","","","566928","66048","66048","9,788","","3040","549","5,537","43,118","Hard","3,903","1","2","","526","232","0","99,570","89","55","0","7","5","0","","","","","485b127449bac5e39a0062519ead954e","0,051","","","","","ro","1.1","","","","","","https://eghiseul.ro/servicii/cazier-auto-online/","2026-09-09 09:12:22"
"https://eghiseul.ro/calculator/varsta-pensionare/","text/html; charset=utf-8","200","OK","Indexable","","Calculator Vârstă de Pensionare 2026 — Când Ies la Pensie | eGhiseul.ro","71","643","Află vârsta standard de pensionare și data ieșirii la pensie în funcție de sex și data nașterii, conform Anexei 5 din Legea 360/2023.","133","796","cazier judiciar online,cazier fiscal,certificat constatator,extras carte funciară,certificat de integritate comportamentală,documente online,acte online România","160","Calculator Vârstă de Pensionare","31","Cum se stabilește vârsta de pensionare","38","Egalizarea la 65 de ani","23","index, follow","index, follow, max-video-preview:-1, max-image-preview:large, max-snippet:-1","","","https://eghiseul.ro/calculator/varsta-pensionare/","","","","","","203586","34141","34141","5,060","","1240","175","7,086","68,377","Normal","5,057","1","2","","238","232","0","99,570","90","55","0","4","3","0","","","","","537898dd4986ae02e4da6a2d46234a05","0,183","","","","","ro","1.1","","","","","","https://eghiseul.ro/calculator/varsta-pensionare/","2026-09-09 09:12:21"
"https://eghiseul.ro/servicii/extras-plan-cadastral/","text/html; charset=utf-8","200","OK","Indexable","","Extras de Plan Cadastral pe Ortofotoplan ANCPI | eGhiseul.ro","60","543","Extras de plan cadastral pe ortofotoplan ANCPI — vezi imobilul pe harta cadastrală după numărul cadastral sau de carte funciară. Taxe incluse, 100% online, livrare pe email, fără cont ANCPI.","190","1169","cazier judiciar online,cazier fiscal,certificat constatator,extras carte funciară,certificat de integritate comportamentală,documente online,acte online România","160","Extras de Plan Cadastral pe Ortofotoplan","40","Ce este extrasul de plan cadastral și la ce folosește","53","Cum identifici imobilul pentru planul cadastral","47","index, follow","index, follow, max-video-preview:-1, max-image-preview:large, max-snippet:-1","","","https://eghiseul.ro/servicii/extras-plan-cadastral/","","","","","","527534","59059","59059","8,753","","2163","432","5,007","41,236","Hard","3,256","1","2","","479","232","0","99,570","95","58","0","7","5","0","","","","","c9cdd8246aa6446ea837749d2ec7e91c","0,057","","","","","ro","1.1","","","","","","https://eghiseul.ro/servicii/extras-plan-cadastral/","2026-09-09 09:12:22"
"https://eghiseul.ro/calculator/valabilitate-documente/","text/html; charset=utf-8","200","OK","Indexable","","Mai E Valabil Documentul Meu? Verificare Valabilitate Cazier, Extras CF, Constatator | eGhiseul.ro","98","867","Verifică pe loc dacă documentul tău mai e valabil: cazier judiciar (6 luni), cazier fiscal (30 zile), extras CF, certificat constatator, certificat de integritate. Alegi documentul, pui data eliberării, afli până când e bun.","224","1278","cazier judiciar online,cazier fiscal,certificat constatator,extras carte funciară,certificat de integritate comportamentală,documente online,acte online România","160","Mai e valabil documentul meu?","29","Valabilitatea documentelor oficiale, pe scurt","45","De ce contează data exactă","26","index, follow","index, follow, max-video-preview:-1, max-image-preview:large, max-snippet:-1","","","https://eghiseul.ro/calculator/valabilitate-documente/","","","","","","198791","31679","31679","4,695","","768","118","6,508","56,475","Fairly Hard","3,836","1","2","","241","232","0","99,570","92","53","0","4","3","0","","","","","f3a519e051b6da1fbc5b310f15e81966","0,071","","","","","ro","1.1","","","","","","https://eghiseul.ro/calculator/valabilitate-documente/","2026-09-09 09:12:22"
"https://eghiseul.ro/suspendare-activitate-firma-ghid/","text/html; charset=utf-8","200","OK","Indexable","","Suspendarea activității firmei: procedură, acte și ce obligații rămân (2026) | eGhiseul.ro","90","775","Ghid suspendare activitate SRL/PFA în 2026: pașii la ONRC și ANAF, durata maximă de 3 ani, ce obligații fiscale rămân în suspendare și cum se face reluarea activității.","168","1026","cazier judiciar online,cazier fiscal,certificat constatator,extras carte funciară,certificat de integritate comportamentală,documente online,acte online România","160","Suspendarea activității firmei: procedură, acte și ce obligații rămân (2026)","76","Pasul 1: mențiunea la Registrul Comerțului","42","Pasul 2, cel uitat: inactivitatea temporară la ANAF","51","index, follow","index, follow, max-video-preview:-1, max-image-preview:large, max-snippet:-1","","","https://eghiseul.ro/suspendare-activitate-firma-ghid/","","","","","","182514","31881","31881","4,725","","750","124","6,048","41,648","Hard","4,155","1","1","","8","7","0","3,000","88","57","0","4","3","0","","","","","290c6cdacb8620dbe127d1e880bff655","0,059","","","","","ro","1.1","","","","","","https://eghiseul.ro/suspendare-activitate-firma-ghid/","2026-09-09 09:12:22"
"https://eghiseul.ro/servicii/extras-multilingv-certificat-nastere/","text/html; charset=utf-8","200","OK","Indexable","","Extras Multilingv Certificat de Naștere 2026 — pentru UE, Fără Traducere | eGhiseul.ro","86","762","Extrasul multilingv de pe certificatul de naștere (formular standard UE) e recunoscut în Uniunea Europeană fără traducere și fără apostilă. 798 RON totul inclus, fără deplasare.","177","1077","cazier judiciar online,cazier fiscal,certificat constatator,extras carte funciară,certificat de integritate comportamentală,documente online,acte online România","160","Extras Multilingv Certificat de Naștere — pentru UE","51","Extras Multilingv de pe Certificatul de Naștere — Online","56","Când Ai Nevoie de Extrasul Multilingv?","38","index, follow","index, follow, max-video-preview:-1, max-image-preview:large, max-snippet:-1","","","https://eghiseul.ro/servicii/extras-multilingv-certificat-nastere/","","","","","","527676","61635","61635","9,134","","2522","467","5,400","46,242","Hard","3,588","1","2","","478","232","0","99,570","91","56","0","7","5","0","","","","","fdf0a487090710b82ba2726819f2e8c3","0,098","","","","","ro","1.1","","","","","","https://eghiseul.ro/servicii/extras-multilingv-certificat-nastere/","2026-09-09 09:12:22"
"https://eghiseul.ro/blog/","text/html; charset=utf-8","200","OK","Indexable","","Blog — Informații utile despre documente | eGhiseul.ro","54","484","Ghiduri și articole despre acte din România: carte funciară, cadastru, cazier judiciar, certificate de stare civilă, ONRC, pensii și rovinietă. Explicații clare, pas cu pas.","173","992","cazier judiciar online,cazier fiscal,certificat constatator,extras carte funciară,certificat de integritate comportamentală,documente online,acte online România","160","Blog eGhișeul","13","Apostila de la Haga: pe ce acte se aplică, unde o obții și cât costă","68","","0","index, follow","index, follow, max-video-preview:-1, max-image-preview:large, max-snippet:-1","","","https://eghiseul.ro/blog/","","","","","","431896","42038","42038","6,230","","1953","394","4,957","57,642","Fairly Hard","3,467","1","1","","466","232","0","99,570","138","110","0","4","3","0","","","","","55f4a49fd8a9c7d384adcaae1517e3c3","0,059","","","","","ro","1.1","","","","","","https://eghiseul.ro/blog/","2026-09-09 09:12:22"
"https://eghiseul.ro/_next/static/chunks/f727faa480179784.js?dpl=dpl_67tH8DnrrsjBhYi55ERePfEYAbMi","application/javascript; charset=utf-8","200","OK","Indexable","","","0","0","","0","0","","0","","0","","0","","0","","","","","","","","","","","0","0","0","0,000","","0","","","","","0,000","1","3","","0","0","0","0,000","0","0","0","0","0","0","","","","","","0,050","Wed, 09 Sep 2026 05:49:57 GMT","","","","","1.1","","","","","","https://eghiseul.ro/_next/static/chunks/f727faa480179784.js?dpl=dpl_67tH8DnrrsjBhYi55ERePfEYAbMi","2026-09-09 09:12:22"
"https://eghiseul.ro/servicii/cazier-judiciar-online/persoana-juridica/","text/html; charset=utf-8","200","OK","Indexable","","Cazier Judiciar Firmă (Persoană Juridică) Online — 198 RON | eGhiseul.ro","72","652","Cazier judiciar pentru firmă (persoană juridică) 100% online — necesar la licitații publice SEAP, contracte cu statul și fonduri europene. 198 RON, livrare în 3-5 zile. Auto-completare CUI de la ONRC.","200","1196","cazier judiciar online,cazier fiscal,certificat constatator,extras carte funciară,certificat de integritate comportamentală,documente online,acte online România","160","Cazier Judiciar Online Persoană Juridică / Firmă","48","Cazier Judiciar pentru Firmă (Persoană Juridică) — Online","57","Tipuri de Entități Acceptate","28","index, follow","index, follow, max-video-preview:-1, max-image-preview:large, max-snippet:-1","","","https://eghiseul.ro/servicii/cazier-judiciar-online/persoana-juridica/","","","","","","563729","62221","62221","9,221","","2235","490","4,561","45,232","Hard","3,025","1","3","","515","232","0","99,570","89","54","0","7","5","0","","","","","e92647617059c097791e67727e94ed2c","0,067","","","","","ro","1.1","","","","","","https://eghiseul.ro/servicii/cazier-judiciar-online/persoana-juridica/","2026-09-09 09:12:22"
"https://eghiseul.ro/images/footer/anpc-sal.svg","image/svg+xml","200","OK","Indexable","","","0","0","","0","0","","0","","0","","0","","0","","","","","","","","","","","0","0","0","0,000","","0","","","","","0,000","1","2","","0","0","0","0,000","0","0","0","0","0","0","","","","","","0,117","Wed, 09 Sep 2026 05:54:25 GMT","","","","","1.1","","","","","","https://eghiseul.ro/images/footer/anpc-sal.svg","2026-09-09 09:12:22"
"https://eghiseul.ro/_next/image/?url=%2Fimages%2Fspecimens%2Frovinieta.webp&w=3840&q=75","image/jpeg","200","OK","Indexable","","","0","0","","0","0","","0","","0","","0","","0","","","","","","","","","","","37148","37148","37148","5,505","","0","","","","","0,000","1","2","","0","0","0","0,000","0","0","0","0","0","0","","","","","","0,244","Tue, 08 Sep 2026 09:38:14 GMT","","","","","1.1","","","","","","https://eghiseul.ro/_next/image/?url=%2Fimages%2Fspecimens%2Frovinieta.webp&w=3840&q=75","2026-09-09 09:12:22"
"https://eghiseul.ro/servicii/certificat-de-integritate-comportamentala/","text/html; charset=utf-8","200","OK","Indexable","","Certificat Integritate Comportamentală Online IGPR | eGhiseul.ro","64","576","Obții certificatul de integritate comportamentală online, fără drum la Poliție. Taxe IGPR incluse, livrare pe email în zile lucrătoare. Comandă acum.","149","891","cazier judiciar online,cazier fiscal,certificat constatator,extras carte funciară,certificat de integritate comportamentală,documente online,acte online România","160","Certificat de Integritate Comportamentală Online","48","Ce este Certificatul de Integritate Comportamentală","51","Când Ai Nevoie de Certificat de Integritate Comportamentală?","60","index, follow","index, follow, max-video-preview:-1, max-image-preview:large, max-snippet:-1","","","https://eghiseul.ro/servicii/certificat-de-integritate-comportamentala/","","","","","","553196","64525","64525","9,563","","2633","513","5,133","35,960","Hard","3,635","1","2","","526","232","0","99,570","88","56","0","7","5","0","","","","","5ca0291aae2c2987e3f927baeaa1c79d","0,128","","","","","ro","1.1","","","","","","https://eghiseul.ro/servicii/certificat-de-integritate-comportamentala/","2026-09-09 09:12:22"
"https://eghiseul.ro/_next/image/?url=%2Fimages%2Fspecimens%2Fcertificat-casatorie.webp&w=3840&q=75","image/jpeg","200","OK","Indexable","","","0","0","","0","0","","0","","0","","0","","0","","","","","","","","","","","84268","84268","84268","12,489","","0","","","","","0,000","1","2","","0","0","0","0,000","0","0","0","0","0","0","","","","","","0,219","Tue, 08 Sep 2026 10:36:11 GMT","","","","","1.1","","","","","","https://eghiseul.ro/_next/image/?url=%2Fimages%2Fspecimens%2Fcertificat-casatorie.webp&w=3840&q=75","2026-09-09 09:12:22"
"https://eghiseul.ro/_next/image/?url=%2Fimages%2Farticole%2Fcazier-judiciar-online-gratuit.webp&w=3840&q=75","image/jpeg","200","OK","Indexable","","","0","0","","0","0","","0","","0","","0","","0","","","","","","","","","","","55627","55627","55627","8,244","","0","","","","","0,000","2","2","","0","0","0","0,000","0","0","0","0","0","0","","","","","","0,175","Thu, 27 Aug 2026 08:16:20 GMT","","","","","1.1","","","","","","https://eghiseul.ro/_next/image/?url=%2Fimages%2Farticole%2Fcazier-judiciar-online-gratuit.webp&w=3840&q=75","2026-09-09 09:12:22"
"https://eghiseul.ro/_next/image/?url=%2Fimages%2Farticole%2Fsms-fals-amenda-ghiseul-ro.webp&w=3840&q=75","image/webp","200","OK","Indexable","","","0","0","","0","0","","0","","0","","0","","0","","","","","","","","","","","88796","88796","88796","13,160","","0","","","","","0,000","2","2","","0","0","0","0,000","0","0","0","0","0","0","","","","","","0,282","Tue, 18 Aug 2026 11:42:19 GMT","","","","","1.1","","","","","","https://eghiseul.ro/_next/image/?url=%2Fimages%2Farticole%2Fsms-fals-amenda-ghiseul-ro.webp&w=3840&q=75","2026-09-09 09:12:22"
"https://eghiseul.ro/totul-despre-cartea-funciara-colectiva/","text/html; charset=utf-8","200","OK","Indexable","","Cartea funciară colectivă: ce este, ce conține și cum obții extrasul | eGhiseul.ro","82","700","Cartea funciară colectivă descrie blocul întreg: terenul, construcția și cotele fiecărui apartament din părțile comune. Ce găsești în părțile A, B și C, când ți se cere și cum obții extrasul.","191","1106","cazier judiciar online,cazier fiscal,certificat constatator,extras carte funciară,certificat de integritate comportamentală,documente online,acte online România","160","Cartea funciară colectivă: ce este, ce conține și cum obții extrasul","68","Ce este cartea funciară?","24","Cum apare cartea funciară colectivă","35","index, follow","index, follow, max-video-preview:-1, max-image-preview:large, max-snippet:-1","","","https://eghiseul.ro/totul-despre-cartea-funciara-colectiva/","","","","","","188869","32933","32933","4,881","","1013","168","6,030","51,558","Fairly Hard","4,840","2","1","","4","4","0","1,720","87","56","0","4","3","0","","","","","460a29c912be42790b03b0798b69d629","0,116","","","","","ro","1.1","","","","","","https://eghiseul.ro/totul-despre-cartea-funciara-colectiva/","2026-09-09 09:12:22"
"https://eghiseul.ro/_next/image/?url=%2Fimages%2Farticole%2Fcazier-fiscal-firma.webp&w=3840&q=75","image/webp","200","OK","Indexable","","","0","0","","0","0","","0","","0","","0","","0","","","","","","","","","","","41324","41324","41324","6,124","","0","","","","","0,000","2","2","","0","0","0","0,000","0","0","0","0","0","0","","","","","","0,357","Fri, 07 Aug 2026 10:13:16 GMT","","","","","1.1","","","","","","https://eghiseul.ro/_next/image/?url=%2Fimages%2Farticole%2Fcazier-fiscal-firma.webp&w=3840&q=75","2026-09-09 09:12:22"
"https://eghiseul.ro/_next/image/?url=%2Fimages%2Farticole%2Feliberare-certificat-constatator-onrc-ghid.webp&w=3840&q=75","image/webp","200","OK","Indexable","","","0","0","","0","0","","0","","0","","0","","0","","","","","","","","","","","51224","51224","51224","7,591","","0","","","","","0,000","2","2","","0","0","0","0,000","0","0","0","0","0","0","","","","","","0,520","Tue, 08 Sep 2026 21:37:17 GMT","","","","","1.1","","","","","","https://eghiseul.ro/_next/image/?url=%2Fimages%2Farticole%2Feliberare-certificat-constatator-onrc-ghid.webp&w=3840&q=75","2026-09-09 09:12:22"
"https://eghiseul.ro/_next/image/?url=%2Fimages%2Farticole%2Fcertificat-de-nastere-din-strainatate.webp&w=3840&q=75","image/jpeg","200","OK","Indexable","","","0","0","","0","0","","0","","0","","0","","0","","","","","","","","","","","66533","66533","66533","9,860","","0","","","","","0,000","2","2","","0","0","0","0,000","0","0","0","0","0","0","","","","","","0,268","Thu, 27 Aug 2026 08:16:06 GMT","","","","","1.1","","","","","","https://eghiseul.ro/_next/image/?url=%2Fimages%2Farticole%2Fcertificat-de-nastere-din-strainatate.webp&w=3840&q=75","2026-09-09 09:12:22"
"https://eghiseul.ro/_next/image/?url=%2Fimages%2Farticole%2Fcazier-fiscal-fara-spv.webp&w=3840&q=75","image/webp","200","OK","Indexable","","","0","0","","0","0","","0","","0","","0","","0","","","","","","","","","","","38666","38666","38666","5,730","","0","","","","","0,000","2","2","","0","0","0","0,000","0","0","0","0","0","0","","","","","","0,241","Fri, 07 Aug 2026 10:14:58 GMT","","","","","1.1","","","","","","https://eghiseul.ro/_next/image/?url=%2Fimages%2Farticole%2Fcazier-fiscal-fara-spv.webp&w=3840&q=75","2026-09-09 09:12:22"
"https://eghiseul.ro/inregistrare-nastere-copil-nou-nascut/","text/html; charset=utf-8","200","OK","Indexable","","Înregistrarea Nașterii Copilului: Termen, Acte și Primul Certificat | eGhiseul.ro","81","689","Cum înregistrezi nașterea copilului nou-născut: termenul legal de 30 de zile, actele necesare, CNP-ul și primul certificat de naștere, care este gratuit. Ghid pas cu pas.","170","1006","cazier judiciar online,cazier fiscal,certificat constatator,extras carte funciară,certificat de integritate comportamentală,documente online,acte online România","160","Înregistrarea Nașterii Copilului: Termen, Acte și Primul Certificat","67","Ce înseamnă înregistrarea nașterii","34","Termenul legal: 30 de zile de la naștere","40","index, follow","index, follow, max-video-preview:-1, max-image-preview:large, max-snippet:-1","","","https://eghiseul.ro/inregistrare-nastere-copil-nou-nascut/","","","","","","193016","33759","33759","5,003","","1490","216","6,898","49,995","Hard","6,358","2","1","","4","4","0","1,720","93","58","0","4","3","0","","","","","e864a0e399425a4d93b5360fecee3f50","0,128","","","","","ro","1.1","","","","","","https://eghiseul.ro/inregistrare-nastere-copil-nou-nascut/","2026-09-09 09:12:23"
"https://eghiseul.ro/ghid-complet-certificat-de-integritate-comportamentala/","text/html; charset=utf-8","200","OK","Indexable","","Certificat de Integritate Comportamentală: Ghid Complet | eGhiseul.ro","69","624","Ce este certificatul de integritate comportamentală, în ce diferă de cazierul judiciar, cine are nevoie de el (inclusiv pentru lucrul cu minori) și cum îl obții online. Ghid complet + perioada de valabilitate.","209","1205","cazier judiciar online,cazier fiscal,certificat constatator,extras carte funciară,certificat de integritate comportamentală,documente online,acte online România","160","Certificat de Integritate Comportamentală: Ghid Complet","55","Ce este certificatul de integritate comportamentală?","52","Diferențele față de cazierul judiciar","37","index, follow","index, follow, max-video-preview:-1, max-image-preview:large, max-snippet:-1","","","https://eghiseul.ro/ghid-complet-certificat-de-integritate-comportamentala/","","","","","","187587","30815","30815","4,567","","717","121","5,926","21,237","Very Hard","4,131","2","1","","3","3","0","1,290","89","55","0","4","3","0","","","","","bffd9b07dad57e7383fdb5b4142cfc1b","0,139","","","","","ro","1.1","","","","","","https://eghiseul.ro/ghid-complet-certificat-de-integritate-comportamentala/","2026-09-09 09:12:23"
"https://eghiseul.ro/_next/image/?url=%2Fimages%2Farticole%2Fancpi-nu-functioneaza.webp&w=3840&q=75","image/webp","200","OK","Indexable","","","0","0","","0","0","","0","","0","","0","","0","","","","","","","","","","","51072","51072","51072","7,569","","0","","","","","0,000","2","2","","0","0","0","0,000","0","0","0","0","0","0","","","","","","0,352","Sat, 15 Aug 2026 07:32:14 GMT","","","","","1.1","","","","","","https://eghiseul.ro/_next/image/?url=%2Fimages%2Farticole%2Fancpi-nu-functioneaza.webp&w=3840&q=75","2026-09-09 09:12:22"
"https://eghiseul.ro/_next/image/?url=%2Fog%2Fservices%2Fextras-cf.png&w=3840&q=75","image/png","200","OK","Indexable","","","0","0","","0","0","","0","","0","","0","","0","","","","","","","","","","","35311","35311","35311","5,233","","0","","","","","0,000","2","2","","0","0","0","0,000","0","0","0","0","0","0","","","","","","0,222","Sat, 08 Aug 2026 15:46:39 GMT","","","","","1.1","","","","","","https://eghiseul.ro/_next/image/?url=%2Fog%2Fservices%2Fextras-cf.png&w=3840&q=75","2026-09-09 09:12:23"
"https://eghiseul.ro/verificare-proprietar-imobil/","text/html; charset=utf-8","200","OK","Indexable","","Cum afli cine e proprietarul unui imobil (după adresă sau CF) | eGhiseul.ro","75","656","Singura metodă oficială care îți arată numele proprietarului este extrasul de carte funciară, și îl poate cere oricine, legal. Cum verifici proprietarul unui apartament sau teren, chiar dacă ai doar adresa.","206","1215","cazier judiciar online,cazier fiscal,certificat constatator,extras carte funciară,certificat de integritate comportamentală,documente online,acte online România","160","Cum afli cine e proprietarul unui imobil (după adresă sau CF)","61","De ce ai verifica proprietarul","30","Metoda 1: știi numărul de carte funciară sau cel cadastral","58","index, follow","index, follow, max-video-preview:-1, max-image-preview:large, max-snippet:-1","","","https://eghiseul.ro/verificare-proprietar-imobil/","","","","","","203602","35513","35513","5,263","","1405","215","6,535","48,765","Hard","5,718","2","1","","3","3","0","1,290","92","59","0","4","3","0","","","","","63090cd2b1631a156ac81e0f93f8bd4f","0,106","","","","","ro","1.1","","","","","","https://eghiseul.ro/verificare-proprietar-imobil/","2026-09-09 09:12:23"
"https://eghiseul.ro/ce-este-un-releveu/","text/html; charset=utf-8","200","OK","Indexable","","Ce este un releveu și cum îl obții (apartament, casă) | eGhiseul.ro","67","580","Ce este un releveu, ce conține și cum îl obții pentru apartament sau casă. Diferența față de planul cadastral, cine face releveul și cât costă. Copie releveu din arhiva OCPI, livrată pe email.","192","1132","cazier judiciar online,cazier fiscal,certificat constatator,extras carte funciară,certificat de integritate comportamentală,documente online,acte online România","160","Ce este un releveu și cum îl obții (apartament, casă)","53","Ce este un releveu","18","Ce conține releveul unui apartament","35","index, follow","index, follow, max-video-preview:-1, max-image-preview:large, max-snippet:-1","","","https://eghiseul.ro/ce-este-un-releveu/","","","","","","188152","31037","31037","4,600","","727","121","6,008","40,148","Hard","3,903","2","1","","3","3","0","1,290","88","56","0","4","3","0","","","","","c88717b58b652e9b9a87dad6f4208fd9","0,214","","","","","ro","1.1","","","","","","https://eghiseul.ro/ce-este-un-releveu/","2026-09-09 09:12:23"
"https://eghiseul.ro/_next/image/?url=%2Fimages%2Farticole%2Fcum-vor-arata-documentele-de-stare-civila-2025.webp&w=3840&q=75","image/webp","200","OK","Indexable","","","0","0","","0","0","","0","","0","","0","","0","","","","","","","","","","","50246","50246","50246","7,446","","0","","","","","0,000","2","2","","0","0","0","0,000","0","0","0","0","0","0","","","","","","0,184","Fri, 07 Aug 2026 20:54:12 GMT","","","","","1.1","","","","","","https://eghiseul.ro/_next/image/?url=%2Fimages%2Farticole%2Fcum-vor-arata-documentele-de-stare-civila-2025.webp&w=3840&q=75","2026-09-09 09:12:23"
"https://eghiseul.ro/valabilitate-certificat-de-celibat/","text/html; charset=utf-8","200","OK","Indexable","","Valabilitate Certificat de Celibat: 6 Luni în România, 90 de Zile în Străinătate | eGhiseul.ro","94","792","Cât e valabil certificatul de celibat (Anexa 9): 6 luni în România și 90 de zile (3 luni) când îl prezinți în străinătate pentru căsătorie. Vezi de ce diferă și ce verifici.","173","967","cazier judiciar online,cazier fiscal,certificat constatator,extras carte funciară,certificat de integritate comportamentală,documente online,acte online România","160","Valabilitate Certificat de Celibat: 6 Luni în România, 90 de Zile în Străinătate","80","Ce este certificatul de celibat (Anexa 9)","41","Cele două valabilități, pe scurt","32","index, follow","index, follow, max-video-preview:-1, max-image-preview:large, max-snippet:-1","","","https://eghiseul.ro/valabilitate-certificat-de-celibat/","","","","","","203831","36075","36075","5,346","","1710","230","7,435","57,250","Fairly Hard","6,469","2","1","","2","2","0","0,860","90","55","0","4","3","0","","","","","133b012337164db85357b937649f5f37","0,096","","","","","ro","1.1","","","","","","https://eghiseul.ro/valabilitate-certificat-de-celibat/","2026-09-09 09:12:23"
"https://eghiseul.ro/_next/static/chunks/ec3c8b4278bbe5b3.js?dpl=dpl_67tH8DnrrsjBhYi55ERePfEYAbMi","application/javascript; charset=utf-8","200","OK","Indexable","","","0","0","","0","0","","0","","0","","0","","0","","","","","","","","","","","0","0","0","0,000","","0","","","","","0,000","2","3","","0","0","0","0,000","0","0","0","0","0","0","","","","","","0,035","Wed, 09 Sep 2026 05:54:22 GMT","","","","","1.1","","","","","","https://eghiseul.ro/_next/static/chunks/ec3c8b4278bbe5b3.js?dpl=dpl_67tH8DnrrsjBhYi55ERePfEYAbMi","2026-09-09 09:12:23"
"https://eghiseul.ro/_next/image/?url=%2Fimages%2Farticole%2Fvalabilitate-extras-de-carte-funciara.webp&w=3840&q=75","image/jpeg","200","OK","Indexable","","","0","0","","0","0","","0","","0","","0","","0","","","","","","","","","","","79337","79337","79337","11,758","","0","","","","","0,000","2","2","","0","0","0","0,000","0","0","0","0","0","0","","","","","","0,264","Fri, 07 Aug 2026 17:33:52 GMT","","","","","1.1","","","","","","https://eghiseul.ro/_next/image/?url=%2Fimages%2Farticole%2Fvalabilitate-extras-de-carte-funciara.webp&w=3840&q=75","2026-09-09 09:12:23"
"https://eghiseul.ro/_next/image/?url=%2Fimages%2Farticole%2Fcazier-judiciar-vs-certificat-integritate-comportamentala.webp&w=3840&q=75","image/webp","200","OK","Indexable","","","0","0","","0","0","","0","","0","","0","","0","","","","","","","","","","","49988","49988","49988","7,408","","0","","","","","0,000","2","2","","0","0","0","0,000","0","0","0","0","0","0","","","","","","0,221","Sat, 08 Aug 2026 09:53:03 GMT","","","","","1.1","","","","","","https://eghiseul.ro/_next/image/?url=%2Fimages%2Farticole%2Fcazier-judiciar-vs-certificat-integritate-comportamentala.webp&w=3840&q=75","2026-09-09 09:12:23"
"https://eghiseul.ro/calculator/reabilitare/","text/html; charset=utf-8","200","OK","Indexable","","Calculator Reabilitare Cazier — Când se Șterge Condamnarea | eGhiseul.ro","72","663","Află când se șterge condamnarea din cazier: termenele de reabilitare din Codul Penal (3, 4, 5 sau 7 ani), calculate din data executării.","136","810","cazier judiciar online,cazier fiscal,certificat constatator,extras carte funciară,certificat de integritate comportamentală,documente online,acte online România","160","Calculator Reabilitare Cazier Judiciar","38","Când se șterge cazierul judiciar prin reabilitare","49","Tabelul termenelor de reabilitare (Cod Penal art. 165-167)","58","index, follow","index, follow, max-video-preview:-1, max-image-preview:large, max-snippet:-1","","","https://eghiseul.ro/calculator/reabilitare/","","","","","","209916","35289","35289","5,230","","1406","214","6,570","44,806","Hard","5,702","2","2","","5","5","0","2,150","91","55","0","4","3","0","","","","","409ad498b2491626f330ac5728211cc6","0,168","","","","","ro","1.1","","","","","","https://eghiseul.ro/calculator/reabilitare/","2026-09-09 09:12:23"
"https://eghiseul.ro/_next/image/?url=%2Fimages%2Farticole%2Famenda-rovinieta-2025-tarife-plata-online-ghid-complet.webp&w=3840&q=75","image/jpeg","200","OK","Indexable","","","0","0","","0","0","","0","","0","","0","","0","","","","","","","","","","","113798","113798","113798","16,865","","0","","","","","0,000","2","2","","0","0","0","0,000","0","0","0","0","0","0","","","","","","0,325","Fri, 07 Aug 2026 18:19:13 GMT","","","","","1.1","","","","","","https://eghiseul.ro/_next/image/?url=%2Fimages%2Farticole%2Famenda-rovinieta-2025-tarife-plata-online-ghid-complet.webp&w=3840&q=75","2026-09-09 09:12:23"
"https://eghiseul.ro/calculator/taxa-judiciara-de-timbru/","text/html; charset=utf-8","200","OK","Indexable","","Calculator Taxă Judiciară de Timbru 2026 (OUG 80/2013) | eGhiseul.ro","68","627","Calculează taxa judiciară de timbru pe tranșe (OUG 80/2013) plus taxele fixe frecvente: divorț, apel, ordonanță președințială.","126","765","cazier judiciar online,cazier fiscal,certificat constatator,extras carte funciară,certificat de integritate comportamentală,documente online,acte online România","160","Calculator Taxă Judiciară de Timbru","35","Cum se calculează taxa judiciară de timbru","42","Exemplu de calcul pas cu pas","28","index, follow","index, follow, max-video-preview:-1, max-image-preview:large, max-snippet:-1","","","https://eghiseul.ro/calculator/taxa-judiciara-de-timbru/","","","","","","209769","35710","35710","5,292","","1540","294","5,238","69,454","Normal","5,798","2","2","","7","7","0","3,000","88","55","0","4","3","0","","","","","bf69d83c4189f3237a28195223719599","0,206","","","","","ro","1.1","","","","","","https://eghiseul.ro/calculator/taxa-judiciara-de-timbru/","2026-09-09 09:12:23"
"https://eghiseul.ro/calculator/contributii-pfa/","text/html; charset=utf-8","200","OK","Indexable","","Calculator Contribuții PFA 2026 (CAS, CASS, Impozit) | eGhiseul.ro","66","588","Calculează contribuțiile PFA pentru Declarația Unică 2026: CASS 10%, CAS 25% și impozit 10%, cu plafoanele pe salariul minim.","125","777","cazier judiciar online,cazier fiscal,certificat constatator,extras carte funciară,certificat de integritate comportamentală,documente online,acte online România","160","Calculator Contribuții PFA 2026","31","Cum se calculează contribuțiile PFA în 2026","43","Pragurile pe salariul minim (4.050 lei) în 2026","47","index, follow","index, follow, max-video-preview:-1, max-image-preview:large, max-snippet:-1","","","https://eghiseul.ro/calculator/contributii-pfa/","","","","","","213188","36030","36030","5,340","","1652","271","6,096","78,715","Fairly Easy","5,704","2","2","","10","10","0","4,290","88","55","0","4","3","0","","","","","bd39a0f0e96c0009a386e551b402fb58","0,098","","","","","ro","1.1","","","","","","https://eghiseul.ro/calculator/contributii-pfa/","2026-09-09 09:12:23"
"https://eghiseul.ro/_next/static/chunks/cd7e8acb3374f58e.js?dpl=dpl_67tH8DnrrsjBhYi55ERePfEYAbMi","application/javascript; charset=utf-8","200","OK","Indexable","","","0","0","","0","0","","0","","0","","0","","0","","","","","","","","","","","0","0","0","0,000","","0","","","","","0,000","2","3","","0","0","0","0,000","0","0","0","0","0","0","","","","","","0,034","Wed, 09 Sep 2026 05:54:26 GMT","","","","","1.1","","","","","","https://eghiseul.ro/_next/static/chunks/cd7e8acb3374f58e.js?dpl=dpl_67tH8DnrrsjBhYi55ERePfEYAbMi","2026-09-09 09:12:23"
"https://eghiseul.ro/comanda/cazier-fiscal/","","0","Blocked by robots.txt","Non-Indexable","Blocked by robots.txt","","0","0","","0","0","","0","","0","","0","","0","","","","","","","","","","","0","0","0","0,000","","0","","","","","0,000","2","2","","4","2","0","0,860","0","0","0","0","0","0","","","","","","","","","","","","None","","","","","","https://eghiseul.ro/comanda/cazier-fiscal/","2026-09-09 09:12:23"
"https://eghiseul.ro/_next/static/chunks/0167679e9fdecd4b.js?dpl=dpl_67tH8DnrrsjBhYi55ERePfEYAbMi","application/javascript; charset=utf-8","200","OK","Indexable","","","0","0","","0","0","","0","","0","","0","","0","","","","","","","","","","","0","0","0","0,000","","0","","","","","0,000","2","3","","0","0","0","0,000","0","0","0","0","0","0","","","","","","0,051","Wed, 09 Sep 2026 05:54:24 GMT","","","","","1.1","","","","","","https://eghiseul.ro/_next/static/chunks/0167679e9fdecd4b.js?dpl=dpl_67tH8DnrrsjBhYi55ERePfEYAbMi","2026-09-09 09:12:23"
"https://eghiseul.ro/calculator/impozit-chirie/","text/html; charset=utf-8","200","OK","Indexable","","Calculator Impozit pe Chirie 2026 — Venituri din Închiriere | eGhiseul.ro","73","628","Calculează impozitul pe chirie 2026: 10% pe venitul net (deducere 20%) plus CASS pe plafoane. Declarare prin Declarația Unică.","126","776","cazier judiciar online,cazier fiscal,certificat constatator,extras carte funciară,certificat de integritate comportamentală,documente online,acte online România","160","Calculator Impozit pe Chirie 2026","33","Cum se calculează impozitul pe chirie în 2026","45","Exemplu numeric: chirie de 2.500 lei/lună (termen lung)","55","index, follow","index, follow, max-video-preview:-1, max-image-preview:large, max-snippet:-1","","","https://eghiseul.ro/calculator/impozit-chirie/","","","","","","208578","35578","35578","5,273","","1360","226","6,018","60,639","Normal","5,388","2","2","","6","6","0","2,580","89","55","0","4","3","0","","","","","5512a045a6d159884131b718a909d31","0,119","","","","","ro","1.1","","","","","","https://eghiseul.ro/calculator/impozit-chirie/","2026-09-09 09:12:23"
"https://eghiseul.ro/calculator/taxe-srl/","text/html; charset=utf-8","200","OK","Indexable","","Calculator Taxe SRL 2026 — Micro 1%, Profit, Dividende | eGhiseul.ro","68","608","Calculează taxele unui SRL în 2026: impozit micro 1% sau profit 16%, plus impozit pe dividende 16% și CASS, și află câți bani rămân efectiv în mână.","148","902","cazier judiciar online,cazier fiscal,certificat constatator,extras carte funciară,certificat de integritate comportamentală,documente online,acte online România","160","Calculator Taxe SRL 2026","24","Cum se calculează taxele unui SRL","33","Micro 1% sau profit 16%?","24","index, follow","index, follow, max-video-preview:-1, max-image-preview:large, max-snippet:-1","","","https://eghiseul.ro/calculator/taxe-srl/","","","","","","200152","33645","33645","4,986","","1106","203","5,448","74,481","Fairly Easy","4,704","2","2","","4","4","0","1,720","89","55","0","4","3","0","","","","","4ec20028b3dff7bf40142b3aae72e830","0,047","","","","","ro","1.1","","","","","","https://eghiseul.ro/calculator/taxe-srl/","2026-09-09 09:12:23"
"https://eghiseul.ro/_next/static/chunks/96727358e4390373.js?dpl=dpl_67tH8DnrrsjBhYi55ERePfEYAbMi","application/javascript; charset=utf-8","200","OK","Indexable","","","0","0","","0","0","","0","","0","","0","","0","","","","","","","","","","","0","0","0","0,000","","0","","","","","0,000","2","3","","0","0","0","0,000","0","0","0","0","0","0","","","","","","0,033","Wed, 09 Sep 2026 05:54:26 GMT","","","","","1.1","","","","","","https://eghiseul.ro/_next/static/chunks/96727358e4390373.js?dpl=dpl_67tH8DnrrsjBhYi55ERePfEYAbMi","2026-09-09 09:12:23"
"https://eghiseul.ro/comanda/certificat-casatorie/","","0","Blocked by robots.txt","Non-Indexable","Blocked by robots.txt","","0","0","","0","0","","0","","0","","0","","0","","","","","","","","","","","0","0","0","0,000","","0","","","","","0,000","2","2","","4","2","0","0,860","0","0","0","0","0","0","","","","","","","","","","","","None","","","","","","https://eghiseul.ro/comanda/certificat-casatorie/","2026-09-09 09:12:23"
"https://eghiseul.ro/comanda/certificat-integritate/","","0","Blocked by robots.txt","Non-Indexable","Blocked by robots.txt","","0","0","","0","0","","0","","0","","0","","0","","","","","","","","","","","0","0","0","0,000","","0","","","","","0,000","2","2","","4","2","0","0,860","0","0","0","0","0","0","","","","","","","","","","","","None","","","","","","https://eghiseul.ro/comanda/certificat-integritate/","2026-09-09 09:12:23"
"https://eghiseul.ro/comanda/extras-carte-funciara/","","0","Blocked by robots.txt","Non-Indexable","Blocked by robots.txt","","0","0","","0","0","","0","","0","","0","","0","","","","","","","","","","","0","0","0","0,000","","0","","","","","0,000","2","2","","136","47","0","20,170","0","0","0","0","0","0","","","","","","","","","","","","None","","","","","","https://eghiseul.ro/comanda/extras-carte-funciara/","2026-09-09 09:12:23"
"https://eghiseul.ro/comanda/certificat-celibat/","","0","Blocked by robots.txt","Non-Indexable","Blocked by robots.txt","","0","0","","0","0","","0","","0","","0","","0","","","","","","","","","","","0","0","0","0,000","","0","","","","","0,000","2","2","","4","2","0","0,860","0","0","0","0","0","0","","","","","","","","","","","","None","","","","","","https://eghiseul.ro/comanda/certificat-celibat/","2026-09-09 09:12:23"
"https://eghiseul.ro/comanda/copie-carte-funciara/","","0","Blocked by robots.txt","Non-Indexable","Blocked by robots.txt","","0","0","","0","0","","0","","0","","0","","0","","","","","","","","","","","0","0","0","0,000","","0","","","","","0,000","2","2","","4","2","0","0,860","0","0","0","0","0","0","","","","","","","","","","","","None","","","","","","https://eghiseul.ro/comanda/copie-carte-funciara/","2026-09-09 09:12:23"
"https://eghiseul.ro/comanda/plan-amplasament-delimitare/","","0","Blocked by robots.txt","Non-Indexable","Blocked by robots.txt","","0","0","","0","0","","0","","0","","0","","0","","","","","","","","","","","0","0","0","0,000","","0","","","","","0,000","2","2","","4","2","0","0,860","0","0","0","0","0","0","","","","","","","","","","","","None","","","","","","https://eghiseul.ro/comanda/plan-amplasament-delimitare/","2026-09-09 09:12:23"
"https://eghiseul.ro/comanda/copie-releveu/","","0","Blocked by robots.txt","Non-Indexable","Blocked by robots.txt","","0","0","","0","0","","0","","0","","0","","0","","","","","","","","","","","0","0","0","0,000","","0","","","","","0,000","2","2","","4","2","0","0,860","0","0","0","0","0","0","","","","","","","","","","","","None","","","","","","https://eghiseul.ro/comanda/copie-releveu/","2026-09-09 09:12:23"
"https://eghiseul.ro/comanda/certificat-urbanism-informare/","","0","Blocked by robots.txt","Non-Indexable","Blocked by robots.txt","","0","0","","0","0","","0","","0","","0","","0","","","","","","","","","","","0","0","0","0,000","","0","","","","","0,000","2","2","","4","2","0","0,860","0","0","0","0","0","0","","","","","","","","","","","","None","","","","","","https://eghiseul.ro/comanda/certificat-urbanism-informare/","2026-09-09 09:12:23"
"https://eghiseul.ro/_next/static/chunks/99425ae032593333.js?dpl=dpl_67tH8DnrrsjBhYi55ERePfEYAbMi","application/javascript; charset=utf-8","200","OK","Indexable","","","0","0","","0","0","","0","","0","","0","","0","","","","","","","","","","","0","0","0","0,000","","0","","","","","0,000","2","3","","0","0","0","0,000","0","0","0","0","0","0","","","","","","0,044","Wed, 09 Sep 2026 05:54:25 GMT","","","","","1.1","","","","","","https://eghiseul.ro/_next/static/chunks/99425ae032593333.js?dpl=dpl_67tH8DnrrsjBhYi55ERePfEYAbMi","2026-09-09 09:12:23"
"https://eghiseul.ro/cazier-fiscal-persoana-fizica/","text/html; charset=utf-8","200","OK","Indexable","","Cazier fiscal pentru persoană fizică: ce este, cine îl cere și cum îl obții (2026) | eGhiseul.ro","96","796","Ghid complet despre cazierul fiscal al persoanei fizice: ce fapte se înscriu, când se șterg, cât este valabil, cine îl eliberează și cum îl obții prin SPV sau prin împuternicit dacă nu poți activa contul ANAF.","209","1211","cazier judiciar online,cazier fiscal,certificat constatator,extras carte funciară,certificat de integritate comportamentală,documente online,acte online România","160","Cazier fiscal pentru persoană fizică: ce este, cine îl cere și cum îl obții (2026)","82","Ce este, mai exact, cazierul fiscal","35","Ce fapte se înscriu în cazierul fiscal","38","index, follow","index, follow, max-video-preview:-1, max-image-preview:large, max-snippet:-1","","","https://eghiseul.ro/cazier-fiscal-persoana-fizica/","","","","","","216330","37487","37487","5,556","","1610","241","6,680","52,503","Fairly Hard","5,922","2","1","","7","7","0","3,000","88","54","0","4","3","0","","","","","b7752b8aed5f6bf340a6466dbac0a1e9","0,152","","","","","ro","1.1","","","","","","https://eghiseul.ro/cazier-fiscal-persoana-fizica/","2026-09-09 09:12:23"
"https://eghiseul.ro/servicii/certificat-detineri-imobile/","text/html; charset=utf-8","200","OK","Indexable","","Certificat privind Deținerea de Imobile — Adeverință OCPI | eGhiseul.ro","71","627","Certificat care atestă dacă o persoană deține sau nu deține imobile în evidențele OCPI/ANCPI. Verificare după persoană (nume + CNP/CUI), pe localitate sau județ. Cerut la dosare de locuință, ajutoare, succesiuni și dosare bancare. 198 RON, taxe incluse, pe email.","263","1611","cazier judiciar online,cazier fiscal,certificat constatator,extras carte funciară,certificat de integritate comportamentală,documente online,acte online România","160","Certificat privind Deținerea de Imobile","39","Ce este certificatul privind deținerea de imobile","49","Ce date sunt necesare pentru verificare","39","index, follow","index, follow, max-video-preview:-1, max-image-preview:large, max-snippet:-1","","","https://eghiseul.ro/servicii/certificat-detineri-imobile/","","","","","","520971","59748","59748","8,855","","2403","455","5,281","41,463","Hard","3,568","2","2","","4","4","0","1,720","90","55","0","7","5","0","","","","","60ced841185850f5a029091d30f4ad02","0,129","","","","","ro","1.1","","","","","","https://eghiseul.ro/servicii/certificat-detineri-imobile/","2026-09-09 09:12:23"
"https://eghiseul.ro/comanda/certificat-nastere/","","0","Blocked by robots.txt","Non-Indexable","Blocked by robots.txt","","0","0","","0","0","","0","","0","","0","","0","","","","","","","","","","","0","0","0","0,000","","0","","","","","0,000","2","2","","4","2","0","0,860","0","0","0","0","0","0","","","","","","","","","","","","None","","","","","","https://eghiseul.ro/comanda/certificat-nastere/","2026-09-09 09:12:23"
"https://eghiseul.ro/servicii/copie-plan-cadastral/","text/html; charset=utf-8","200","OK","Indexable","","Copie Plan Cadastral din Arhiva OCPI (ANCPI) | eGhiseul.ro","58","524","Copie certificată a planului cadastral din arhiva OCPI: planul de situație înregistrat la recepția cadastrală, obținut după numărul cadastral sau de carte funciară. Taxe OCPI incluse, fără cont ANCPI, livrare pe email.","218","1304","cazier judiciar online,cazier fiscal,certificat constatator,extras carte funciară,certificat de integritate comportamentală,documente online,acte online România","160","Copie Plan Cadastral din Arhiva OCPI","36","Ce este copia planului cadastral și la ce folosește","51","Cum identifici imobilul pentru copia planului cadastral","55","index, follow","index, follow, max-video-preview:-1, max-image-preview:large, max-snippet:-1","","","https://eghiseul.ro/servicii/copie-plan-cadastral/","","","","","","518993","58619","58619","8,687","","2196","444","4,946","41,360","Hard","3,332","2","2","","10","8","0","3,430","94","57","0","7","5","0","","","","","584c75fc779f0c25bac9e3170241de5b","0,151","","","","","ro","1.1","","","","","","https://eghiseul.ro/servicii/copie-plan-cadastral/","2026-09-09 09:12:23"
"https://eghiseul.ro/servicii/copie-intabulare/","text/html; charset=utf-8","200","OK","Indexable","","Copie Act de Intabulare din Cartea Funciară (OCPI) | eGhiseul.ro","64","567","Copie certificată a încheierii de intabulare din arhiva OCPI, care dovedește înscrierea dreptului de proprietate în cartea funciară. Taxe OCPI incluse, totul online, livrare pe email.","183","1070","cazier judiciar online,cazier fiscal,certificat constatator,extras carte funciară,certificat de integritate comportamentală,documente online,acte online România","160","Copie Intabulare din Cartea Funciară","36","Ce este copia de intabulare și la ce folosește","46","Cum identifici imobilul pentru copia de intabulare","50","index, follow","index, follow, max-video-preview:-1, max-image-preview:large, max-snippet:-1","","","https://eghiseul.ro/servicii/copie-intabulare/","","","","","","520762","58730","58730","8,704","","2278","435","5,237","47,286","Hard","3,363","2","2","","3","3","0","1,290","92","55","0","7","5","0","","","","","18e26057bdadc2350e1f77426f5ad42f","0,060","","","","","ro","1.1","","","","","","https://eghiseul.ro/servicii/copie-intabulare/","2026-09-09 09:12:23"
"https://eghiseul.ro/comanda/extras-cf-colectiv/","","0","Blocked by robots.txt","Non-Indexable","Blocked by robots.txt","","0","0","","0","0","","0","","0","","0","","0","","","","","","","","","","","0","0","0","0,000","","0","","","","","0,000","2","2","","4","2","0","0,860","0","0","0","0","0","0","","","","","","","","","","","","None","","","","","","https://eghiseul.ro/comanda/extras-cf-colectiv/","2026-09-09 09:12:24"
"https://eghiseul.ro/comanda/certificat-constatator/","","0","Blocked by robots.txt","Non-Indexable","Blocked by robots.txt","","0","0","","0","0","","0","","0","","0","","0","","","","","","","","","","","0","0","0","0,000","","0","","","","","0,000","2","2","","5","2","0","0,860","0","0","0","0","0","0","","","","","","","","","","","","None","","","","","","https://eghiseul.ro/comanda/certificat-constatator/","2026-09-09 09:12:24"
"https://eghiseul.ro/comanda/copie-plan-cadastral/","","0","Blocked by robots.txt","Non-Indexable","Blocked by robots.txt","","0","0","","0","0","","0","","0","","0","","0","","","","","","","","","","","0","0","0","0,000","","0","","","","","0,000","2","2","","4","2","0","0,860","0","0","0","0","0","0","","","","","","","","","","","","None","","","","","","https://eghiseul.ro/comanda/copie-plan-cadastral/","2026-09-09 09:12:24"
"https://eghiseul.ro/comanda/extras-plan-cadastral/","","0","Blocked by robots.txt","Non-Indexable","Blocked by robots.txt","","0","0","","0","0","","0","","0","","0","","0","","","","","","","","","","","0","0","0","0,000","","0","","","","","0,000","2","2","","4","2","0","0,860","0","0","0","0","0","0","","","","","","","","","","","","None","","","","","","https://eghiseul.ro/comanda/extras-plan-cadastral/","2026-09-09 09:12:24"
"https://eghiseul.ro/comanda/copie-arhiva-ocpi/","","0","Blocked by robots.txt","Non-Indexable","Blocked by robots.txt","","0","0","","0","0","","0","","0","","0","","0","","","","","","","","","","","0","0","0","0,000","","0","","","","","0,000","2","2","","4","2","0","0,860","0","0","0","0","0","0","","","","","","","","","","","","None","","","","","","https://eghiseul.ro/comanda/copie-arhiva-ocpi/","2026-09-09 09:12:24"
"https://eghiseul.ro/comanda/rovinieta/","","0","Blocked by robots.txt","Non-Indexable","Blocked by robots.txt","","0","0","","0","0","","0","","0","","0","","0","","","","","","","","","","","0","0","0","0,000","","0","","","","","0,000","2","2","","1","1","0","0,430","0","0","0","0","0","0","","","","","","","","","","","","None","","","","","","https://eghiseul.ro/comanda/rovinieta/","2026-09-09 09:12:24"
"https://eghiseul.ro/comanda/copie-intabulare/","","0","Blocked by robots.txt","Non-Indexable","Blocked by robots.txt","","0","0","","0","0","","0","","0","","0","","0","","","","","","","","","","","0","0","0","0,000","","0","","","","","0,000","2","2","","4","2","0","0,860","0","0","0","0","0","0","","","","","","","","","","","","None","","","","","","https://eghiseul.ro/comanda/copie-intabulare/","2026-09-09 09:12:24"
"https://eghiseul.ro/comanda/cazier-auto/","","0","Blocked by robots.txt","Non-Indexable","Blocked by robots.txt","","0","0","","0","0","","0","","0","","0","","0","","","","","","","","","","","0","0","0","0,000","","0","","","","","0,000","2","2","","4","2","0","0,860","0","0","0","0","0","0","","","","","","","","","","","","None","","","","","","https://eghiseul.ro/comanda/cazier-auto/","2026-09-09 09:12:24"
"https://eghiseul.ro/servicii/copie-inventar-coordonate/","text/html; charset=utf-8","200","OK","Indexable","","Copie Inventar de Coordonate Stereo 70 | eGhiseul.ro","52","472","Copie inventar de coordonate în sistem Stereo 70: lista punctelor de hotar ale imobilului, cu coordonate X/Y, după numărul cadastral sau de carte funciară. Taxe OCPI incluse, totul online, livrare pe email.","206","1240","cazier judiciar online,cazier fiscal,certificat constatator,extras carte funciară,certificat de integritate comportamentală,documente online,acte online România","160","Copie Inventar de Coordonate Stereo 70","38","Ce este inventarul de coordonate Stereo 70 și la ce folosește","61","Cum identifici imobilul pentru inventarul de coordonate","55","index, follow","index, follow, max-video-preview:-1, max-image-preview:large, max-snippet:-1","","","https://eghiseul.ro/servicii/copie-inventar-coordonate/","","","","","","517161","59127","59127","8,763","","2274","437","5,204","45,635","Hard","3,414","2","2","","5","4","0","1,720","91","55","0","7","5","0","","","","","364a4b13fc3c108af19adff9a228ed13","0,046","","","","","ro","1.1","","","","","","https://eghiseul.ro/servicii/copie-inventar-coordonate/","2026-09-09 09:12:23"
"https://eghiseul.ro/comanda/certificat-detineri-imobile/","","0","Blocked by robots.txt","Non-Indexable","Blocked by robots.txt","","0","0","","0","0","","0","","0","","0","","0","","","","","","","","","","","0","0","0","0,000","","0","","","","","0,000","2","2","","4","2","0","0,860","0","0","0","0","0","0","","","","","","","","","","","","None","","","","","","https://eghiseul.ro/comanda/certificat-detineri-imobile/","2026-09-09 09:12:24"
"https://eghiseul.ro/servicii/copie-plan-incadrare/","text/html; charset=utf-8","200","OK","Indexable","","Copie Plan de Încadrare în Zonă din Arhiva OCPI | eGhiseul.ro","61","543","Comandă copia planului de încadrare în zonă din arhiva OCPI. Vezi unde se află imobilul în zonă și în cvartal, după numărul cadastral sau de carte funciară. Taxe incluse, online, livrare pe email, fără cont ANCPI.","213","1284","cazier judiciar online,cazier fiscal,certificat constatator,extras carte funciară,certificat de integritate comportamentală,documente online,acte online România","160","Copie Plan de Încadrare în Zonă","31","Ce este planul de încadrare în zonă și la ce folosește","54","Cum identifici imobilul pentru planul de încadrare","50","index, follow","index, follow, max-video-preview:-1, max-image-preview:large, max-snippet:-1","","","https://eghiseul.ro/servicii/copie-plan-incadrare/","","","","","","515119","58322","58322","8,643","","2172","428","5,075","48,025","Hard","3,284","2","2","","5","5","0","2,150","91","55","0","7","5","0","","","","","3a5a2d189e80f19ff888303eb09e2a06","0,108","","","","","ro","1.1","","","","","","https://eghiseul.ro/servicii/copie-plan-incadrare/","2026-09-09 09:12:24"
"https://eghiseul.ro/comanda/identificare-imobile-proprietar/","","0","Blocked by robots.txt","Non-Indexable","Blocked by robots.txt","","0","0","","0","0","","0","","0","","0","","0","","","","","","","","","","","0","0","0","0,000","","0","","","","","0,000","2","2","","6","4","0","1,720","0","0","0","0","0","0","","","","","","","","","","","","None","","","","","","https://eghiseul.ro/comanda/identificare-imobile-proprietar/","2026-09-09 09:12:24"
"https://eghiseul.ro/calculator/impozit-pensie/","text/html; charset=utf-8","200","OK","Indexable","","Calculator Impozit pe Pensie 2026 — Pensie Netă | eGhiseul.ro","61","556","Calculează impozitul și CASS pe pensie în 2026: 10% impozit și 10% CASS pe partea care depășește 3.000 lei, și află pensia netă încasată.","137","841","cazier judiciar online,cazier fiscal,certificat constatator,extras carte funciară,certificat de integritate comportamentală,documente online,acte online România","160","Calculator Impozit pe Pensie 2026","33","Cum se impozitează pensia în 2026","33","Exemple de calcul","17","index, follow","index, follow, max-video-preview:-1, max-image-preview:large, max-snippet:-1","","","https://eghiseul.ro/calculator/impozit-pensie/","","","","","","214857","35961","35961","5,329","","1525","275","5,545","81,158","Easy","5,419","2","2","","5","4","0","1,720","89","55","0","4","3","0","","","","","4a02247c70255e212807c046cc1ade74","0,367","","","","","ro","1.1","","","","","","https://eghiseul.ro/calculator/impozit-pensie/","2026-09-09 09:12:23"
"https://eghiseul.ro/comanda/certificat-sarcini/","","0","Blocked by robots.txt","Non-Indexable","Blocked by robots.txt","","0","0","","0","0","","0","","0","","0","","0","","","","","","","","","","","0","0","0","0,000","","0","","","","","0,000","2","2","","4","2","0","0,860","0","0","0","0","0","0","","","","","","","","","","","","None","","","","","","https://eghiseul.ro/comanda/certificat-sarcini/","2026-09-09 09:12:24"
"https://eghiseul.ro/comanda/copie-plan-incadrare/","","0","Blocked by robots.txt","Non-Indexable","Blocked by robots.txt","","0","0","","0","0","","0","","0","","0","","0","","","","","","","","","","","0","0","0","0,000","","0","","","","","0,000","2","2","","4","2","0","0,860","0","0","0","0","0","0","","","","","","","","","","","","None","","","","","","https://eghiseul.ro/comanda/copie-plan-incadrare/","2026-09-09 09:12:24"
"https://eghiseul.ro/comanda/extras-multilingv-certificat-casatorie/","","0","Blocked by robots.txt","Non-Indexable","Blocked by robots.txt","","0","0","","0","0","","0","","0","","0","","0","","","","","","","","","","","0","0","0","0,000","","0","","","","","0,000","2","2","","4","2","0","0,860","0","0","0","0","0","0","","","","","","","","","","","","None","","","","","","https://eghiseul.ro/comanda/extras-multilingv-certificat-casatorie/","2026-09-09 09:12:24"
"https://eghiseul.ro/comanda/extras-multilingv-certificat-nastere/","","0","Blocked by robots.txt","Non-Indexable","Blocked by robots.txt","","0","0","","0","0","","0","","0","","0","","0","","","","","","","","","","","0","0","0","0,000","","0","","","","","0,000","2","2","","4","2","0","0,860","0","0","0","0","0","0","","","","","","","","","","","","None","","","","","","https://eghiseul.ro/comanda/extras-multilingv-certificat-nastere/","2026-09-09 09:12:24"
"https://eghiseul.ro/comanda/copie-contract-vanzare/","","0","Blocked by robots.txt","Non-Indexable","Blocked by robots.txt","","0","0","","0","0","","0","","0","","0","","0","","","","","","","","","","","0","0","0","0,000","","0","","","","","0,000","2","2","","4","2","0","0,860","0","0","0","0","0","0","","","","","","","","","","","","None","","","","","","https://eghiseul.ro/comanda/copie-contract-vanzare/","2026-09-09 09:12:24"
"https://eghiseul.ro/comanda/actualizare-adresa-cf/","","0","Blocked by robots.txt","Non-Indexable","Blocked by robots.txt","","0","0","","0","0","","0","","0","","0","","0","","","","","","","","","","","0","0","0","0,000","","0","","","","","0,000","2","2","","4","2","0","0,860","0","0","0","0","0","0","","","","","","","","","","","","None","","","","","","https://eghiseul.ro/comanda/actualizare-adresa-cf/","2026-09-09 09:12:24"
"https://eghiseul.ro/comanda/identificare-imobil/","","0","Blocked by robots.txt","Non-Indexable","Blocked by robots.txt","","0","0","","0","0","","0","","0","","0","","0","","","","","","","","","","","0","0","0","0,000","","0","","","","","0,000","2","2","","5","3","0","1,290","0","0","0","0","0","0","","","","","","","","","","","","None","","","","","","https://eghiseul.ro/comanda/identificare-imobil/","2026-09-09 09:12:24"
"https://eghiseul.ro/comanda/copie-inventar-coordonate/","","0","Blocked by robots.txt","Non-Indexable","Blocked by robots.txt","","0","0","","0","0","","0","","0","","0","","0","","","","","","","","","","","0","0","0","0,000","","0","","","","","0,000","2","2","","4","2","0","0,860","0","0","0","0","0","0","","","","","","","","","","","","None","","","","","","https://eghiseul.ro/comanda/copie-inventar-coordonate/","2026-09-09 09:12:24"
"https://eghiseul.ro/_next/static/chunks/d4f1559ba8c25e2c.js?dpl=dpl_67tH8DnrrsjBhYi55ERePfEYAbMi","application/javascript; charset=utf-8","200","OK","Indexable","","","0","0","","0","0","","0","","0","","0","","0","","","","","","","","","","","0","0","0","0,000","","0","","","","","0,000","2","3","","0","0","0","0,000","0","0","0","0","0","0","","","","","","0,121","Wed, 09 Sep 2026 05:54:26 GMT","","","","","1.1","","","","","","https://eghiseul.ro/_next/static/chunks/d4f1559ba8c25e2c.js?dpl=dpl_67tH8DnrrsjBhYi55ERePfEYAbMi","2026-09-09 09:12:24"
"https://eghiseul.ro/servicii/extras-cf-colectiv/","text/html; charset=utf-8","200","OK","Indexable","","Extras de Carte Funciară Colectivă (Bloc / Condominiu) | eGhiseul.ro","68","605","Cartea funciară a blocului sau condominiului: părțile comune și cotele indivize ale construcției, document separat de extrasul CF al apartamentului. Taxe OCPI incluse, 100% online, livrare pe email, fără cont ANCPI.","215","1303","cazier judiciar online,cazier fiscal,certificat constatator,extras carte funciară,certificat de integritate comportamentală,documente online,acte online România","160","Extras de Carte Funciară Colectivă","34","Ce este extrasul de carte funciară colectivă și când îți trebuie","64","Cum identifici blocul pentru extrasul CF colectivă","50","index, follow","index, follow, max-video-preview:-1, max-image-preview:large, max-snippet:-1","","","https://eghiseul.ro/servicii/extras-cf-colectiv/","","","","","","518009","58763","58763","8,709","","2287","439","5,210","41,262","Hard","3,502","2","2","","5","5","0","2,150","90","56","0","7","5","0","","","","","636d2f83f11d1effabf6b978593a06be","0,047","","","","","ro","1.1","","","","","","https://eghiseul.ro/servicii/extras-cf-colectiv/","2026-09-09 09:12:24"
"https://eghiseul.ro/servicii/copie-contract-vanzare/","text/html; charset=utf-8","200","OK","Indexable","","Copie Contract Vânzare-Cumpărare din Arhiva OCPI | eGhiseul.ro","62","578","Obține copia certificată a contractului de vânzare-cumpărare al imobilului din arhiva OCPI/ANCPI — actul notarial în baza căruia s-a intabulat dreptul de proprietate. Util când nu mai ai exemplarul propriu. Taxe OCPI incluse, online, livrare pe email.","251","1507","cazier judiciar online,cazier fiscal,certificat constatator,extras carte funciară,certificat de integritate comportamentală,documente online,acte online România","160","Copie Contract Vânzare-Cumpărare","32","Ce este copia contractului de vânzare-cumpărare și când o ceri","62","Cum identifici imobilul pentru copia contractului","49","index, follow","index, follow, max-video-preview:-1, max-image-preview:large, max-snippet:-1","","","https://eghiseul.ro/servicii/copie-contract-vanzare/","","","","","","513479","58423","58423","8,658","","2223","431","5,158","42,409","Hard","3,408","2","2","","3","3","0","1,290","90","57","0","7","5","0","","","","","9a310c9db77665f4cfde06010eb00e4a","0,050","","","","","ro","1.1","","","","","","https://eghiseul.ro/servicii/copie-contract-vanzare/","2026-09-09 09:12:24"
"https://eghiseul.ro/transcriere-certificat-de-casatorie/","text/html; charset=utf-8","200","OK","Indexable","","Transcriere Certificat de Căsătorie din Străinătate: Ghid Complet | eGhiseul.ro","79","693","Te-ai căsătorit în străinătate? Vezi ce este transcrierea certificatului de căsătorie, actele necesare (apostilă, traducere) și unde se depune.","143","842","cazier judiciar online,cazier fiscal,certificat constatator,extras carte funciară,certificat de integritate comportamentală,documente online,acte online România","160","Transcriere Certificat de Căsătorie din Străinătate: Ghid Complet","65","Ce este transcrierea și de ce este obligatorie","46","Acte necesare pentru transcrierea certificatului de căsătorie","61","index, follow","index, follow, max-video-preview:-1, max-image-preview:large, max-snippet:-1","","","https://eghiseul.ro/transcriere-certificat-de-casatorie/","","","","","","180826","30625","30625","4,539","","736","112","6,571","53,954","Fairly Hard","4,138","2","1","","10","9","0","3,860","85","54","0","4","3","0","","","","","d95f8efcd6ceabf712e412c8be1b2cb6","0,040","","","","","ro","1.1","","","","","","https://eghiseul.ro/transcriere-certificat-de-casatorie/","2026-09-09 09:12:24"
"https://eghiseul.ro/duplicat-certificat-de-casatorie/","text/html; charset=utf-8","200","OK","Indexable","","Duplicat Certificat de Căsătorie: Acte, Cost și Cum Îl Obții | eGhiseul.ro","74","625","Ai pierdut certificatul de căsătorie? Vezi cum obții un duplicat la Starea Civilă, ce acte îți trebuie, cât durează și cum îl ceri online, prin împuternicit, pe eGhișeul.ro.","173","981","cazier judiciar online,cazier fiscal,certificat constatator,extras carte funciară,certificat de integritate comportamentală,documente online,acte online România","160","Duplicat Certificat de Căsătorie: Acte, Cost și Cum Îl Obții","60","Ce este, de fapt, duplicatul certificatului de căsătorie","56","Acte necesare pentru duplicatul certificatului de căsătorie","59","index, follow","index, follow, max-video-preview:-1, max-image-preview:large, max-snippet:-1","","","https://eghiseul.ro/duplicat-certificat-de-casatorie/","","","","","","190470","33506","33506","4,966","","1407","200","7,035","53,944","Fairly Hard","6,056","2","1","","5","5","0","2,150","90","56","0","4","3","0","","","","","273c764bbefad502f9654a3938a902c5","0,079","","","","","ro","1.1","","","","","","https://eghiseul.ro/duplicat-certificat-de-casatorie/","2026-09-09 09:12:24"
"https://eghiseul.ro/servicii/copie-releveu/","text/html; charset=utf-8","200","OK","Indexable","","Copie după Releveu Apartament — Plan de Nivel OCPI | eGhiseul.ro","64","597","Copie certificată după releveul apartamentului din arhiva OCPI: planul cu dispunerea camerelor, suprafețele utile per încăpere și dimensiunile interioare. Taxe incluse, 100% online, livrare pe email, fără cont ANCPI.","216","1294","cazier judiciar online,cazier fiscal,certificat constatator,extras carte funciară,certificat de integritate comportamentală,documente online,acte online România","160","Copie după Releveu Plan de Nivel Apartament","43","Ce este releveul și la ce folosește copia după el","49","Cum identifici apartamentul pentru releveu","42","index, follow","index, follow, max-video-preview:-1, max-image-preview:large, max-snippet:-1","","","https://eghiseul.ro/servicii/copie-releveu/","","","","","","515597","59029","59029","8,748","","2201","437","5,037","40,018","Hard","3,365","2","2","","10","6","0","2,580","91","57","0","7","5","0","","","","","49ca4f7b4290a0b0e800b0f1558ecef9","0,155","","","","","ro","1.1","","","","","","https://eghiseul.ro/servicii/copie-releveu/","2026-09-09 09:12:24"
"https://eghiseul.ro/servicii/copie-arhiva-ocpi/","text/html; charset=utf-8","200","OK","Indexable","","Copie Certificată din Arhiva OCPI — Documentație Cadastrală | eGhiseul.ro","73","664","Obții o copie certificată din arhiva teritorială OCPI/BCPI: memoriu tehnic, planuri și înscrisurile care au stat la baza intabulării imobilului. Cauți după numărul cadastral sau de carte funciară, cu taxele OCPI incluse. Totul online, livrare pe email.","252","1475","cazier judiciar online,cazier fiscal,certificat constatator,extras carte funciară,certificat de integritate comportamentală,documente online,acte online România","160","Copie Certificată din Arhiva OCPI","33","Ce este copia certificată din arhiva OCPI și la ce folosește","60","Cum identifici imobilul pentru căutarea în arhivă","49","index, follow","index, follow, max-video-preview:-1, max-image-preview:large, max-snippet:-1","","","https://eghiseul.ro/servicii/copie-arhiva-ocpi/","","","","","","517419","59193","59193","8,772","","2319","445","5,211","41,247","Hard","3,502","2","2","","3","3","0","1,290","90","57","0","7","5","0","","","","","9a27e70b60db9b89f84dd3a223bfda4e","0,120","","","","","ro","1.1","","","","","","https://eghiseul.ro/servicii/copie-arhiva-ocpi/","2026-09-09 09:12:24"
"https://eghiseul.ro/servicii/extras-de-carte-funciara/harghita/","text/html; charset=utf-8","200","OK","Indexable","","Extras de Carte Funciară Online Harghita — 89 RON, Fără Drum la OCPI | eGhiseul.ro","82","746","Obține extrasul de carte funciară pentru un imobil din județul Harghita online, fără drum la OCPI Harghita. 89 RON, taxe incluse, livrare pe email în câteva minute.","164","986","cazier judiciar online,cazier fiscal,certificat constatator,extras carte funciară,certificat de integritate comportamentală,documente online,acte online România","160","Extras de Carte Funciară OnlineHarghita","39","Ce este extrasul de carte funciară","34","Tipuri de extras de carte funciară","34","index, follow","index, follow, max-video-preview:-1, max-image-preview:large, max-snippet:-1","","","https://eghiseul.ro/servicii/extras-de-carte-funciara/harghita/","","","","","","254484","39726","39726","5,887","","775","144","5,382","44,508","Hard","3,025","2","3","","14","14","0","6,010","101","67","0","6","5","0","","","","","d8673354e6640ccd5502e3d312368314","0,044","","","","","ro","1.1","","","","","","https://eghiseul.ro/servicii/extras-de-carte-funciara/harghita/","2026-09-09 09:12:24"
"https://eghiseul.ro/servicii/extras-de-carte-funciara/hunedoara/","text/html; charset=utf-8","200","OK","Indexable","","Extras de Carte Funciară Online Hunedoara — 89 RON, Fără Drum la OCPI | eGhiseul.ro","83","767","Obține extrasul de carte funciară pentru un imobil din județul Hunedoara online, fără drum la OCPI Hunedoara. 89 RON, taxe incluse, livrare pe email în câteva minute.","166","1016","cazier judiciar online,cazier fiscal,certificat constatator,extras carte funciară,certificat de integritate comportamentală,documente online,acte online România","160","Extras de Carte Funciară OnlineHunedoara","40","Ce este extrasul de carte funciară","34","Tipuri de extras de carte funciară","34","index, follow","index, follow, max-video-preview:-1, max-image-preview:large, max-snippet:-1","","","https://eghiseul.ro/servicii/extras-de-carte-funciara/hunedoara/","","","","","","255762","39844","39844","5,905","","778","149","5,221","42,122","Hard","3,029","2","3","","14","14","0","6,010","101","67","0","6","5","0","","","","","1056b26914065f6368c0fd8915d048e6","0,087","","","","","ro","1.1","","","","","","https://eghiseul.ro/servicii/extras-de-carte-funciara/hunedoara/","2026-09-09 09:12:24"
"https://eghiseul.ro/servicii/extras-de-carte-funciara/constanta/","text/html; charset=utf-8","200","OK","Indexable","","Extras de Carte Funciară Online Constanța — 89 RON, Fără Drum la OCPI | eGhiseul.ro","83","761","Obține extrasul de carte funciară pentru un imobil din județul Constanța online, fără drum la OCPI Constanța. 89 RON, taxe incluse, livrare pe email în câteva minute.","166","1008","cazier judiciar online,cazier fiscal,certificat constatator,extras carte funciară,certificat de integritate comportamentală,documente online,acte online România","160","Extras de Carte Funciară OnlineConstanța","40","Ce este extrasul de carte funciară","34","Tipuri de extras de carte funciară","34","index, follow","index, follow, max-video-preview:-1, max-image-preview:large, max-snippet:-1","","","https://eghiseul.ro/servicii/extras-de-carte-funciara/constanta/","","","","","","277401","42844","42844","6,349","","996","187","5,326","41,912","Hard","3,329","2","3","","14","14","0","6,010","101","67","0","6","5","0","","","","","6a5f387969f09feb5641557a9ee480d8","0,044","","","","","ro","1.1","","","","","","https://eghiseul.ro/servicii/extras-de-carte-funciara/constanta/","2026-09-09 09:12:24"
"https://eghiseul.ro/servicii/extras-de-carte-funciara/vaslui/","text/html; charset=utf-8","200","OK","Indexable","","Extras de Carte Funciară Online Vaslui — 89 RON, Fără Drum la OCPI | eGhiseul.ro","80","724","Obține extrasul de carte funciară pentru un imobil din județul Vaslui online, fără drum la OCPI Vaslui. 89 RON, taxe incluse, livrare pe email în câteva minute.","160","952","cazier judiciar online,cazier fiscal,certificat constatator,extras carte funciară,certificat de integritate comportamentală,documente online,acte online România","160","Extras de Carte Funciară OnlineVaslui","37","Ce este extrasul de carte funciară","34","Tipuri de extras de carte funciară","34","index, follow","index, follow, max-video-preview:-1, max-image-preview:large, max-snippet:-1","","","https://eghiseul.ro/servicii/extras-de-carte-funciara/vaslui/","","","","","","254292","39715","39715","5,886","","773","143","5,406","47,033","Hard","3,007","2","3","","14","14","0","6,010","101","67","0","6","5","0","","","","","e17c299d5de380752406e9129fc49548","0,062","","","","","ro","1.1","","","","","","https://eghiseul.ro/servicii/extras-de-carte-funciara/vaslui/","2026-09-09 09:12:24"
"https://eghiseul.ro/servicii/extras-de-carte-funciara/valcea/","text/html; charset=utf-8","200","OK","Indexable","","Extras de Carte Funciară Online Vâlcea — 89 RON, Fără Drum la OCPI | eGhiseul.ro","80","730","Obține extrasul de carte funciară pentru un imobil din județul Vâlcea online, fără drum la OCPI Vâlcea. 89 RON, taxe incluse, livrare pe email în câteva minute.","160","960","cazier judiciar online,cazier fiscal,certificat constatator,extras carte funciară,certificat de integritate comportamentală,documente online,acte online România","160","Extras de Carte Funciară OnlineVâlcea","37","Ce este extrasul de carte funciară","34","Tipuri de extras de carte funciară","34","index, follow","index, follow, max-video-preview:-1, max-image-preview:large, max-snippet:-1","","","https://eghiseul.ro/servicii/extras-de-carte-funciara/valcea/","","","","","","255623","39892","39892","5,912","","779","149","5,228","49,053","Hard","3,014","2","3","","14","14","0","6,010","101","67","0","6","5","0","","","","","e948acdba504ff0b5efd9d9be648e3d9","0,055","","","","","ro","1.1","","","","","","https://eghiseul.ro/servicii/extras-de-carte-funciara/valcea/","2026-09-09 09:12:24"
"https://eghiseul.ro/servicii/extras-de-carte-funciara/dambovita/","text/html; charset=utf-8","200","OK","Indexable","","Extras de Carte Funciară Online Dâmbovița — 89 RON, Fără Drum la OCPI | eGhiseul.ro","83","766","Obține extrasul de carte funciară pentru un imobil din județul Dâmbovița online, fără drum la OCPI Dâmbovița. 89 RON, taxe incluse, livrare pe email în câteva minute.","166","1012","cazier judiciar online,cazier fiscal,certificat constatator,extras carte funciară,certificat de integritate comportamentală,documente online,acte online România","160","Extras de Carte Funciară OnlineDâmbovița","40","Ce este extrasul de carte funciară","34","Tipuri de extras de carte funciară","34","index, follow","index, follow, max-video-preview:-1, max-image-preview:large, max-snippet:-1","","","https://eghiseul.ro/servicii/extras-de-carte-funciara/dambovita/","","","","","","256122","39960","39960","5,922","","786","156","5,038","44,468","Hard","3,059","2","3","","14","14","0","6,010","101","67","0","6","5","0","","","","","2e79184db3cef572cda7301d8897a592","0,059","","","","","ro","1.1","","","","","","https://eghiseul.ro/servicii/extras-de-carte-funciara/dambovita/","2026-09-09 09:12:24"
"https://eghiseul.ro/servicii/extras-de-carte-funciara/gorj/","text/html; charset=utf-8","200","OK","Indexable","","Extras de Carte Funciară Online Gorj — 89 RON, Fără Drum la OCPI | eGhiseul.ro","78","706","Obține extrasul de carte funciară pentru un imobil din județul Gorj online, fără drum la OCPI Gorj. 89 RON, taxe incluse, livrare pe email în câteva minute.","156","928","cazier judiciar online,cazier fiscal,certificat constatator,extras carte funciară,certificat de integritate comportamentală,documente online,acte online România","160","Extras de Carte Funciară OnlineGorj","35","Ce este extrasul de carte funciară","34","Tipuri de extras de carte funciară","34","index, follow","index, follow, max-video-preview:-1, max-image-preview:large, max-snippet:-1","","","https://eghiseul.ro/servicii/extras-de-carte-funciara/gorj/","","","","","","254079","39693","39693","5,883","","774","143","5,413","49,302","Hard","2,991","2","3","","14","14","0","6,010","101","67","0","6","5","0","","","","","3df2ff85a068422578c22fc45edd8868","0,044","","","","","ro","1.1","","","","","","https://eghiseul.ro/servicii/extras-de-carte-funciara/gorj/","2026-09-09 09:12:24"
"https://eghiseul.ro/servicii/extras-de-carte-funciara/arad/","text/html; charset=utf-8","200","OK","Indexable","","Extras de Carte Funciară Online Arad — 89 RON, Fără Drum la OCPI | eGhiseul.ro","78","711","Obține extrasul de carte funciară pentru un imobil din județul Arad online, fără drum la OCPI Arad. 89 RON, taxe incluse, livrare pe email în câteva minute.","156","936","cazier judiciar online,cazier fiscal,certificat constatator,extras carte funciară,certificat de integritate comportamentală,documente online,acte online România","160","Extras de Carte Funciară OnlineArad","35","Ce este extrasul de carte funciară","34","Tipuri de extras de carte funciară","34","index, follow","index, follow, max-video-preview:-1, max-image-preview:large, max-snippet:-1","","","https://eghiseul.ro/servicii/extras-de-carte-funciara/arad/","","","","","","255545","39957","39957","5,922","","786","154","5,104","46,985","Hard","3,024","2","3","","14","14","0","6,010","101","67","0","6","5","0","","","","","c7c254c01c4a64c1c161006b32144e29","0,067","","","","","ro","1.1","","","","","","https://eghiseul.ro/servicii/extras-de-carte-funciara/arad/","2026-09-09 09:12:24"
"https://eghiseul.ro/servicii/extras-de-carte-funciara/brasov/","text/html; charset=utf-8","200","OK","Indexable","","Extras de Carte Funciară Online Brașov — 89 RON, Fără Drum la OCPI | eGhiseul.ro","80","730","Obține extrasul de carte funciară pentru un imobil din județul Brașov online, fără drum la OCPI Brașov. 89 RON, taxe incluse, livrare pe email în câteva minute.","160","964","cazier judiciar online,cazier fiscal,certificat constatator,extras carte funciară,certificat de integritate comportamentală,documente online,acte online România","160","Extras de Carte Funciară OnlineBrașov","37","Ce este extrasul de carte funciară","34","Tipuri de extras de carte funciară","34","index, follow","index, follow, max-video-preview:-1, max-image-preview:large, max-snippet:-1","","","https://eghiseul.ro/servicii/extras-de-carte-funciara/brasov/","","","","","","277181","42808","42808","6,344","","1002","187","5,358","46,803","Hard","3,312","2","3","","14","14","0","6,010","101","67","0","6","5","0","","","","","7130cdcfb38760065e01d31a577806f1","0,072","","","","","ro","1.1","","","","","","https://eghiseul.ro/servicii/extras-de-carte-funciara/brasov/","2026-09-09 09:12:24"
"https://eghiseul.ro/servicii/extras-de-carte-funciara/maramures/","text/html; charset=utf-8","200","OK","Indexable","","Extras de Carte Funciară Online Maramureș — 89 RON, Fără Drum la OCPI | eGhiseul.ro","83","772","Obține extrasul de carte funciară pentru un imobil din județul Maramureș online, fără drum la OCPI Maramureș. 89 RON, taxe incluse, livrare pe email în câteva minute.","166","1020","cazier judiciar online,cazier fiscal,certificat constatator,extras carte funciară,certificat de integritate comportamentală,documente online,acte online România","160","Extras de Carte Funciară OnlineMaramureș","40","Ce este extrasul de carte funciară","34","Tipuri de extras de carte funciară","34","index, follow","index, follow, max-video-preview:-1, max-image-preview:large, max-snippet:-1","","","https://eghiseul.ro/servicii/extras-de-carte-funciara/maramures/","","","","","","254633","39735","39735","5,889","","775","144","5,382","42,761","Hard","3,029","2","3","","14","14","0","6,010","101","67","0","6","5","0","","","","","6b576f8c53e858b325d93acab1a6bdf1","0,057","","","","","ro","1.1","","","","","","https://eghiseul.ro/servicii/extras-de-carte-funciara/maramures/","2026-09-09 09:12:24"
"https://eghiseul.ro/servicii/extras-de-carte-funciara/giurgiu/","text/html; charset=utf-8","200","OK","Indexable","","Extras de Carte Funciară Online Giurgiu — 89 RON, Fără Drum la OCPI | eGhiseul.ro","81","733","Obține extrasul de carte funciară pentru un imobil din județul Giurgiu online, fără drum la OCPI Giurgiu. 89 RON, taxe incluse, livrare pe email în câteva minute.","162","966","cazier judiciar online,cazier fiscal,certificat constatator,extras carte funciară,certificat de integritate comportamentală,documente online,acte online România","160","Extras de Carte Funciară OnlineGiurgiu","38","Ce este extrasul de carte funciară","34","Tipuri de extras de carte funciară","34","index, follow","index, follow, max-video-preview:-1, max-image-preview:large, max-snippet:-1","","","https://eghiseul.ro/servicii/extras-de-carte-funciara/giurgiu/","","","","","","255598","39840","39840","5,904","","780","150","5,200","47,325","Hard","3,018","2","3","","14","14","0","6,010","101","67","0","6","5","0","","","","","9395077ee99d8f2e0420d99d27d1301f","0,104","","","","","ro","1.1","","","","","","https://eghiseul.ro/servicii/extras-de-carte-funciara/giurgiu/","2026-09-09 09:12:24"
"https://eghiseul.ro/servicii/extras-de-carte-funciara/botosani/","text/html; charset=utf-8","200","OK","Indexable","","Extras de Carte Funciară Online Botoșani — 89 RON, Fără Drum la OCPI | eGhiseul.ro","82","747","Obține extrasul de carte funciară pentru un imobil din județul Botoșani online, fără drum la OCPI Botoșani. 89 RON, taxe incluse, livrare pe email în câteva minute.","164","988","cazier judiciar online,cazier fiscal,certificat constatator,extras carte funciară,certificat de integritate comportamentală,documente online,acte online România","160","Extras de Carte Funciară OnlineBotoșani","39","Ce este extrasul de carte funciară","34","Tipuri de extras de carte funciară","34","index, follow","index, follow, max-video-preview:-1, max-image-preview:large, max-snippet:-1","","","https://eghiseul.ro/servicii/extras-de-carte-funciara/botosani/","","","","","","254592","39764","39764","5,893","","773","143","5,406","41,889","Hard","3,024","2","3","","14","14","0","6,010","101","67","0","6","5","0","","","","","344048f2a3f77a2f4da85a94f354fbf4","0,114","","","","","ro","1.1","","","","","","https://eghiseul.ro/servicii/extras-de-carte-funciara/botosani/","2026-09-09 09:12:24"
"https://eghiseul.ro/servicii/extras-de-carte-funciara/iasi/","text/html; charset=utf-8","200","OK","Indexable","","Extras de Carte Funciară Online Iași — 89 RON, Fără Drum la OCPI | eGhiseul.ro","78","700","Obține extrasul de carte funciară pentru un imobil din județul Iași online, fără drum la OCPI Iași. 89 RON, taxe incluse, livrare pe email în câteva minute.","156","920","cazier judiciar online,cazier fiscal,certificat constatator,extras carte funciară,certificat de integritate comportamentală,documente online,acte online România","160","Extras de Carte Funciară OnlineIași","35","Ce este extrasul de carte funciară","34","Tipuri de extras de carte funciară","34","index, follow","index, follow, max-video-preview:-1, max-image-preview:large, max-snippet:-1","","","https://eghiseul.ro/servicii/extras-de-carte-funciara/iasi/","","","","","","276495","42629","42629","6,318","","993","185","5,368","45,733","Hard","3,245","2","3","","14","14","0","6,010","101","67","0","6","5","0","","","","","223605d8c2731304265e55e5021f6831","0,138","","","","","ro","1.1","","","","","","https://eghiseul.ro/servicii/extras-de-carte-funciara/iasi/","2026-09-09 09:12:24"
"https://eghiseul.ro/servicii/extras-de-carte-funciara/sibiu/","text/html; charset=utf-8","200","OK","Indexable","","Extras de Carte Funciară Online Sibiu — 89 RON, Fără Drum la OCPI | eGhiseul.ro","79","713","Obține extrasul de carte funciară pentru un imobil din județul Sibiu online, fără drum la OCPI Sibiu. 89 RON, taxe incluse, livrare pe email în câteva minute.","158","936","cazier judiciar online,cazier fiscal,certificat constatator,extras carte funciară,certificat de integritate comportamentală,documente online,acte online România","160","Extras de Carte Funciară OnlineSibiu","36","Ce este extrasul de carte funciară","34","Tipuri de extras de carte funciară","34","index, follow","index, follow, max-video-preview:-1, max-image-preview:large, max-snippet:-1","","","https://eghiseul.ro/servicii/extras-de-carte-funciara/sibiu/","","","","","","276520","42734","42734","6,333","","993","182","5,456","47,262","Hard","3,274","2","3","","14","14","0","6,010","101","67","0","6","5","0","","","","","45944a0818fea973066f1dbd97a77385","0,157","","","","","ro","1.1","","","","","","https://eghiseul.ro/servicii/extras-de-carte-funciara/sibiu/","2026-09-09 09:12:24"
"https://eghiseul.ro/extras-carte-funciara-gratuit/","text/html; charset=utf-8","200","OK","Indexable","","Extras de Carte Funciară Gratuit prin MyTerra — Ghid + Limite | eGhiseul.ro","75","665","Da, extrasul de carte funciară de informare este gratuit prin platforma MyTerra (ANCPI) din iunie 2025. Ce condiții sunt, cum îți faci cont, cât durează și când are sens varianta plătită, eliberată instant.","206","1224","cazier judiciar online,cazier fiscal,certificat constatator,extras carte funciară,certificat de integritate comportamentală,documente online,acte online România","160","Extras de Carte Funciară Gratuit prin MyTerra — Ghid + Limite","61","Ce primești gratuit prin MyTerra","32","Condiția: cont MyTerra cu identitate verificată","47","index, follow","index, follow, max-video-preview:-1, max-image-preview:large, max-snippet:-1","","","https://eghiseul.ro/extras-carte-funciara-gratuit/","","","","","","198661","34040","34040","5,045","","1183","203","5,828","54,676","Fairly Hard","5,107","2","1","","4","4","0","1,720","89","57","0","6","5","0","","","","","23dacf582d21c98afdffe19a294419ad","0,052","","","","","ro","1.1","","","","","","https://eghiseul.ro/extras-carte-funciara-gratuit/","2026-09-09 09:12:24"
"https://eghiseul.ro/servicii/extras-de-carte-funciara/olt/","text/html; charset=utf-8","200","OK","Indexable","","Extras de Carte Funciară Online Olt — 89 RON, Fără Drum la OCPI | eGhiseul.ro","77","695","Obține extrasul de carte funciară pentru un imobil din județul Olt online, fără drum la OCPI Olt. 89 RON, taxe incluse, livrare pe email în câteva minute.","154","912","cazier judiciar online,cazier fiscal,certificat constatator,extras carte funciară,certificat de integritate comportamentală,documente online,acte online România","160","Extras de Carte Funciară OnlineOlt","34","Ce este extrasul de carte funciară","34","Tipuri de extras de carte funciară","34","index, follow","index, follow, max-video-preview:-1, max-image-preview:large, max-snippet:-1","","","https://eghiseul.ro/servicii/extras-de-carte-funciara/olt/","","","","","","255212","39808","39808","5,900","","780","150","5,200","49,819","Hard","2,992","2","3","","14","14","0","6,010","101","67","0","6","5","0","","","","","94fe37db1f5b10f20f3b2392c0047deb","0,044","","","","","ro","1.1","","","","","","https://eghiseul.ro/servicii/extras-de-carte-funciara/olt/","2026-09-09 09:12:24"
"https://eghiseul.ro/ce-este-planul-cadastral/","text/html; charset=utf-8","200","OK","Indexable","","Ce este planul cadastral (și diferența față de releveu și extras CF) | eGhiseul.ro","82","700","Ce este planul cadastral, ce conține și cum îl obții online. Diferența dintre planul cadastral, extrasul de plan cadastral pe ortofotoplan, releveu și extrasul de carte funciară.","178","1039","cazier judiciar online,cazier fiscal,certificat constatator,extras carte funciară,certificat de integritate comportamentală,documente online,acte online România","160","Ce este planul cadastral (și diferența față de releveu și extras CF)","68","Ce este planul cadastral","24","Ce conține planul cadastral","27","index, follow","index, follow, max-video-preview:-1, max-image-preview:large, max-snippet:-1","","","https://eghiseul.ro/ce-este-planul-cadastral/","","","","","","187641","30408","30408","4,506","","648","114","5,684","38,393","Hard","3,723","2","1","","5","5","0","2,150","90","56","0","4","3","0","","","","","6d18d15434532e0e338a43609ebfd696","0,056","","","","","ro","1.1","","","","","","https://eghiseul.ro/ce-este-planul-cadastral/","2026-09-09 09:12:24"
"https://eghiseul.ro/servicii/extras-de-carte-funciara/neamt/","text/html; charset=utf-8","200","OK","Indexable","","Extras de Carte Funciară Online Neamț — 89 RON, Fără Drum la OCPI | eGhiseul.ro","79","730","Obține extrasul de carte funciară pentru un imobil din județul Neamț online, fără drum la OCPI Neamț. 89 RON, taxe incluse, livrare pe email în câteva minute.","158","960","cazier judiciar online,cazier fiscal,certificat constatator,extras carte funciară,certificat de integritate comportamentală,documente online,acte online România","160","Extras de Carte Funciară OnlineNeamț","36","Ce este extrasul de carte funciară","34","Tipuri de extras de carte funciară","34","index, follow","index, follow, max-video-preview:-1, max-image-preview:large, max-snippet:-1","","","https://eghiseul.ro/servicii/extras-de-carte-funciara/neamt/","","","","","","254257","39699","39699","5,883","","776","142","5,465","49,859","Hard","3,001","2","3","","14","14","0","6,010","101","67","0","6","5","0","","","","","bc575e70bc0d97b7a797bd5055c4136d","0,057","","","","","ro","1.1","","","","","","https://eghiseul.ro/servicii/extras-de-carte-funciara/neamt/","2026-09-09 09:12:24"
"https://eghiseul.ro/servicii/extras-de-carte-funciara/ialomita/","text/html; charset=utf-8","200","OK","Indexable","","Extras de Carte Funciară Online Ialomița — 89 RON, Fără Drum la OCPI | eGhiseul.ro","82","742","Obține extrasul de carte funciară pentru un imobil din județul Ialomița online, fără drum la OCPI Ialomița. 89 RON, taxe incluse, livrare pe email în câteva minute.","164","978","cazier judiciar online,cazier fiscal,certificat constatator,extras carte funciară,certificat de integritate comportamentală,documente online,acte online România","160","Extras de Carte Funciară OnlineIalomița","39","Ce este extrasul de carte funciară","34","Tipuri de extras de carte funciară","34","index, follow","index, follow, max-video-preview:-1, max-image-preview:large, max-snippet:-1","","","https://eghiseul.ro/servicii/extras-de-carte-funciara/ialomita/","","","","","","255749","39860","39860","5,907","","779","150","5,193","40,617","Hard","3,023","2","3","","14","14","0","6,010","101","67","0","6","5","0","","","","","c5040daf0727a5a631bde2968a25ff50","0,054","","","","","ro","1.1","","","","","","https://eghiseul.ro/servicii/extras-de-carte-funciara/ialomita/","2026-09-09 09:12:24"
"https://eghiseul.ro/servicii/extras-de-carte-funciara/cluj/","text/html; charset=utf-8","200","OK","Indexable","","Extras de Carte Funciară Online Cluj — 89 RON, Fără Drum la OCPI | eGhiseul.ro","78","703","Obține extrasul de carte funciară pentru un imobil din județul Cluj online, fără drum la OCPI Cluj. 89 RON, taxe incluse, livrare pe email în câteva minute.","156","922","cazier judiciar online,cazier fiscal,certificat constatator,extras carte funciară,certificat de integritate comportamentală,documente online,acte online România","160","Extras de Carte Funciară OnlineCluj","35","Ce este extrasul de carte funciară","34","Tipuri de extras de carte funciară","34","index, follow","index, follow, max-video-preview:-1, max-image-preview:large, max-snippet:-1","","","https://eghiseul.ro/servicii/extras-de-carte-funciara/cluj/","","","","","","276259","42603","42603","6,314","","986","178","5,539","47,714","Hard","3,250","2","3","","14","14","0","6,010","101","67","0","6","5","0","","","","","38718d8defc7d983ed14e0687485ec0e","0,056","","","","","ro","1.1","","","","","","https://eghiseul.ro/servicii/extras-de-carte-funciara/cluj/","2026-09-09 09:12:24"
"https://eghiseul.ro/servicii/extras-de-carte-funciara/alba/","text/html; charset=utf-8","200","OK","Indexable","","Extras de Carte Funciară Online Alba — 89 RON, Fără Drum la OCPI | eGhiseul.ro","78","709","Obține extrasul de carte funciară pentru un imobil din județul Alba online, fără drum la OCPI Alba. 89 RON, taxe incluse, livrare pe email în câteva minute.","156","932","cazier judiciar online,cazier fiscal,certificat constatator,extras carte funciară,certificat de integritate comportamentală,documente online,acte online România","160","Extras de Carte Funciară OnlineAlba","35","Ce este extrasul de carte funciară","34","Tipuri de extras de carte funciară","34","index, follow","index, follow, max-video-preview:-1, max-image-preview:large, max-snippet:-1","","","https://eghiseul.ro/servicii/extras-de-carte-funciara/alba/","","","","","","255510","39939","39939","5,919","","786","155","5,071","47,019","Hard","3,021","2","3","","14","14","0","6,010","101","67","0","6","5","0","","","","","fb6194e0bbe2c6fcd085671d183f8836","0,074","","","","","ro","1.1","","","","","","https://eghiseul.ro/servicii/extras-de-carte-funciara/alba/","2026-09-09 09:12:24"
"https://eghiseul.ro/servicii/extras-de-carte-funciara/mehedinti/","text/html; charset=utf-8","200","OK","Indexable","","Extras de Carte Funciară Online Mehedinți — 89 RON, Fără Drum la OCPI | eGhiseul.ro","83","758","Obține extrasul de carte funciară pentru un imobil din județul Mehedinți online, fără drum la OCPI Mehedinți. 89 RON, taxe incluse, livrare pe email în câteva minute.","166","998","cazier judiciar online,cazier fiscal,certificat constatator,extras carte funciară,certificat de integritate comportamentală,documente online,acte online România","160","Extras de Carte Funciară OnlineMehedinți","40","Ce este extrasul de carte funciară","34","Tipuri de extras de carte funciară","34","index, follow","index, follow, max-video-preview:-1, max-image-preview:large, max-snippet:-1","","","https://eghiseul.ro/servicii/extras-de-carte-funciara/mehedinti/","","","","","","255890","39925","39925","5,917","","781","150","5,207","42,533","Hard","3,039","2","3","","14","14","0","6,010","101","67","0","6","5","0","","","","","e69dcc0ca317600cf066c5b0860a9a97","0,057","","","","","ro","1.1","","","","","","https://eghiseul.ro/servicii/extras-de-carte-funciara/mehedinti/","2026-09-09 09:12:24"
"https://eghiseul.ro/servicii/extras-de-carte-funciara/galati/","text/html; charset=utf-8","200","OK","Indexable","","Extras de Carte Funciară Online Galați — 89 RON, Fără Drum la OCPI | eGhiseul.ro","80","722","Obține extrasul de carte funciară pentru un imobil din județul Galați online, fără drum la OCPI Galați. 89 RON, taxe incluse, livrare pe email în câteva minute.","160","950","cazier judiciar online,cazier fiscal,certificat constatator,extras carte funciară,certificat de integritate comportamentală,documente online,acte online România","160","Extras de Carte Funciară OnlineGalați","37","Ce este extrasul de carte funciară","34","Tipuri de extras de carte funciară","34","index, follow","index, follow, max-video-preview:-1, max-image-preview:large, max-snippet:-1","","","https://eghiseul.ro/servicii/extras-de-carte-funciara/galati/","","","","","","276331","42481","42481","6,296","","980","184","5,326","44,142","Hard","3,252","2","3","","14","14","0","6,010","101","67","0","6","5","0","","","","","c08b10778bb4eda6d5bd21db8a2865dc","0,038","","","","","ro","1.1","","","","","","https://eghiseul.ro/servicii/extras-de-carte-funciara/galati/","2026-09-09 09:12:24"
"https://eghiseul.ro/servicii/extras-de-carte-funciara/timis/","text/html; charset=utf-8","200","OK","Indexable","","Extras de Carte Funciară Online Timiș — 89 RON, Fără Drum la OCPI | eGhiseul.ro","79","719","Obține extrasul de carte funciară pentru un imobil din județul Timiș online, fără drum la OCPI Timiș. 89 RON, taxe incluse, livrare pe email în câteva minute.","158","942","cazier judiciar online,cazier fiscal,certificat constatator,extras carte funciară,certificat de integritate comportamentală,documente online,acte online România","160","Extras de Carte Funciară OnlineTimiș","36","Ce este extrasul de carte funciară","34","Tipuri de extras de carte funciară","34","index, follow","index, follow, max-video-preview:-1, max-image-preview:large, max-snippet:-1","","","https://eghiseul.ro/servicii/extras-de-carte-funciara/timis/","","","","","","275498","42528","42528","6,303","","981","172","5,703","44,868","Hard","3,263","2","3","","14","14","0","6,010","101","67","0","6","5","0","","","","","128b0aae450e6195ea4af2349a1e098","0,045","","","","","ro","1.1","","","","","","https://eghiseul.ro/servicii/extras-de-carte-funciara/timis/","2026-09-09 09:12:24"
"https://eghiseul.ro/servicii/extras-de-carte-funciara/caras-severin/","text/html; charset=utf-8","200","OK","Indexable","","Extras de Carte Funciară Online Caraș-Severin — 89 RON, Fără Drum la OCPI | eGhiseul.ro","87","794","Obține extrasul de carte funciară pentru un imobil din județul Caraș-Severin online, fără drum la OCPI Caraș-Severin. 89 RON, taxe incluse, livrare pe email în câteva minute.","174","1048","cazier judiciar online,cazier fiscal,certificat constatator,extras carte funciară,certificat de integritate comportamentală,documente online,acte online România","160","Extras de Carte Funciară OnlineCaraș-Severin","44","Ce este extrasul de carte funciară","34","Tipuri de extras de carte funciară","34","index, follow","index, follow, max-video-preview:-1, max-image-preview:large, max-snippet:-1","","","https://eghiseul.ro/servicii/extras-de-carte-funciara/caras-severin/","","","","","","256405","39967","39967","5,923","","785","156","5,032","40,179","Hard","3,084","2","3","","14","14","0","6,010","101","67","0","6","5","0","","","","","6f12ef22e2a31fdb168234a216b88d2b","0,060","","","","","ro","1.1","","","","","","https://eghiseul.ro/servicii/extras-de-carte-funciara/caras-severin/","2026-09-09 09:12:24"
"https://eghiseul.ro/servicii/extras-de-carte-funciara/bacau/","text/html; charset=utf-8","200","OK","Indexable","","Extras de Carte Funciară Online Bacău — 89 RON, Fără Drum la OCPI | eGhiseul.ro","79","724","Obține extrasul de carte funciară pentru un imobil din județul Bacău online, fără drum la OCPI Bacău. 89 RON, taxe incluse, livrare pe email în câteva minute.","158","956","cazier judiciar online,cazier fiscal,certificat constatator,extras carte funciară,certificat de integritate comportamentală,documente online,acte online România","160","Extras de Carte Funciară OnlineBacău","36","Ce este extrasul de carte funciară","34","Tipuri de extras de carte funciară","34","index, follow","index, follow, max-video-preview:-1, max-image-preview:large, max-snippet:-1","","","https://eghiseul.ro/servicii/extras-de-carte-funciara/bacau/","","","","","","254377","39783","39783","5,896","","775","142","5,458","46,723","Hard","3,007","2","3","","14","14","0","6,010","101","67","0","6","5","0","","","","","dcbdc4d9dc51bd5327a52615170032e2","0,040","","","","","ro","1.1","","","","","","https://eghiseul.ro/servicii/extras-de-carte-funciara/bacau/","2026-09-09 09:12:24"
"https://eghiseul.ro/servicii/extras-de-carte-funciara/covasna/","text/html; charset=utf-8","200","OK","Indexable","","Extras de Carte Funciară Online Covasna — 89 RON, Fără Drum la OCPI | eGhiseul.ro","81","746","Obține extrasul de carte funciară pentru un imobil din județul Covasna online, fără drum la OCPI Covasna. 89 RON, taxe incluse, livrare pe email în câteva minute.","162","986","cazier judiciar online,cazier fiscal,certificat constatator,extras carte funciară,certificat de integritate comportamentală,documente online,acte online România","160","Extras de Carte Funciară OnlineCovasna","38","Ce este extrasul de carte funciară","34","Tipuri de extras de carte funciară","34","index, follow","index, follow, max-video-preview:-1, max-image-preview:large, max-snippet:-1","","","https://eghiseul.ro/servicii/extras-de-carte-funciara/covasna/","","","","","","255784","39938","39938","5,919","","787","156","5,045","45,092","Hard","3,044","2","3","","14","14","0","6,010","101","67","0","6","5","0","","","","","6dcf92bb8c2596b56561e0dbd2f8b6a6","0,044","","","","","ro","1.1","","","","","","https://eghiseul.ro/servicii/extras-de-carte-funciara/covasna/","2026-09-09 09:12:24"
"https://eghiseul.ro/_next/static/chunks/08635c9660ad96b8.js?dpl=dpl_67tH8DnrrsjBhYi55ERePfEYAbMi","application/javascript; charset=utf-8","200","OK","Indexable","","","0","0","","0","0","","0","","0","","0","","0","","","","","","","","","","","0","0","0","0,000","","0","","","","","0,000","2","3","","0","0","0","0,000","0","0","0","0","0","0","","","","","","0,037","Wed, 09 Sep 2026 05:54:27 GMT","","","","","1.1","","","","","","https://eghiseul.ro/_next/static/chunks/08635c9660ad96b8.js?dpl=dpl_67tH8DnrrsjBhYi55ERePfEYAbMi","2026-09-09 09:12:25"
"https://eghiseul.ro/_next/image/?url=%2Fimages%2Fextras-cf-specimen.webp&w=3840&q=75","image/webp","200","OK","Indexable","","","0","0","","0","0","","0","","0","","0","","0","","","","","","","","","","","130696","130696","130696","19,369","","0","","","","","0,000","2","2","","0","0","0","0,000","0","0","0","0","0","0","","","","","","0,211","Sat, 08 Aug 2026 16:14:06 GMT","","","","","1.1","","","","","","https://eghiseul.ro/_next/image/?url=%2Fimages%2Fextras-cf-specimen.webp&w=3840&q=75","2026-09-09 09:12:24"
"https://eghiseul.ro/servicii/extras-de-carte-funciara/buzau/","text/html; charset=utf-8","200","OK","Indexable","","Extras de Carte Funciară Online Buzău — 89 RON, Fără Drum la OCPI | eGhiseul.ro","79","724","Obține extrasul de carte funciară pentru un imobil din județul Buzău online, fără drum la OCPI Buzău. 89 RON, taxe incluse, livrare pe email în câteva minute.","158","956","cazier judiciar online,cazier fiscal,certificat constatator,extras carte funciară,certificat de integritate comportamentală,documente online,acte online România","160","Extras de Carte Funciară OnlineBuzău","36","Ce este extrasul de carte funciară","34","Tipuri de extras de carte funciară","34","index, follow","index, follow, max-video-preview:-1, max-image-preview:large, max-snippet:-1","","","https://eghiseul.ro/servicii/extras-de-carte-funciara/buzau/","","","","","","255670","39917","39917","5,916","","784","153","5,124","46,894","Hard","3,025","2","3","","14","14","0","6,010","101","67","0","6","5","0","","","","","2f4e5272ce382d0e27fa50c922b5d84e","0,048","","","","","ro","1.1","","","","","","https://eghiseul.ro/servicii/extras-de-carte-funciara/buzau/","2026-09-09 09:12:25"
"https://eghiseul.ro/servicii/extras-de-carte-funciara/dolj/","text/html; charset=utf-8","200","OK","Indexable","","Extras de Carte Funciară Online Dolj — 89 RON, Fără Drum la OCPI | eGhiseul.ro","78","703","Obține extrasul de carte funciară pentru un imobil din județul Dolj online, fără drum la OCPI Dolj. 89 RON, taxe incluse, livrare pe email în câteva minute.","156","922","cazier judiciar online,cazier fiscal,certificat constatator,extras carte funciară,certificat de integritate comportamentală,documente online,acte online România","160","Extras de Carte Funciară OnlineDolj","35","Ce este extrasul de carte funciară","34","Tipuri de extras de carte funciară","34","index, follow","index, follow, max-video-preview:-1, max-image-preview:large, max-snippet:-1","","","https://eghiseul.ro/servicii/extras-de-carte-funciara/dolj/","","","","","","276188","42514","42514","6,301","","971","187","5,193","49,703","Hard","3,219","2","3","","14","14","0","6,010","101","67","0","6","5","0","","","","","cfd54409ca62043a1885e6ff3c30ff5a","0,117","","","","","ro","1.1","","","","","","https://eghiseul.ro/servicii/extras-de-carte-funciara/dolj/","2026-09-09 09:12:24"
"https://eghiseul.ro/valabilitate-extras-de-carte-funciara/","text/html; charset=utf-8","200","OK","Indexable","","Valabilitate Extras de Carte Funciară: Cât Este Valabil | eGhiseul.ro","69","593","Cât este valabil extrasul de carte funciară emis de ANCPI: în general 30 de zile. Cum verifici valabilitatea online, ce faci când expiră și cât ține un extras pentru informare.","176","1029","cazier judiciar online,cazier fiscal,certificat constatator,extras carte funciară,certificat de integritate comportamentală,documente online,acte online România","160","Valabilitate Extras de Carte Funciară: Cât Este Valabil","55","De ce este importantă valabilitatea extrasului de carte funciară?","65","Termenul de valabilitate al extrasului de carte funciară","56","index, follow","index, follow, max-video-preview:-1, max-image-preview:large, max-snippet:-1","","","https://eghiseul.ro/valabilitate-extras-de-carte-funciara/","","","","","","186064","30501","30501","4,520","","804","123","6,537","37,945","Hard","4,320","2","1","","4","4","0","1,720","86","54","0","4","3","0","","","","","ebe40b7b76225ddf27c9275946085886","0,045","","","","","ro","1.1","","","","","","https://eghiseul.ro/valabilitate-extras-de-carte-funciara/","2026-09-09 09:12:25"
"https://eghiseul.ro/servicii/extras-de-carte-funciara/ilfov/","text/html; charset=utf-8","200","OK","Indexable","","Extras de Carte Funciară Online Ilfov — 89 RON, Fără Drum la OCPI | eGhiseul.ro","79","707","Obține extrasul de carte funciară pentru un imobil din județul Ilfov online, fără drum la OCPI Ilfov. 89 RON, taxe incluse, livrare pe email în câteva minute.","158","930","cazier judiciar online,cazier fiscal,certificat constatator,extras carte funciară,certificat de integritate comportamentală,documente online,acte online România","160","Extras de Carte Funciară OnlineIlfov","36","Ce este extrasul de carte funciară","34","Tipuri de extras de carte funciară","34","index, follow","index, follow, max-video-preview:-1, max-image-preview:large, max-snippet:-1","","","https://eghiseul.ro/servicii/extras-de-carte-funciara/ilfov/","","","","","","275016","42248","42248","6,261","","960","170","5,647","44,064","Hard","3,225","2","3","","14","14","0","6,010","101","67","0","6","5","0","","","","","68b9f28242b548d1ae0cafa6b48647a6","0,220","","","","","ro","1.1","","","","","","https://eghiseul.ro/servicii/extras-de-carte-funciara/ilfov/","2026-09-09 09:12:25"
"https://eghiseul.ro/servicii/extras-de-carte-funciara/tulcea/","text/html; charset=utf-8","200","OK","Indexable","","Extras de Carte Funciară Online Tulcea — 89 RON, Fără Drum la OCPI | eGhiseul.ro","80","729","Obține extrasul de carte funciară pentru un imobil din județul Tulcea online, fără drum la OCPI Tulcea. 89 RON, taxe incluse, livrare pe email în câteva minute.","160","958","cazier judiciar online,cazier fiscal,certificat constatator,extras carte funciară,certificat de integritate comportamentală,documente online,acte online România","160","Extras de Carte Funciară OnlineTulcea","37","Ce este extrasul de carte funciară","34","Tipuri de extras de carte funciară","34","index, follow","index, follow, max-video-preview:-1, max-image-preview:large, max-snippet:-1","","","https://eghiseul.ro/servicii/extras-de-carte-funciara/tulcea/","","","","","","254302","39731","39731","5,888","","774","143","5,413","47,006","Hard","3,010","2","3","","14","14","0","6,010","101","67","0","6","5","0","","","","","2c11ace58856a48d7ea772a2cf821d5d","0,048","","","","","ro","1.1","","","","","","https://eghiseul.ro/servicii/extras-de-carte-funciara/tulcea/","2026-09-09 09:12:25"
"https://eghiseul.ro/servicii/extras-de-carte-funciara/satu-mare/","text/html; charset=utf-8","200","OK","Indexable","","Extras de Carte Funciară Online Satu Mare — 89 RON, Fără Drum la OCPI | eGhiseul.ro","83","761","Obține extrasul de carte funciară pentru un imobil din județul Satu Mare online, fără drum la OCPI Satu Mare. 89 RON, taxe incluse, livrare pe email în câteva minute.","166","1004","cazier judiciar online,cazier fiscal,certificat constatator,extras carte funciară,certificat de integritate comportamentală,documente online,acte online România","160","Extras de Carte Funciară OnlineSatu Mare","40","Ce este extrasul de carte funciară","34","Tipuri de extras de carte funciară","34","index, follow","index, follow, max-video-preview:-1, max-image-preview:large, max-snippet:-1","","","https://eghiseul.ro/servicii/extras-de-carte-funciara/satu-mare/","","","","","","255795","39848","39848","5,905","","801","150","5,340","47,952","Hard","3,036","2","3","","14","14","0","6,010","101","67","0","6","5","0","","","","","b7145e774da37f2e4de2b22dd1e1be2","0,052","","","","","ro","1.1","","","","","","https://eghiseul.ro/servicii/extras-de-carte-funciara/satu-mare/","2026-09-09 09:12:25"
"https://eghiseul.ro/servicii/extras-de-carte-funciara/teleorman/","text/html; charset=utf-8","200","OK","Indexable","","Extras de Carte Funciară Online Teleorman — 89 RON, Fără Drum la OCPI | eGhiseul.ro","83","766","Obține extrasul de carte funciară pentru un imobil din județul Teleorman online, fără drum la OCPI Teleorman. 89 RON, taxe incluse, livrare pe email în câteva minute.","166","1008","cazier judiciar online,cazier fiscal,certificat constatator,extras carte funciară,certificat de integritate comportamentală,documente online,acte online România","160","Extras de Carte Funciară OnlineTeleorman","40","Ce este extrasul de carte funciară","34","Tipuri de extras de carte funciară","34","index, follow","index, follow, max-video-preview:-1, max-image-preview:large, max-snippet:-1","","","https://eghiseul.ro/servicii/extras-de-carte-funciara/teleorman/","","","","","","254555","39710","39710","5,885","","772","144","5,361","44,357","Hard","3,028","2","3","","14","14","0","6,010","101","67","0","6","5","0","","","","","94e8ab132db2fb6dd50273c02f87660","0,297","","","","","ro","1.1","","","","","","https://eghiseul.ro/servicii/extras-de-carte-funciara/teleorman/","2026-09-09 09:12:25"
"https://eghiseul.ro/servicii/extras-de-carte-funciara/vrancea/","text/html; charset=utf-8","200","OK","Indexable","","Extras de Carte Funciară Online Vrancea — 89 RON, Fără Drum la OCPI | eGhiseul.ro","81","743","Obține extrasul de carte funciară pentru un imobil din județul Vrancea online, fără drum la OCPI Vrancea. 89 RON, taxe incluse, livrare pe email în câteva minute.","162","980","cazier judiciar online,cazier fiscal,certificat constatator,extras carte funciară,certificat de integritate comportamentală,documente online,acte online România","160","Extras de Carte Funciară OnlineVrancea","38","Ce este extrasul de carte funciară","34","Tipuri de extras de carte funciară","34","index, follow","index, follow, max-video-preview:-1, max-image-preview:large, max-snippet:-1","","","https://eghiseul.ro/servicii/extras-de-carte-funciara/vrancea/","","","","","","255760","39945","39945","5,920","","785","156","5,032","47,400","Hard","3,038","2","3","","14","14","0","6,010","101","67","0","6","5","0","","","","","13c0ef235a294aae34a06845740be3da","0,068","","","","","ro","1.1","","","","","","https://eghiseul.ro/servicii/extras-de-carte-funciara/vrancea/","2026-09-09 09:12:25"
"https://eghiseul.ro/servicii/extras-de-carte-funciara/bistrita-nasaud/","text/html; charset=utf-8","200","OK","Indexable","","Extras de Carte Funciară Online Bistrița-Năsăud — 89 RON, Fără Drum la OCPI | eGhiseul.ro","89","807","Obține extrasul de carte funciară pentru un imobil din județul Bistrița-Năsăud online, fără drum la OCPI Bistrița-Năsăud. 89 RON, taxe incluse, livrare pe email în câteva minute.","178","1072","cazier judiciar online,cazier fiscal,certificat constatator,extras carte funciară,certificat de integritate comportamentală,documente online,acte online România","160","Extras de Carte Funciară OnlineBistrița-Năsăud","46","Ce este extrasul de carte funciară","34","Tipuri de extras de carte funciară","34","index, follow","index, follow, max-video-preview:-1, max-image-preview:large, max-snippet:-1","","","https://eghiseul.ro/servicii/extras-de-carte-funciara/bistrita-nasaud/","","","","","","255529","39867","39867","5,908","","776","145","5,352","42,451","Hard","3,079","2","3","","14","14","0","6,010","101","67","0","6","5","0","","","","","ac906d7a1d35107a2d780711de4b9651","0,369","","","","","ro","1.1","","","","","","https://eghiseul.ro/servicii/extras-de-carte-funciara/bistrita-nasaud/","2026-09-09 09:12:25"
"https://eghiseul.ro/servicii/extras-de-carte-funciara/arges/","text/html; charset=utf-8","200","OK","Indexable","","Extras de Carte Funciară Online Argeș — 89 RON, Fără Drum la OCPI | eGhiseul.ro","79","721","Obține extrasul de carte funciară pentru un imobil din județul Argeș online, fără drum la OCPI Argeș. 89 RON, taxe incluse, livrare pe email în câteva minute.","158","948","cazier judiciar online,cazier fiscal,certificat constatator,extras carte funciară,certificat de integritate comportamentală,documente online,acte online România","160","Extras de Carte Funciară OnlineArgeș","36","Ce este extrasul de carte funciară","34","Tipuri de extras de carte funciară","34","index, follow","index, follow, max-video-preview:-1, max-image-preview:large, max-snippet:-1","","","https://eghiseul.ro/servicii/extras-de-carte-funciara/arges/","","","","","","276417","42645","42645","6,320","","968","181","5,348","45,928","Hard","3,228","2","3","","14","14","0","6,010","101","67","0","6","5","0","","","","","d230e8f3f5d53c095dccec2daf82f94c","0,135","","","","","ro","1.1","","","","","","https://eghiseul.ro/servicii/extras-de-carte-funciara/arges/","2026-09-09 09:12:25"
"https://eghiseul.ro/servicii/extras-de-carte-funciara/mures/","text/html; charset=utf-8","200","OK","Indexable","","Extras de Carte Funciară Online Mureș — 89 RON, Fără Drum la OCPI | eGhiseul.ro","79","725","Obține extrasul de carte funciară pentru un imobil din județul Mureș online, fără drum la OCPI Mureș. 89 RON, taxe incluse, livrare pe email în câteva minute.","158","954","cazier judiciar online,cazier fiscal,certificat constatator,extras carte funciară,certificat de integritate comportamentală,documente online,acte online România","160","Extras de Carte Funciară OnlineMureș","36","Ce este extrasul de carte funciară","34","Tipuri de extras de carte funciară","34","index, follow","index, follow, max-video-preview:-1, max-image-preview:large, max-snippet:-1","","","https://eghiseul.ro/servicii/extras-de-carte-funciara/mures/","","","","","","276638","42615","42615","6,316","","987","182","5,423","47,988","Hard","3,258","2","3","","14","14","0","6,010","101","67","0","6","5","0","","","","","1c80f24f598219632a445e42df5c4180","0,055","","","","","ro","1.1","","","","","","https://eghiseul.ro/servicii/extras-de-carte-funciara/mures/","2026-09-09 09:12:25"
"https://eghiseul.ro/servicii/extras-de-carte-funciara/bihor/","text/html; charset=utf-8","200","OK","Indexable","","Extras de Carte Funciară Online Bihor — 89 RON, Fără Drum la OCPI | eGhiseul.ro","79","715","Obține extrasul de carte funciară pentru un imobil din județul Bihor online, fără drum la OCPI Bihor. 89 RON, taxe incluse, livrare pe email în câteva minute.","158","942","cazier judiciar online,cazier fiscal,certificat constatator,extras carte funciară,certificat de integritate comportamentală,documente online,acte online România","160","Extras de Carte Funciară OnlineBihor","36","Ce este extrasul de carte funciară","34","Tipuri de extras de carte funciară","34","index, follow","index, follow, max-video-preview:-1, max-image-preview:large, max-snippet:-1","","","https://eghiseul.ro/servicii/extras-de-carte-funciara/bihor/","","","","","","275254","42521","42521","6,302","","978","171","5,719","46,016","Hard","3,249","2","3","","14","14","0","6,010","101","67","0","6","5","0","","","","","91822e08cb98f6325a23f3e832f9531d","0,060","","","","","ro","1.1","","","","","","https://eghiseul.ro/servicii/extras-de-carte-funciara/bihor/","2026-09-09 09:12:25"
"https://eghiseul.ro/servicii/extras-de-carte-funciara/suceava/","text/html; charset=utf-8","200","OK","Indexable","","Extras de Carte Funciară Online Suceava — 89 RON, Fără Drum la OCPI | eGhiseul.ro","81","745","Obține extrasul de carte funciară pentru un imobil din județul Suceava online, fără drum la OCPI Suceava. 89 RON, taxe incluse, livrare pe email în câteva minute.","162","982","cazier judiciar online,cazier fiscal,certificat constatator,extras carte funciară,certificat de integritate comportamentală,documente online,acte online România","160","Extras de Carte Funciară OnlineSuceava","38","Ce este extrasul de carte funciară","34","Tipuri de extras de carte funciară","34","index, follow","index, follow, max-video-preview:-1, max-image-preview:large, max-snippet:-1","","","https://eghiseul.ro/servicii/extras-de-carte-funciara/suceava/","","","","","","276627","42590","42590","6,312","","987","186","5,306","43,735","Hard","3,284","2","3","","14","14","0","6,010","101","67","0","6","5","0","","","","","afa656868fb4c0ee90ee81ec565907ae","0,059","","","","","ro","1.1","","","","","","https://eghiseul.ro/servicii/extras-de-carte-funciara/suceava/","2026-09-09 09:12:25"
"https://eghiseul.ro/servicii/extras-de-carte-funciara/braila/","text/html; charset=utf-8","200","OK","Indexable","","Extras de Carte Funciară Online Brăila — 89 RON, Fără Drum la OCPI | eGhiseul.ro","80","720","Obține extrasul de carte funciară pentru un imobil din județul Brăila online, fără drum la OCPI Brăila. 89 RON, taxe incluse, livrare pe email în câteva minute.","160","948","cazier judiciar online,cazier fiscal,certificat constatator,extras carte funciară,certificat de integritate comportamentală,documente online,acte online România","160","Extras de Carte Funciară OnlineBrăila","37","Ce este extrasul de carte funciară","34","Tipuri de extras de carte funciară","34","index, follow","index, follow, max-video-preview:-1, max-image-preview:large, max-snippet:-1","","","https://eghiseul.ro/servicii/extras-de-carte-funciara/braila/","","","","","","254390","39731","39731","5,888","","773","142","5,444","46,885","Hard","3,008","2","3","","14","14","0","6,010","101","67","0","6","5","0","","","","","eebfc179b0b0d050abf5c8e594882d16","0,057","","","","","ro","1.1","","","","","","https://eghiseul.ro/servicii/extras-de-carte-funciara/braila/","2026-09-09 09:12:25"
"https://eghiseul.ro/servicii/extras-de-carte-funciara/prahova/","text/html; charset=utf-8","200","OK","Indexable","","Extras de Carte Funciară Online Prahova — 89 RON, Fără Drum la OCPI | eGhiseul.ro","81","743","Obține extrasul de carte funciară pentru un imobil din județul Prahova online, fără drum la OCPI Prahova. 89 RON, taxe incluse, livrare pe email în câteva minute.","162","982","cazier judiciar online,cazier fiscal,certificat constatator,extras carte funciară,certificat de integritate comportamentală,documente online,acte online România","160","Extras de Carte Funciară OnlinePrahova","38","Ce este extrasul de carte funciară","34","Tipuri de extras de carte funciară","34","index, follow","index, follow, max-video-preview:-1, max-image-preview:large, max-snippet:-1","","","https://eghiseul.ro/servicii/extras-de-carte-funciara/prahova/","","","","","","275127","42227","42227","6,258","","955","172","5,552","45,110","Hard","3,215","2","3","","14","14","0","6,010","101","67","0","6","5","0","","","","","a6b820c9f13a15e5bc412b90994263dc","0,045","","","","","ro","1.1","","","","","","https://eghiseul.ro/servicii/extras-de-carte-funciara/prahova/","2026-09-09 09:12:25"
"https://eghiseul.ro/tabel-varsta-pensionare-anticipata-femei/","text/html; charset=utf-8","200","OK","Indexable","","Tabel Vârstă Pensionare Anticipată Femei (actualizat) | eGhiseul.ro","67","600","Tabelul complet cu vârsta de pensionare anticipată pentru femei, conform Legii 360/2023: luna și anul nașterii, stagiul complet de cotizare, luna pensionării anticipate și vârsta la ieșirea la pensie.","200","1192","cazier judiciar online,cazier fiscal,certificat constatator,extras carte funciară,certificat de integritate comportamentală,documente online,acte online România","160","Tabel Vârstă Pensionare Anticipată Femei (actualizat)","53","Ce este pensia anticipată?","26","Condițiile principale pentru pensionarea anticipată","51","index, follow","index, follow, max-video-preview:-1, max-image-preview:large, max-snippet:-1","","","https://eghiseul.ro/tabel-varsta-pensionare-anticipata-femei/","","","","","","297232","44364","44364","6,575","","2560","411","6,229","100,000","Very Easy","6,242","2","1","","3","3","0","1,290","87","55","0","4","3","0","","","","","5a5c6d43f0d2b5f7a613de84a0be89ff","0,110","","","","","ro","1.1","","","","","","https://eghiseul.ro/tabel-varsta-pensionare-anticipata-femei/","2026-09-09 09:12:25"
"https://eghiseul.ro/cum-aflam-numarul-carte-functionara-si-nr-cadastral/","text/html; charset=utf-8","200","OK","Indexable","","Numărul cadastral și numărul de carte funciară: cum le afli și cum localizezi terenul | eGhiseul.ro","99","859","Cum afli numărul cadastral și numărul de carte funciară: din actul de proprietate, dintr-un extras CF mai vechi sau după adresă. Plus cum localizezi terenul pe hartă după numărul cadastral, pas cu pas.","201","1231","cazier judiciar online,cazier fiscal,certificat constatator,extras carte funciară,certificat de integritate comportamentală,documente online,acte online România","160","Numărul cadastral și numărul de carte funciară: cum le afli și cum localizezi terenul","85","Ce sunt cartea funciară și numărul cadastral?","45","De ce este important să știm aceste numere?","43","index, follow","index, follow, max-video-preview:-1, max-image-preview:large, max-snippet:-1","","","https://eghiseul.ro/cum-aflam-numarul-carte-functionara-si-nr-cadastral/","","","","","","216448","37271","37271","5,524","","1627","241","6,751","42,794","Hard","6,151","2","1","","9","7","0","3,000","104","62","0","4","3","0","","","","","fad2748ffd21d1614ac94437be5c7838","0,232","","","","","ro","1.1","","","","","","https://eghiseul.ro/cum-aflam-numarul-carte-functionara-si-nr-cadastral/","2026-09-09 09:12:25"
"https://eghiseul.ro/servicii/extras-de-carte-funciara/calarasi/","text/html; charset=utf-8","200","OK","Indexable","","Extras de Carte Funciară Online Călărași — 89 RON, Fără Drum la OCPI | eGhiseul.ro","82","742","Obține extrasul de carte funciară pentru un imobil din județul Călărași online, fără drum la OCPI Călărași. 89 RON, taxe incluse, livrare pe email în câteva minute.","164","978","cazier judiciar online,cazier fiscal,certificat constatator,extras carte funciară,certificat de integritate comportamentală,documente online,acte online România","160","Extras de Carte Funciară OnlineCălărași","39","Ce este extrasul de carte funciară","34","Tipuri de extras de carte funciară","34","index, follow","index, follow, max-video-preview:-1, max-image-preview:large, max-snippet:-1","","","https://eghiseul.ro/servicii/extras-de-carte-funciara/calarasi/","","","","","","256098","39968","39968","5,923","","783","152","5,151","46,236","Hard","3,045","2","3","","14","14","0","6,010","101","67","0","6","5","0","","","","","b7b9f4cccee55f8d64be6de2843b3dd3","0,098","","","","","ro","1.1","","","","","","https://eghiseul.ro/servicii/extras-de-carte-funciara/calarasi/","2026-09-09 09:12:25"
"https://eghiseul.ro/certificat-constatator-pentru-fonduri-europene/","text/html; charset=utf-8","200","OK","Indexable","","Certificat Constatator pentru Fonduri Europene și APIA: Ghid Complet | eGhiseul.ro","82","735","De ce ai nevoie de certificat constatator la dosarul de fonduri europene sau APIA/AFIR, ce dovedește, ce tip alegi și cum îl obții online prin eGhișeul.ro.","155","914","cazier judiciar online,cazier fiscal,certificat constatator,extras carte funciară,certificat de integritate comportamentală,documente online,acte online România","160","Certificat Constatator pentru Fonduri Europene și APIA: Ghid Complet","68","Ce este certificatul constatator și de ce îl cere finanțatorul","62","Unde se cere: granturi IMM vs. APIA și AFIR","43","index, follow","index, follow, max-video-preview:-1, max-image-preview:large, max-snippet:-1","","","https://eghiseul.ro/certificat-constatator-pentru-fonduri-europene/","","","","","","196839","35068","35068","5,197","","1437","208","6,909","41,279","Hard","6,073","2","1","","2","2","0","0,860","87","56","0","4","3","0","","","","","52e3f82d45c901aeb33f774d103ad367","0,042","","","","","ro","1.1","","","","","","https://eghiseul.ro/certificat-constatator-pentru-fonduri-europene/","2026-09-09 09:12:25"
"https://eghiseul.ro/cazier-fiscal-fara-spv/","text/html; charset=utf-8","200","OK","Indexable","","Cazier fiscal din SPV: cum îl ceri online și ce faci fără cont | eGhiseul.ro","76","631","Procedura pas cu pas pentru cazierul fiscal prin Spațiul Privat Virtual: înrolarea în SPV online sau la ghișeu, formularele 502 și 504, cât durează eliberarea și ce alternative ai când contul ANAF nu poate fi activat.","217","1286","cazier judiciar online,cazier fiscal,certificat constatator,extras carte funciară,certificat de integritate comportamentală,documente online,acte online România","160","Cazier fiscal din SPV: cum îl ceri online de la ANAF și ce faci dacă nu poți activa contul (2026)","97","Ce este SPV și de ce este ruta gratuită","39","Cele două căi de înrolare în SPV","32","index, follow","index, follow, max-video-preview:-1, max-image-preview:large, max-snippet:-1","","","https://eghiseul.ro/cazier-fiscal-fara-spv/","","","","","","221418","39053","39053","5,788","","1970","284","6,937","52,496","Fairly Hard","6,820","2","1","","2","2","0","0,860","88","55","0","4","3","0","","","","","7160a2bc378972b2efd5f16af1aea660","0,060","","","","","ro","1.1","","","","","","https://eghiseul.ro/cazier-fiscal-fara-spv/","2026-09-09 09:12:25"
"https://eghiseul.ro/_next/image/?url=%2Fimages%2Farticole%2Fcat-poti-construi-pe-teren.webp&w=3840&q=75","image/webp","200","OK","Indexable","","","0","0","","0","0","","0","","0","","0","","0","","","","","","","","","","","106320","106320","106320","15,757","","0","","","","","0,000","2","2","","0","0","0","0,000","0","0","0","0","0","0","","","","","","0,258","Mon, 17 Aug 2026 16:33:19 GMT","","","","","1.1","","","","","","https://eghiseul.ro/_next/image/?url=%2Fimages%2Farticole%2Fcat-poti-construi-pe-teren.webp&w=3840&q=75","2026-09-09 09:12:25"
"https://eghiseul.ro/_next/image/?url=%2Fimages%2Farticole%2Fanii-lucrati-in-strainatate-se-pun-la-pensie-in-romania.webp&w=3840&q=75","image/webp","200","OK","Indexable","","","0","0","","0","0","","0","","0","","0","","0","","","","","","","","","","","31760","31760","31760","4,707","","0","","","","","0,000","2","2","","0","0","0","0,000","0","0","0","0","0","0","","","","","","0,341","Sat, 08 Aug 2026 01:54:49 GMT","","","","","1.1","","","","","","https://eghiseul.ro/_next/image/?url=%2Fimages%2Farticole%2Fanii-lucrati-in-strainatate-se-pun-la-pensie-in-romania.webp&w=3840&q=75","2026-09-09 09:12:25"
"https://eghiseul.ro/sms-fals-amenda-ghiseul-ro/","text/html; charset=utf-8","200","OK","Indexable","","SMS Fals cu Amendă de la „Ministerul Transporturilor”: frauda care imită Ghișeul.ro | eGhiseul.ro","97","857","DNSC avertizează: SMS-uri false cu amenzi de circulație trimit șoferii pe ghiiseul.cc, o clonă a platformei Ghișeul.ro care fură datele cardului. Cum recunoști mesajul, ce faci dacă ai introdus cardul și cum verifici o amendă reală.","232","1380","cazier judiciar online,cazier fiscal,certificat constatator,extras carte funciară,certificat de integritate comportamentală,documente online,acte online România","160","SMS Fals cu Amendă de la „Ministerul Transporturilor”: frauda care imită Ghișeul.ro","83","Pe scurt: ce e frauda și de ce funcționează","43","Cum arată mesajul și semnele că e fals","38","index, follow","index, follow, max-video-preview:-1, max-image-preview:large, max-snippet:-1","","","https://eghiseul.ro/sms-fals-amenda-ghiseul-ro/","","","","","","197350","34355","34355","5,091","","1030","192","5,365","53,627","Fairly Hard","4,692","2","1","","2","2","0","0,860","87","54","0","8","6","0","","","","","c1c545aadac3f1f82b8e82d145a04f09","0,053","","","","","ro","1.1","","","","","","https://eghiseul.ro/sms-fals-amenda-ghiseul-ro/","2026-09-09 09:12:25"
"https://eghiseul.ro/certificat-constatator-pentru-notar/","text/html; charset=utf-8","200","OK","Indexable","","Certificat Constatator pentru Notar: Ce Tip Îți Cere și Cum Îl Obții | eGhiseul.ro","82","693","Notarul îți cere un certificat constatator de cel mult 30 de zile pentru cesiune de părți sociale, vânzarea firmei sau acte imobiliare. Vezi ce versiune accepți și cum îl obții online.","184","1063","cazier judiciar online,cazier fiscal,certificat constatator,extras carte funciară,certificat de integritate comportamentală,documente online,acte online România","160","Certificat Constatator pentru Notar: Ce Tip Îți Cere și Cum Îl Obții","68","De ce îți cere notarul un certificat constatator","48","Pentru ce acte notariale ai nevoie de certificat constatator","60","index, follow","index, follow, max-video-preview:-1, max-image-preview:large, max-snippet:-1","","","https://eghiseul.ro/certificat-constatator-pentru-notar/","","","","","","198623","34884","34884","5,170","","1470","208","7,067","52,964","Fairly Hard","5,960","2","1","","4","3","0","1,290","88","54","0","4","3","0","","","","","480ab52ab2aedb191d57a2e4a3505851","0,062","","","","","ro","1.1","","","","","","https://eghiseul.ro/certificat-constatator-pentru-notar/","2026-09-09 09:12:25"
"https://eghiseul.ro/cazier-si-certificat-de-integritate-pentru-profesori/","text/html; charset=utf-8","200","OK","Indexable","","Cazier și Certificat de Integritate pentru Profesori (Ghid) | eGhiseul.ro","73","616","Cine trebuie să prezinte cazierul judiciar și certificatul de integritate comportamentală la angajarea în învățământ, cât sunt valabile, dacă se depun din nou la fiecare 6 luni și cum le obții — gratuit sau online.","214","1256","cazier judiciar online,cazier fiscal,certificat constatator,extras carte funciară,certificat de integritate comportamentală,documente online,acte online România","160","Cazier judiciar și certificat de integritate pentru profesori: ce îți trebuie la începutul anului școlar","104","Ce arată datele: interesul explodează înainte de școală","55","Cine trebuie să prezinte cele două documente","44","index, follow","index, follow, max-video-preview:-1, max-image-preview:large, max-snippet:-1","","","https://eghiseul.ro/cazier-si-certificat-de-integritate-pentru-profesori/","","","","","","203017","35558","35558","5,270","","1396","217","6,433","48,256","Hard","5,746","2","1","","3","3","0","1,290","89","56","0","5","4","0","","","","","8876f484d3037c35d4349b2fd88bdebe","0,100","","","","","ro","1.1","","","","","","https://eghiseul.ro/cazier-si-certificat-de-integritate-pentru-profesori/","2026-09-09 09:12:25"
"https://eghiseul.ro/_next/image/?url=%2Fimages%2Farticole%2Fghid-complet-certificat-de-integritate-comportamentala.webp&w=3840&q=75","image/webp","200","OK","Indexable","","","0","0","","0","0","","0","","0","","0","","0","","","","","","","","","","","59470","59470","59470","8,813","","0","","","","","0,000","2","2","","0","0","0","0,000","0","0","0","0","0","0","","","","","","0,215","Sun, 09 Aug 2026 20:45:14 GMT","","","","","1.1","","","","","","https://eghiseul.ro/_next/image/?url=%2Fimages%2Farticole%2Fghid-complet-certificat-de-integritate-comportamentala.webp&w=3840&q=75","2026-09-09 09:12:25"
"https://eghiseul.ro/certificat-constatator-pentru-banca/","text/html; charset=utf-8","200","OK","Indexable","","Certificat Constatator pentru Bancă: De Ce Îl Cere și Cum Îl Obții | eGhiseul.ro","80","687","Banca îți cere certificat constatator emis în ultimele 30 de zile pentru cont de firmă sau credit. Vezi de ce, ce versiune îți trebuie și cum îl obții online ca PDF original.","174","993","cazier judiciar online,cazier fiscal,certificat constatator,extras carte funciară,certificat de integritate comportamentală,documente online,acte online România","160","Certificat Constatator pentru Bancă: De Ce Îl Cere și Cum Îl Obții","66","Ce este certificatul constatator","32","De ce îți cere banca un certificat constatator","46","index, follow","index, follow, max-video-preview:-1, max-image-preview:large, max-snippet:-1","","","https://eghiseul.ro/certificat-constatator-pentru-banca/","","","","","","199715","35472","35472","5,257","","1579","228","6,925","54,073","Fairly Hard","6,317","2","1","","4","3","0","1,290","90","55","0","4","3","0","","","","","d0359870c33551d45164885d827f83e2","0,058","","","","","ro","1.1","","","","","","https://eghiseul.ro/certificat-constatator-pentru-banca/","2026-09-09 09:12:25"
"https://eghiseul.ro/_next/image/?url=%2Fimages%2Farticole%2Fcazier-si-certificat-de-integritate-pentru-profesori.webp&w=3840&q=75","image/webp","200","OK","Indexable","","","0","0","","0","0","","0","","0","","0","","0","","","","","","","","","","","59022","59022","59022","8,747","","0","","","","","0,000","2","2","","0","0","0","0,000","0","0","0","0","0","0","","","","","","0,055","Thu, 03 Sep 2026 08:11:07 GMT","","","","","1.1","","","","","","https://eghiseul.ro/_next/image/?url=%2Fimages%2Farticole%2Fcazier-si-certificat-de-integritate-pentru-profesori.webp&w=3840&q=75","2026-09-09 09:12:26"
"https://eghiseul.ro/cazier-judiciar-vs-certificat-integritate-comportamentala/","text/html; charset=utf-8","200","OK","Indexable","","Cazier Judiciar vs Certificat de Integritate Comportamentală | eGhiseul.ro","74","655","Diferențele dintre cazierul judiciar (Legea nr. 290/2004) și certificatul de integritate comportamentală (Legea nr. 118/2019): ce conțin, când sunt necesare și pentru ce tip de angajare. Ghid complet + tabel comparativ.","219","1328","cazier judiciar online,cazier fiscal,certificat constatator,extras carte funciară,certificat de integritate comportamentală,documente online,acte online România","160","Cazier Judiciar vs Certificat de Integritate Comportamentală","60","Ce este cazierul judiciar?","26","Ce este certificatul de integritate comportamentală","51","index, follow","index, follow, max-video-preview:-1, max-image-preview:large, max-snippet:-1","","","https://eghiseul.ro/cazier-judiciar-vs-certificat-integritate-comportamentala/","","","","","","206356","36983","36983","5,481","","1486","252","5,897","18,954","Very Hard","6,490","2","1","","6","5","0","2,150","87","54","0","4","3","0","","","","","91a97ddd4ba2b32b63f79438deabf65e","0,052","","","","","ro","1.1","","","","","","https://eghiseul.ro/cazier-judiciar-vs-certificat-integritate-comportamentala/","2026-09-09 09:12:26"
"https://eghiseul.ro/verificare-cazier-fiscal/","text/html; charset=utf-8","200","OK","Indexable","","Verificare cazier fiscal: ce ai înscris și cât mai e valabil | eGhiseul.ro","74","601","Cum verifici situația ta în cazierul fiscal: de ce nu există interogare rapidă online, cum ceri certificatul de la ANAF, cum verifici semnătura electronică și codul de pe document, cât timp rămâne valabil și ce faci dacă apare o faptă pe care o credeai radiată.","261","1541","cazier judiciar online,cazier fiscal,certificat constatator,extras carte funciară,certificat de integritate comportamentală,documente online,acte online România","160","Verificare cazier fiscal: cum afli ce ai înscris, dacă certificatul e autentic și cât mai e valabil","99","Cum afli dacă ai ceva înscris","29","Ce scrie efectiv în certificat","30","index, follow","index, follow, max-video-preview:-1, max-image-preview:large, max-snippet:-1","","","https://eghiseul.ro/verificare-cazier-fiscal/","","","","","","220673","38915","38915","5,767","","1924","288","6,681","45,892","Hard","6,779","2","1","","2","2","0","0,860","89","55","0","4","3","0","","","","","4b7d16ad09f53f3a7c8c28a7c6166e71","0,139","","","","","ro","1.1","","","","","","https://eghiseul.ro/verificare-cazier-fiscal/","2026-09-09 09:12:25"
"https://eghiseul.ro/ancpi-nu-functioneaza/","text/html; charset=utf-8","200","OK","Indexable","","ANCPI / Cadastru: ce funcționează azi — status live | eGhiseul.ro","65","574","Update 21 august: e-Terra merge din nou pentru profesioniști, iar din 20 august a fost reactivat și „Link de plată"". Platformele online pentru public rămân OPRITE, iar între 11 și 19 august OCPI-urile au înregistrat 329.476 de cereri — deci întârzierile continuă. Noi eliberăm extrasul de carte funciară în 2 zile lucrătoare, prin partener autorizat.","350","2074","cazier judiciar online,cazier fiscal,certificat constatator,extras carte funciară,certificat de integritate comportamentală,documente online,acte online România","160","ANCPI și e-Terra: atac cibernetic, blocaj național din 13 iulie — sistemele revin etapizat, dar încă cu probleme; extrasul de carte funciară se poate obține în 2 zile lucrătoare","177","Ce s-a întâmplat, pe scurt","26","Mai e picat ANCPI? Starea sistemelor, în timp real","50","index, follow","index, follow, max-video-preview:-1, max-image-preview:large, max-snippet:-1","","","https://eghiseul.ro/ancpi-nu-functioneaza/","","","","","","358199","67130","67130","9,949","","5940","882","6,735","43,703","Hard","11,821","2","1","","9","7","0","3,000","93","57","0","9","8","0","","","","","2ab12ddb10424cf0d79e2e11532e5945","0,073","","","","","ro","1.1","","","","","","https://eghiseul.ro/ancpi-nu-functioneaza/","2026-09-09 09:12:25"
"https://eghiseul.ro/cazier-fiscal-firma/","text/html; charset=utf-8","200","OK","Indexable","","Cazier fiscal pentru firmă: când se cere și cine îl semnează | eGhiseul.ro","74","640","Cazierul fiscal al firmei și cel al asociaților sau administratorilor sunt două lucruri diferite. Când se cere fiecare, ce înseamnă inactivitatea fiscală pentru SRL sau PFA, ce se întâmplă la sediul expirat și ce acte sunt necesare pentru certificatul persoanei juridice.","271","1578","cazier judiciar online,cazier fiscal,certificat constatator,extras carte funciară,certificat de integritate comportamentală,documente online,acte online România","160","Cazier fiscal pentru firmă (persoană juridică): când se cere și ce verifică Registrul Comerțului (2026)","103","Cazierul firmei și cazierul asociatului sunt două documente diferite","68","Când se cere cazierul fiscal și al cui","38","index, follow","index, follow, max-video-preview:-1, max-image-preview:large, max-snippet:-1","","","https://eghiseul.ro/cazier-fiscal-firma/","","","","","","226929","39918","39918","5,916","","1999","282","7,089","33,783","Hard","7,185","2","1","","2","2","0","0,860","90","57","0","4","3","0","","","","","29e72f5430c1f1a36f32c269106f984a","0,123","","","","","ro","1.1","","","","","","https://eghiseul.ro/cazier-fiscal-firma/","2026-09-09 09:12:26"
"https://eghiseul.ro/_next/image/?url=%2Fimages%2Farticole%2Ftotul-despre-cartea-funciara-colectiva.webp&w=3840&q=75","image/webp","200","OK","Indexable","","","0","0","","0","0","","0","","0","","0","","0","","","","","","","","","","","54318","54318","54318","8,050","","0","","","","","0,000","2","2","","0","0","0","0,000","0","0","0","0","0","0","","","","","","0,187","Thu, 13 Aug 2026 08:29:26 GMT","","","","","1.1","","","","","","https://eghiseul.ro/_next/image/?url=%2Fimages%2Farticole%2Ftotul-despre-cartea-funciara-colectiva.webp&w=3840&q=75","2026-09-09 09:12:26"
"https://eghiseul.ro/tva-9-locuinte-31-iulie-2026/","text/html; charset=utf-8","200","OK","Indexable","","TVA 9% Locuințe — Prelungire 30 Septembrie 2026 (vot Senat) | eGhiseul.ro","73","674","Senatul a adoptat pe 27 iulie prelungirea termenului de livrare cu TVA 9% de la 31 iulie la 30 septembrie 2026, din cauza blocajului ANCPI. Nu e încă lege: urmează Camera Deputaților și Monitorul Oficial. Condițiile rămân neschimbate, iar antecontractul trebuia încheiat până la 1 august 2025.","293","1782","cazier judiciar online,cazier fiscal,certificat constatator,extras carte funciară,certificat de integritate comportamentală,documente online,acte online România","160","TVA 9% la locuințe: Senatul a votat prelungirea până pe 30 septembrie 2026. Ce e sigur și ce nu","95","Care sunt condițiile pentru TVA de 9%?","38","Cât pierzi dacă ratezi termenul de 31 iulie?","44","index, follow","index, follow, max-video-preview:-1, max-image-preview:large, max-snippet:-1","","","https://eghiseul.ro/tva-9-locuinte-31-iulie-2026/","","","","","","244195","43888","43888","6,504","","2300","368","6,250","68,773","Normal","6,891","2","1","","8","6","0","2,580","89","56","0","5","4","0","","","","","9d7080c6a4fd1dd557f55e452fe8bd08","0,060","","","","","ro","1.1","","","","","","https://eghiseul.ro/tva-9-locuinte-31-iulie-2026/","2026-09-09 09:12:26"
"https://eghiseul.ro/_next/image/?url=%2Fimages%2Farticole%2Fextras-carte-funciara-gratuit.webp&w=3840&q=75","image/webp","200","OK","Indexable","","","0","0","","0","0","","0","","0","","0","","0","","","","","","","","","","","45496","45496","45496","6,743","","0","","","","","0,000","2","2","","0","0","0","0,000","0","0","0","0","0","0","","","","","","0,288","Wed, 19 Aug 2026 00:14:34 GMT","","","","","1.1","","","","","","https://eghiseul.ro/_next/image/?url=%2Fimages%2Farticole%2Fextras-carte-funciara-gratuit.webp&w=3840&q=75","2026-09-09 09:12:26"
"https://eghiseul.ro/_next/image/?url=%2Fog%2Fservices%2Fcertificat-nastere.png&w=3840&q=75","image/png","200","OK","Indexable","","","0","0","","0","0","","0","","0","","0","","0","","","","","","","","","","","110118","110118","110118","16,319","","0","","","","","0,000","2","2","","0","0","0","0,000","0","0","0","0","0","0","","","","","","0,343","Thu, 20 Aug 2026 08:39:01 GMT","","","","","1.1","","","","","","https://eghiseul.ro/_next/image/?url=%2Fog%2Fservices%2Fcertificat-nastere.png&w=3840&q=75","2026-09-09 09:12:26"
"https://eghiseul.ro/_next/image/?url=%2Fimages%2Farticole%2Fcazier-fiscal-persoana-fizica.webp&w=3840&q=75","image/webp","200","OK","Indexable","","","0","0","","0","0","","0","","0","","0","","0","","","","","","","","","","","41822","41822","41822","6,198","","0","","","","","0,000","2","2","","0","0","0","0,000","0","0","0","0","0","0","","","","","","0,322","Fri, 07 Aug 2026 09:43:23 GMT","","","","","1.1","","","","","","https://eghiseul.ro/_next/image/?url=%2Fimages%2Farticole%2Fcazier-fiscal-persoana-fizica.webp&w=3840&q=75","2026-09-09 09:12:26"
"https://eghiseul.ro/certificat-de-nastere-pentru-buletin-pasaport/","text/html; charset=utf-8","200","OK","Indexable","","Certificat de naștere pentru buletin sau pașaport: când se cere | eGhiseul.ro","77","672","Când ți se cere certificatul de naștere și în ce formă: la buletin se cere în original de fiecare dată, la pașaport de regulă doar pentru minori. Plus ce faci dacă ai pierdut și buletinul, și certificatul de naștere.","216","1231","cazier judiciar online,cazier fiscal,certificat constatator,extras carte funciară,certificat de integritate comportamentală,documente online,acte online România","160","Certificat de naștere pentru buletin, pașaport, botez sau căsătorie: când se cere (2026)","88","Tabelul situațiilor","19","Buletin: certificatul de naștere se cere de fiecare dată","56","index, follow","index, follow, max-video-preview:-1, max-image-preview:large, max-snippet:-1","","","https://eghiseul.ro/certificat-de-nastere-pentru-buletin-pasaport/","","","","","","229958","40189","40189","5,956","","2314","322","7,186","50,339","Fairly Hard","7,522","2","1","","2","2","0","0,860","90","58","0","4","3","0","","","","","d06046c2b271ea60480afd72cc72b74f","0,098","","","","","ro","1.1","","","","","","https://eghiseul.ro/certificat-de-nastere-pentru-buletin-pasaport/","2026-09-09 09:12:26"
"https://eghiseul.ro/acte-necesare-casatorie/","text/html; charset=utf-8","200","OK","Indexable","","Acte Necesare Căsătorie: Dosarul Complet la Starea Civilă | eGhiseul.ro","71","636","Ghid complet cu actele necesare pentru căsătorie: declarația se depune personal de ambii soți, cu cel puțin 10 zile înainte. Certificate medicale prenupțiale, acte de identitate, certificate de naștere și cazurile speciale.","223","1311","cazier judiciar online,cazier fiscal,certificat constatator,extras carte funciară,certificat de integritate comportamentală,documente online,acte online România","160","Acte Necesare Căsătorie: Dosarul Complet la Starea Civilă","57","Unde și cum se depune declarația de căsătorie","45","Actele necesare pentru căsătorie","32","index, follow","index, follow, max-video-preview:-1, max-image-preview:large, max-snippet:-1","","","https://eghiseul.ro/acte-necesare-casatorie/","","","","","","192660","33799","33799","5,009","","1429","202","7,074","50,939","Fairly Hard","6,125","2","1","","2","2","0","0,860","88","57","0","4","3","0","","","","","208f4a6cc9764e38925e429e3c2cb127","0,046","","","","","ro","1.1","","","","","","https://eghiseul.ro/acte-necesare-casatorie/","2026-09-09 09:12:26"
"https://eghiseul.ro/certificat-constatator-pentru-licitatie/","text/html; charset=utf-8","200","OK","Indexable","","Certificat Constatator pentru Licitație (SEAP/SICAP): Ghid Complet | eGhiseul.ro","80","714","Ai nevoie de certificat constatator pentru o licitație SEAP/SICAP? Vezi de ce trebuie emis cu maximum 30 de zile înainte de termen, ce dovedește și cum îl obții online prin eGhișeul.ro.","185","1107","cazier judiciar online,cazier fiscal,certificat constatator,extras carte funciară,certificat de integritate comportamentală,documente online,acte online România","160","Certificat Constatator pentru Licitație (SEAP/SICAP): Ghid Complet","66","Ce este certificatul constatator și de ce îl cere autoritatea contractantă","74","PDF-ul e-semnat este original și acceptat în SEAP","49","index, follow","index, follow, max-video-preview:-1, max-image-preview:large, max-snippet:-1","","","https://eghiseul.ro/certificat-constatator-pentru-licitatie/","","","","","","193741","33786","33786","5,007","","1284","191","6,723","46,032","Hard","5,641","2","1","","4","3","0","1,290","87","54","0","4","3","0","","","","","6f11d236b1bbd9901cfe320d47e7bdac","0,106","","","","","ro","1.1","","","","","","https://eghiseul.ro/certificat-constatator-pentru-licitatie/","2026-09-09 09:12:26"
"https://eghiseul.ro/_next/image/?url=%2Fimages%2Farticole%2Finformatii-cazier-auto-online.webp&w=3840&q=75","image/webp","200","OK","Indexable","","","0","0","","0","0","","0","","0","","0","","0","","","","","","","","","","","54038","54038","54038","8,008","","0","","","","","0,000","2","2","","0","0","0","0,000","0","0","0","0","0","0","","","","","","0,230","Thu, 13 Aug 2026 08:30:02 GMT","","","","","1.1","","","","","","https://eghiseul.ro/_next/image/?url=%2Fimages%2Farticole%2Finformatii-cazier-auto-online.webp&w=3840&q=75","2026-09-09 09:12:26"
"https://eghiseul.ro/_next/image/?url=%2Fimages%2Farticole%2Fcertificat-de-nastere-pentru-buletin-pasaport.webp&w=3840&q=75","image/webp","200","OK","Indexable","","","0","0","","0","0","","0","","0","","0","","0","","","","","","","","","","","49908","49908","49908","7,396","","0","","","","","0,000","2","2","","0","0","0","0,000","0","0","0","0","0","0","","","","","","0,324","Fri, 07 Aug 2026 10:20:35 GMT","","","","","1.1","","","","","","https://eghiseul.ro/_next/image/?url=%2Fimages%2Farticole%2Fcertificat-de-nastere-pentru-buletin-pasaport.webp&w=3840&q=75","2026-09-09 09:12:26"
"https://eghiseul.ro/amenda-rovinieta-2025-tarife-plata-online-ghid-complet/","text/html; charset=utf-8","200","OK","Indexable","","Amendă Rovinietă 2026: Tarife, Plată Online și Contestație | eGhiseul.ro","72","638","Ghid complet despre amenda pentru rovinietă în 2026: cuantumul amenzii pe categorii de vehicule, reducerea de 50% în 15 zile, modalitățile de plată online și termenele de contestație.","183","1116","cazier judiciar online,cazier fiscal,certificat constatator,extras carte funciară,certificat de integritate comportamentală,documente online,acte online România","160","Amendă Rovinietă 2026: Tarife, Plată Online și Contestație","58","Pe scurt","8","Cuantumul amenzii pe categorii de vehicule","42","index, follow","index, follow, max-video-preview:-1, max-image-preview:large, max-snippet:-1","","","https://eghiseul.ro/amenda-rovinieta-2025-tarife-plata-online-ghid-complet/","","","","","","190015","32310","32310","4,788","","875","175","5,000","70,171","Fairly Easy","4,251","2","1","","2","2","0","0,860","84","54","0","4","3","0","","","","","a923fa68d7f4d3d0f6a3949ad1a892fd","0,044","","","","","ro","1.1","","","","","","https://eghiseul.ro/amenda-rovinieta-2025-tarife-plata-online-ghid-complet/","2026-09-09 09:12:26"
"https://eghiseul.ro/_next/image/?url=%2Fog%2Fservices%2Fcertificat-casatorie.png&w=3840&q=75","image/png","200","OK","Indexable","","","0","0","","0","0","","0","","0","","0","","0","","","","","","","","","","","117519","117519","117519","17,416","","0","","","","","0,000","2","2","","0","0","0","0,000","0","0","0","0","0","0","","","","","","0,382","Thu, 20 Aug 2026 08:38:13 GMT","","","","","1.1","","","","","","https://eghiseul.ro/_next/image/?url=%2Fog%2Fservices%2Fcertificat-casatorie.png&w=3840&q=75","2026-09-09 09:12:26"
"https://eghiseul.ro/_next/image/?url=%2Fimages%2Farticole%2Ftaxa-cazier-judiciar.webp&w=3840&q=75","image/webp","200","OK","Indexable","","","0","0","","0","0","","0","","0","","0","","0","","","","","","","","","","","49132","49132","49132","7,281","","0","","","","","0,000","2","2","","0","0","0","0,000","0","0","0","0","0","0","","","","","","0,177","Tue, 11 Aug 2026 16:02:57 GMT","","","","","1.1","","","","","","https://eghiseul.ro/_next/image/?url=%2Fimages%2Farticole%2Ftaxa-cazier-judiciar.webp&w=3840&q=75","2026-09-09 09:12:26"
"https://eghiseul.ro/_next/image/?url=%2Fimages%2Farticole%2Frolul-si-atributiile-onrc-romania.webp&w=3840&q=75","image/webp","200","OK","Indexable","","","0","0","","0","0","","0","","0","","0","","0","","","","","","","","","","","101270","101270","101270","15,008","","0","","","","","0,000","2","2","","0","0","0","0,000","0","0","0","0","0","0","","","","","","0,256","Sat, 08 Aug 2026 04:06:08 GMT","","","","","1.1","","","","","","https://eghiseul.ro/_next/image/?url=%2Fimages%2Farticole%2Frolul-si-atributiile-onrc-romania.webp&w=3840&q=75","2026-09-09 09:12:26"
"https://eghiseul.ro/_next/image/?url=%2Fimages%2Farticole%2Fcum-aflam-numarul-carte-functionara-si-nr-cadastral.webp&w=3840&q=75","image/webp","200","OK","Indexable","","","0","0","","0","0","","0","","0","","0","","0","","","","","","","","","","","75940","75940","75940","11,254","","0","","","","","0,000","2","2","","0","0","0","0,000","0","0","0","0","0","0","","","","","","0,235","Tue, 11 Aug 2026 05:59:51 GMT","","","","","1.1","","","","","","https://eghiseul.ro/_next/image/?url=%2Fimages%2Farticole%2Fcum-aflam-numarul-carte-functionara-si-nr-cadastral.webp&w=3840&q=75","2026-09-09 09:12:26"
"https://eghiseul.ro/cazier-judiciar-online-gratuit/","text/html; charset=utf-8","200","OK","Indexable","","Cazier judiciar gratuit online — ghiseul.ro și HUB MAI, pas cu pas | eGhiseul.ro","80","687","Certificatul de cazier judiciar este gratuit online pentru persoanele fizice cu cetățenie română și cont validat, prin ghiseul.ro sau hub.mai.gov.ro. Cum îl scoți singur, ce condiții trebuie îndeplinite și situațiile în care ruta gratuită nu se aplică: firme, cetățeni străini, card bancar nerezident, exemplar pe hârtie.","321","1854","cazier judiciar online,cazier fiscal,certificat constatator,extras carte funciară,certificat de integritate comportamentală,documente online,acte online România","160","Cazier judiciar online gratuit: cum îl scoți singur prin ghiseul.ro sau HUB MAI și când ruta gratuită nu funcționează","117","Cele două rute gratuite, pe scurt","33","Pas cu pas, prin ghiseul.ro","27","index, follow","index, follow, max-video-preview:-1, max-image-preview:large, max-snippet:-1","","","https://eghiseul.ro/cazier-judiciar-online-gratuit/","","","","","","216430","37419","37419","5,545","","1547","277","5,585","56,685","Fairly Hard","5,744","2","1","","4","3","0","1,290","91","58","0","4","3","0","","","","","7b33b5463df210993a41d48ad79fff0f","0,108","","","","","ro","1.1","","","","","","https://eghiseul.ro/cazier-judiciar-online-gratuit/","2026-09-09 09:12:26"
"https://eghiseul.ro/_next/image/?url=%2Fimages%2Farticole%2Fverificare-cazier-fiscal.webp&w=3840&q=75","image/webp","200","OK","Indexable","","","0","0","","0","0","","0","","0","","0","","0","","","","","","","","","","","58590","58590","58590","8,683","","0","","","","","0,000","2","2","","0","0","0","0,000","0","0","0","0","0","0","","","","","","0,353","Fri, 07 Aug 2026 10:18:12 GMT","","","","","1.1","","","","","","https://eghiseul.ro/_next/image/?url=%2Fimages%2Farticole%2Fverificare-cazier-fiscal.webp&w=3840&q=75","2026-09-09 09:12:26"
"https://eghiseul.ro/anii-lucrati-in-strainatate-se-pun-la-pensie-in-romania/","text/html; charset=utf-8","200","OK","Indexable","","Anii lucrați în străinătate se pun la pensie în România? | eGhiseul.ro","70","598","Da, anii lucrați în străinătate (UE/SEE/Elveția) se iau în calcul la pensia din România. Vezi procedura de solicitare, totalizarea perioadelor de asigurare, calculul pro rata temporis și plata pensiei.","201","1176","cazier judiciar online,cazier fiscal,certificat constatator,extras carte funciară,certificat de integritate comportamentală,documente online,acte online România","160","Anii lucrați în străinătate se pun la pensie în România?","56","Totalizarea: la ce ajută concret anii din străinătate","53","Cum se calculează: pro rata temporis","36","index, follow","index, follow, max-video-preview:-1, max-image-preview:large, max-snippet:-1","","","https://eghiseul.ro/anii-lucrati-in-strainatate-se-pun-la-pensie-in-romania/","","","","","","189928","32958","32958","4,884","","1068","161","6,634","53,636","Fairly Hard","4,922","2","1","","5","4","0","1,720","85","55","0","4","3","0","","","","","b82c0e81d611eb7b60c8ddb129528684","0,133","","","","","ro","1.1","","","","","","https://eghiseul.ro/anii-lucrati-in-strainatate-se-pun-la-pensie-in-romania/","2026-09-09 09:12:26"
"https://eghiseul.ro/_next/image/?url=%2Fimages%2Farticole%2Fradiere-firma-srl-ghid.webp&w=3840&q=75","image/webp","200","OK","Indexable","","","0","0","","0","0","","0","","0","","0","","0","","","","","","","","","","","58090","58090","58090","8,609","","0","","","","","0,000","2","2","","0","0","0","0,000","0","0","0","0","0","0","","","","","","0,047","Thu, 03 Sep 2026 08:10:49 GMT","","","","","1.1","","","","","","https://eghiseul.ro/_next/image/?url=%2Fimages%2Farticole%2Fradiere-firma-srl-ghid.webp&w=3840&q=75","2026-09-09 09:12:26"
"https://eghiseul.ro/_next/image/?url=%2Fimages%2Farticole%2Fcertificat-constatator-cu-istoric.webp&w=3840&q=75","image/webp","200","OK","Indexable","","","0","0","","0","0","","0","","0","","0","","0","","","","","","","","","","","47644","47644","47644","7,061","","0","","","","","0,000","2","2","","0","0","0","0,000","0","0","0","0","0","0","","","","","","0,341","Mon, 17 Aug 2026 20:18:55 GMT","","","","","1.1","","","","","","https://eghiseul.ro/_next/image/?url=%2Fimages%2Farticole%2Fcertificat-constatator-cu-istoric.webp&w=3840&q=75","2026-09-09 09:12:26"
"https://eghiseul.ro/_next/image/?url=%2Fimages%2Farticole%2Fcat-costa-cadastrul-si-intabularea.webp&w=3840&q=75","image/webp","200","OK","Indexable","","","0","0","","0","0","","0","","0","","0","","0","","","","","","","","","","","102080","102080","102080","15,128","","0","","","","","0,000","2","2","","0","0","0","0,000","0","0","0","0","0","0","","","","","","0,170","Sat, 15 Aug 2026 12:01:32 GMT","","","","","1.1","","","","","","https://eghiseul.ro/_next/image/?url=%2Fimages%2Farticole%2Fcat-costa-cadastrul-si-intabularea.webp&w=3840&q=75","2026-09-09 09:12:26"
"https://eghiseul.ro/_next/image/?url=%2Fimages%2Farticole%2Fextras-de-carte-funciara-pentru-casa-verde.webp&w=3840&q=75","image/jpeg","200","OK","Indexable","","","0","0","","0","0","","0","","0","","0","","0","","","","","","","","","","","175195","175195","175195","25,964","","0","","","","","0,000","2","2","","0","0","0","0,000","0","0","0","0","0","0","","","","","","0,462","Sun, 09 Aug 2026 22:49:48 GMT","","","","","1.1","","","","","","https://eghiseul.ro/_next/image/?url=%2Fimages%2Farticole%2Fextras-de-carte-funciara-pentru-casa-verde.webp&w=3840&q=75","2026-09-09 09:12:26"
"https://eghiseul.ro/_next/image/?url=%2Fog%2Fservices%2Fcertificat-celibat.png&w=3840&q=75","image/png","200","OK","Indexable","","","0","0","","0","0","","0","","0","","0","","0","","","","","","","","","","","28715","28715","28715","4,256","","0","","","","","0,000","2","2","","0","0","0","0,000","0","0","0","0","0","0","","","","","","0,278","Sun, 09 Aug 2026 12:40:02 GMT","","","","","1.1","","","","","","https://eghiseul.ro/_next/image/?url=%2Fog%2Fservices%2Fcertificat-celibat.png&w=3840&q=75","2026-09-09 09:12:27"
"https://eghiseul.ro/extras-de-carte-funciara-pentru-casa-verde/","text/html; charset=utf-8","200","OK","Indexable","","Extras de Carte Funciară pentru Casa Verde 2024 – Ghid Complet | eGhiseul.ro","76","700","De ce ai nevoie de un extras de carte funciară pentru programul Casa Verde, ce condiții trebuie să îndeplinească (nu mai vechi de 60 de zile), ce documente sunt necesare și cum îl obții online rapid pentru dosarul de finanțare.","227","1367","cazier judiciar online,cazier fiscal,certificat constatator,extras carte funciară,certificat de integritate comportamentală,documente online,acte online România","160","Extras de Carte Funciară pentru Casa Verde 2024 – Ghid Complet","62","Extrasul de carte funciară pentru Casa Verde 2024","49","Importanța cărții funciare în implementarea proiectelor Casa Verde","66","index, follow","index, follow, max-video-preview:-1, max-image-preview:large, max-snippet:-1","","","https://eghiseul.ro/extras-de-carte-funciara-pentru-casa-verde/","","","","","","193500","33365","33365","4,945","","1143","152","7,520","23,045","Very Hard","5,516","2","1","","2","2","0","0,860","87","54","0","4","3","0","","","","","d855f8f14aa5803dd3644464147e1809","0,161","","","","","ro","1.1","","","","","","https://eghiseul.ro/extras-de-carte-funciara-pentru-casa-verde/","2026-09-09 09:12:27"
"https://eghiseul.ro/_next/image/?url=%2Fimages%2Farticole%2Fcele-4-tipuri-de-certificat-constatator-online.webp&w=3840&q=75","image/webp","200","OK","Indexable","","","0","0","","0","0","","0","","0","","0","","0","","","","","","","","","","","49272","49272","49272","7,302","","0","","","","","0,000","2","2","","0","0","0","0,000","0","0","0","0","0","0","","","","","","0,356","Sat, 08 Aug 2026 04:55:19 GMT","","","","","1.1","","","","","","https://eghiseul.ro/_next/image/?url=%2Fimages%2Farticole%2Fcele-4-tipuri-de-certificat-constatator-online.webp&w=3840&q=75","2026-09-09 09:12:26"
"https://eghiseul.ro/_next/image/?url=%2Fimages%2Farticole%2Ftva-9-locuinte-31-iulie-2026.webp&w=3840&q=75","image/webp","200","OK","Indexable","","","0","0","","0","0","","0","","0","","0","","0","","","","","","","","","","","54370","54370","54370","8,058","","0","","","","","0,000","2","2","","0","0","0","0,000","0","0","0","0","0","0","","","","","","0,259","Fri, 21 Aug 2026 11:28:04 GMT","","","","","1.1","","","","","","https://eghiseul.ro/_next/image/?url=%2Fimages%2Farticole%2Ftva-9-locuinte-31-iulie-2026.webp&w=3840&q=75","2026-09-09 09:12:27"
"https://eghiseul.ro/certificat-de-celibat/","text/html; charset=utf-8","200","OK","Indexable","","Certificat de Celibat (Anexa 9): Ce Este și Cum Îl Obții | eGhiseul.ro","70","592","Certificatul de celibat este, de fapt, Anexa 9 — dovada de stare civilă pentru căsătoria în străinătate. Vezi denumirea corectă, actele necesare, modelul și cum îl obții.","170","1003","cazier judiciar online,cazier fiscal,certificat constatator,extras carte funciară,certificat de integritate comportamentală,documente online,acte online România","160","Certificat de Celibat (Anexa 9): Ce Este și Cum Îl Obții","56","Ce este, de fapt, „certificatul de celibat”","43","Denumirea corectă: Anexa 9 (adeverință / dovadă de stare civilă)","64","index, follow","index, follow, max-video-preview:-1, max-image-preview:large, max-snippet:-1","","","https://eghiseul.ro/certificat-de-celibat/","","","","","","197842","35148","35148","5,209","","1506","205","7,346","50,626","Fairly Hard","6,129","2","1","","4","4","0","1,720","90","55","0","4","3","0","","","","","701e0fc4c3c360c26176dc10e0251915","0,142","","","","","ro","1.1","","","","","","https://eghiseul.ro/certificat-de-celibat/","2026-09-09 09:12:27"
"https://eghiseul.ro/_next/image/?url=%2Fimages%2Farticole%2Ftabel-varsta-pensionare-anticipata-femei.webp&w=3840&q=75","image/webp","200","OK","Indexable","","","0","0","","0","0","","0","","0","","0","","0","","","","","","","","","","","39276","39276","39276","5,821","","0","","","","","0,000","2","2","","0","0","0","0,000","0","0","0","0","0","0","","","","","","0,186","Fri, 07 Aug 2026 16:47:30 GMT","","","","","1.1","","","","","","https://eghiseul.ro/_next/image/?url=%2Fimages%2Farticole%2Ftabel-varsta-pensionare-anticipata-femei.webp&w=3840&q=75","2026-09-09 09:12:27"
"https://eghiseul.ro/_next/static/chunks/90929e63aedc259f.js?dpl=dpl_67tH8DnrrsjBhYi55ERePfEYAbMi","application/javascript; charset=utf-8","200","OK","Indexable","","","0","0","","0","0","","0","","0","","0","","0","","","","","","","","","","","0","0","0","0,000","","0","","","","","0,000","2","3","","0","0","0","0,000","0","0","0","0","0","0","","","","","","0,050","Wed, 09 Sep 2026 05:54:23 GMT","","","","","1.1","","","","","","https://eghiseul.ro/_next/static/chunks/90929e63aedc259f.js?dpl=dpl_67tH8DnrrsjBhYi55ERePfEYAbMi","2026-09-09 09:12:27"
"https://eghiseul.ro/cat-costa-cadastrul-si-intabularea/","text/html; charset=utf-8","200","OK","Indexable","","Cât Costă Cadastrul și Intabularea în 2026? Prețuri reale + acte necesare | eGhiseul.ro","87","763","Cadastru apartament: 700–1.100 lei topograf + 120 lei taxă ANCPI. Casă cu teren: 1.400–2.500 lei + 120. Intabulare după cumpărare: 0,15% din preț. Toate taxele, actele pe scenarii și greșelile care te costă.","207","1264","cazier judiciar online,cazier fiscal,certificat constatator,extras carte funciară,certificat de integritate comportamentală,documente online,acte online România","160","Cât Costă Cadastrul și Intabularea în 2026? Prețuri reale + acte necesare","73","Răspunsul scurt","15","Din ce se compune prețul","24","index, follow","index, follow, max-video-preview:-1, max-image-preview:large, max-snippet:-1","","","https://eghiseul.ro/cat-costa-cadastrul-si-intabularea/","","","","","","214882","38536","38536","5,711","","1649","309","5,337","55,356","Fairly Hard","6,127","2","1","","6","6","0","2,580","99","58","0","4","3","0","","","","","65b72b31fe4fd16f255c1cbd7a01a20e","0,153","","","","","ro","1.1","","","","","","https://eghiseul.ro/cat-costa-cadastrul-si-intabularea/","2026-09-09 09:12:27"
"https://eghiseul.ro/_next/static/chunks/9308008818ac942d.js?dpl=dpl_67tH8DnrrsjBhYi55ERePfEYAbMi","application/javascript; charset=utf-8","200","OK","Indexable","","","0","0","","0","0","","0","","0","","0","","0","","","","","","","","","","","0","0","0","0,000","","0","","","","","0,000","2","3","","0","0","0","0,000","0","0","0","0","0","0","","","","","","0,048","Wed, 09 Sep 2026 05:54:21 GMT","","","","","1.1","","","","","","https://eghiseul.ro/_next/static/chunks/9308008818ac942d.js?dpl=dpl_67tH8DnrrsjBhYi55ERePfEYAbMi","2026-09-09 09:12:27"
"https://eghiseul.ro/_next/image/?url=%2Fimages%2Farticole%2Fverificare-proprietar-imobil.webp&w=3840&q=75","image/webp","200","OK","Indexable","","","0","0","","0","0","","0","","0","","0","","0","","","","","","","","","","","53422","53422","53422","7,917","","0","","","","","0,000","2","2","","0","0","0","0,000","0","0","0","0","0","0","","","","","","0,271","Tue, 18 Aug 2026 11:42:39 GMT","","","","","1.1","","","","","","https://eghiseul.ro/_next/image/?url=%2Fimages%2Farticole%2Fverificare-proprietar-imobil.webp&w=3840&q=75","2026-09-09 09:12:27"
"https://eghiseul.ro/_next/static/chunks/c8a9242780212853.js?dpl=dpl_67tH8DnrrsjBhYi55ERePfEYAbMi","application/javascript; charset=utf-8","200","OK","Indexable","","","0","0","","0","0","","0","","0","","0","","0","","","","","","","","","","","0","0","0","0,000","","0","","","","","0,000","2","3","","0","0","0","0,000","0","0","0","0","0","0","","","","","","0,141","Wed, 09 Sep 2026 05:54:25 GMT","","","","","1.1","","","","","","https://eghiseul.ro/_next/static/chunks/c8a9242780212853.js?dpl=dpl_67tH8DnrrsjBhYi55ERePfEYAbMi","2026-09-09 09:12:27"
"https://eghiseul.ro/_next/image/?url=%2Fog%2Fservices%2Fcertificat-constatator.png&w=3840&q=75","image/png","200","OK","Indexable","","","0","0","","0","0","","0","","0","","0","","0","","","","","","","","","","","38037","38037","38037","5,637","","0","","","","","0,000","2","2","","0","0","0","0,000","0","0","0","0","0","0","","","","","","0,297","Sun, 09 Aug 2026 20:31:15 GMT","","","","","1.1","","","","","","https://eghiseul.ro/_next/image/?url=%2Fog%2Fservices%2Fcertificat-constatator.png&w=3840&q=75","2026-09-09 09:12:27"
"https://eghiseul.ro/informatii-cazier-auto-online/","text/html; charset=utf-8","200","OK","Indexable","","Cazier Auto Online: Tot Ce Trebuie Să Știi | eGhiseul.ro","56","486","Ce este cazierul auto, ce fapte conține, cât se păstrează în evidență și cum îl obții online. Diferența față de cazierul judiciar, impactul asupra asigurărilor și pașii de solicitare.","183","1051","cazier judiciar online,cazier fiscal,certificat constatator,extras carte funciară,certificat de integritate comportamentală,documente online,acte online România","160","Cazier Auto Online: Tot Ce Trebuie Să Știi","42","Diferența dintre cazierul auto și cazierul judiciar","51","Ce tipuri de fapte se consemnează","33","index, follow","index, follow, max-video-preview:-1, max-image-preview:large, max-snippet:-1","","","https://eghiseul.ro/informatii-cazier-auto-online/","","","","","","187925","31548","31548","4,675","","825","153","5,392","41,083","Hard","4,293","2","1","","4","4","0","1,720","85","54","0","4","3","0","","","","","e5bb9814e622ae4e3061234c54d083eb","0,135","","","","","ro","1.1","","","","","","https://eghiseul.ro/informatii-cazier-auto-online/","2026-09-09 09:12:27"
"https://eghiseul.ro/_next/static/chunks/a499c6769e699d68.js?dpl=dpl_67tH8DnrrsjBhYi55ERePfEYAbMi","application/javascript; charset=utf-8","200","OK","Indexable","","","0","0","","0","0","","0","","0","","0","","0","","","","","","","","","","","0","0","0","0,000","","0","","","","","0,000","2","3","","0","0","0","0,000","0","0","0","0","0","0","","","","","","0,103","Wed, 09 Sep 2026 05:50:41 GMT","","","","","1.1","","","","","","https://eghiseul.ro/_next/static/chunks/a499c6769e699d68.js?dpl=dpl_67tH8DnrrsjBhYi55ERePfEYAbMi","2026-09-09 09:12:27"
"https://eghiseul.ro/transcriere-certificat-de-nastere/","text/html; charset=utf-8","200","OK","Indexable","","Transcriere Certificat de Naștere din Străinătate: Ghid Complet | eGhiseul.ro","77","678","Copilul s-a născut în străinătate? Vezi cum se face transcrierea certificatului de naștere în registrele din România: apostilă, traducere legalizată, termen și obținerea CNP.","174","1035","cazier judiciar online,cazier fiscal,certificat constatator,extras carte funciară,certificat de integritate comportamentală,documente online,acte online România","160","Transcriere Certificat de Naștere din Străinătate: Ghid Complet","63","Ce înseamnă transcrierea certificatului de naștere","50","De ce este obligatorie transcrierea","35","index, follow","index, follow, max-video-preview:-1, max-image-preview:large, max-snippet:-1","","","https://eghiseul.ro/transcriere-certificat-de-nastere/","","","","","","195691","33862","33862","5,018","","1321","188","7,027","46,834","Hard","5,882","2","1","","4","4","0","1,720","88","56","0","4","3","0","","","","","919f1ecbc5c97ab3444332e366616b27","0,102","","","","","ro","1.1","","","","","","https://eghiseul.ro/transcriere-certificat-de-nastere/","2026-09-09 09:12:27"
"https://eghiseul.ro/duplicat-certificat-de-nastere/","text/html; charset=utf-8","200","OK","Indexable","","Duplicat Certificat de Naștere: Cum Îl Obții de la Orice Primărie | eGhiseul.ro","79","676","Ghid complet pentru duplicatul certificatului de naștere: din 2023 îl ceri de la orice primărie cu stare civilă, în ~30 de zile, adesea gratuit. Acte, pași și varianta online.","175","1000","cazier judiciar online,cazier fiscal,certificat constatator,extras carte funciară,certificat de integritate comportamentală,documente online,acte online România","160","Duplicat Certificat de Naștere: Cum Îl Obții de la Orice Primărie","65","Ce înseamnă duplicat de certificat de naștere","45","Noutatea din 2023: orice primărie, nu doar cea de la naștere","60","index, follow","index, follow, max-video-preview:-1, max-image-preview:large, max-snippet:-1","","","https://eghiseul.ro/duplicat-certificat-de-nastere/","","","","","","190904","33774","33774","5,005","","1395","187","7,460","53,836","Fairly Hard","5,889","2","1","","9","6","0","2,580","90","56","0","4","3","0","","","","","535f96206d6b624a9445ddc4ca92abcc","0,140","","","","","ro","1.1","","","","","","https://eghiseul.ro/duplicat-certificat-de-nastere/","2026-09-09 09:12:27"
"https://eghiseul.ro/certificat-de-nastere-pierdut/","text/html; charset=utf-8","200","OK","Indexable","","Certificat de Naștere Pierdut: Ce Faci și Cum Obții Duplicatul | eGhiseul.ro","76","656","Ai pierdut certificatul de naștere? Vezi actele necesare, cât durează duplicatul și cum îl obții online prin eGhișeul.ro, fără drum la Starea Civilă.","149","863","cazier judiciar online,cazier fiscal,certificat constatator,extras carte funciară,certificat de integritate comportamentală,documente online,acte online România","160","Certificat de Naștere Pierdut: Ce Faci și Cum Obții Duplicatul","62","Ce înseamnă, de fapt, „certificat de naștere pierdut”","53","Acte necesare pentru eliberarea unui certificat de naștere pierdut","66","index, follow","index, follow, max-video-preview:-1, max-image-preview:large, max-snippet:-1","","","https://eghiseul.ro/certificat-de-nastere-pierdut/","","","","","","193182","33762","33762","5,004","","1316","182","7,231","47,396","Hard","5,708","2","1","","16","13","0","5,580","87","54","0","4","3","0","","","","","25f645566346220ffb9b52e84464c894","0,183","","","","","ro","1.1","","","","","","https://eghiseul.ro/certificat-de-nastere-pierdut/","2026-09-09 09:12:27"
"https://eghiseul.ro/tools/","text/html; charset=utf-8","200","OK","Indexable","","Instrumente Online Gratuite — eGhișeul.ro | eGhiseul.ro","55","492","Instrumente online gratuite de la eGhișeul.ro: verificare rovinietă după număr și calculatoare fiscale, salariale și juridice actualizate pentru 2026.","150","881","cazier judiciar online,cazier fiscal,certificat constatator,extras carte funciară,certificat de integritate comportamentală,documente online,acte online România","160","Instrumente online gratuite","27","Verificare Rovinietă Online","27","Calculatoare 2026","17","index, follow","index, follow, max-video-preview:-1, max-image-preview:large, max-snippet:-1","","","https://eghiseul.ro/tools/","","","","","","145650","22602","22602","3,350","","166","32","5,188","41,543","Hard","2,545","2","1","","2","2","0","0,860","84","54","0","4","3","0","","","","","1885c7ec55d9f3ddcf152209bdd8a8b9","0,113","","","","","ro","1.1","","","","","","https://eghiseul.ro/tools/","2026-09-09 09:12:27"
"https://eghiseul.ro/_next/static/chunks/d747167f87c47725.js?dpl=dpl_67tH8DnrrsjBhYi55ERePfEYAbMi","application/javascript; charset=utf-8","200","OK","Indexable","","","0","0","","0","0","","0","","0","","0","","0","","","","","","","","","","","0","0","0","0,000","","0","","","","","0,000","2","3","","0","0","0","0,000","0","0","0","0","0","0","","","","","","0,042","Wed, 09 Sep 2026 05:54:29 GMT","","","","","1.1","","","","","","https://eghiseul.ro/_next/static/chunks/d747167f87c47725.js?dpl=dpl_67tH8DnrrsjBhYi55ERePfEYAbMi","2026-09-09 09:12:27"
"https://eghiseul.ro/schimbare-certificat-de-nastere-vechi/","text/html; charset=utf-8","200","OK","Indexable","","Schimbare Certificat de Naștere Vechi cu Unul Nou: Ghid Complet | eGhiseul.ro","77","702","Schimbă certificatul de naștere vechi sau deteriorat cu modelul actual: ce acte îți trebuie, cât durează și cum obții duplicatul online.","136","799","cazier judiciar online,cazier fiscal,certificat constatator,extras carte funciară,certificat de integritate comportamentală,documente online,acte online România","160","Schimbare Certificat de Naștere Vechi cu Unul Nou: Ghid Complet","63","Când este nevoie să schimbi certificatul de naștere vechi","57","Ce înseamnă, de fapt, „schimbarea” certificatului","49","index, follow","index, follow, max-video-preview:-1, max-image-preview:large, max-snippet:-1","","","https://eghiseul.ro/schimbare-certificat-de-nastere-vechi/","","","","","","183409","31734","31734","4,703","","864","133","6,496","49,548","Hard","4,431","2","1","","4","4","0","1,720","88","55","0","4","3","0","","","","","566948e8e4ec8878f4ea03d43527501c","0,185","","","","","ro","1.1","","","","","","https://eghiseul.ro/schimbare-certificat-de-nastere-vechi/","2026-09-09 09:12:27"
"https://eghiseul.ro/_next/static/chunks/6c2a9ee50aba3d63.js?dpl=dpl_67tH8DnrrsjBhYi55ERePfEYAbMi","application/javascript; charset=utf-8","200","OK","Indexable","","","0","0","","0","0","","0","","0","","0","","0","","","","","","","","","","","0","0","0","0,000","","0","","","","","0,000","2","3","","0","0","0","0,000","0","0","0","0","0","0","","","","","","0,048","Wed, 09 Sep 2026 05:54:26 GMT","","","","","1.1","","","","","","https://eghiseul.ro/_next/static/chunks/6c2a9ee50aba3d63.js?dpl=dpl_67tH8DnrrsjBhYi55ERePfEYAbMi","2026-09-09 09:12:27"
"https://eghiseul.ro/_next/static/chunks/c71dd8dc3cb8165d.js?dpl=dpl_67tH8DnrrsjBhYi55ERePfEYAbMi","application/javascript; charset=utf-8","200","OK","Indexable","","","0","0","","0","0","","0","","0","","0","","0","","","","","","","","","","","0","0","0","0,000","","0","","","","","0,000","2","3","","0","0","0","0,000","0","0","0","0","0","0","","","","","","0,046","Wed, 09 Sep 2026 05:54:28 GMT","","","","","1.1","","","","","","https://eghiseul.ro/_next/static/chunks/c71dd8dc3cb8165d.js?dpl=dpl_67tH8DnrrsjBhYi55ERePfEYAbMi","2026-09-09 09:12:27"
"https://eghiseul.ro/_next/static/chunks/4ad51ec52db1d25a.js?dpl=dpl_67tH8DnrrsjBhYi55ERePfEYAbMi","application/javascript; charset=utf-8","200","OK","Indexable","","","0","0","","0","0","","0","","0","","0","","0","","","","","","","","","","","0","0","0","0,000","","0","","","","","0,000","2","3","","0","0","0","0,000","0","0","0","0","0","0","","","","","","0,036","Wed, 09 Sep 2026 05:54:23 GMT","","","","","1.1","","","","","","https://eghiseul.ro/_next/static/chunks/4ad51ec52db1d25a.js?dpl=dpl_67tH8DnrrsjBhYi55ERePfEYAbMi","2026-09-09 09:12:27"
"https://eghiseul.ro/taxa-cazier-judiciar/","text/html; charset=utf-8","200","OK","Indexable","","Taxa pentru cazier judiciar: cât e de fapt și ce plătești online | eGhiseul.ro","78","651","La ghișeu, cazierul judiciar este gratuit din 2017 — taxele au fost eliminate. Ce plătești când îl obții online, ce acte îți trebuie și în ce situații ți se cere.","162","898","cazier judiciar online,cazier fiscal,certificat constatator,extras carte funciară,certificat de integritate comportamentală,documente online,acte online România","160","Taxa pentru cazier judiciar: cât e de fapt și ce plătești online","64","De unde vine confuzia cu „taxa”","31","Ce plătești când îl obții online","32","index, follow","index, follow, max-video-preview:-1, max-image-preview:large, max-snippet:-1","","","https://eghiseul.ro/taxa-cazier-judiciar/","","","","","","182779","31868","31868","4,723","","872","141","6,184","51,926","Fairly Hard","4,430","2","1","","6","4","0","1,720","85","54","0","4","3","0","","","","","515f20151d937054deec54536f7cfc24","0,149","","","","","ro","1.1","","","","","","https://eghiseul.ro/taxa-cazier-judiciar/","2026-09-09 09:12:27"
"https://eghiseul.ro/acte-necesare-certificat-de-nastere/","text/html; charset=utf-8","200","OK","Indexable","","Acte Necesare Certificat de Naștere: Listă Completă pe Situații | eGhiseul.ro","77","679","Ce acte îți trebuie pentru certificatul de naștere: duplicat, nou-născut sau prin împuternicire. Listă completă + cum îl obții online.","134","780","cazier judiciar online,cazier fiscal,certificat constatator,extras carte funciară,certificat de integritate comportamentală,documente online,acte online România","160","Acte Necesare Certificat de Naștere: Listă Completă pe Situații","63","Acte necesare pentru un duplicat de certificat de naștere","57","Acte necesare pentru certificatul de naștere al unui nou-născut","63","index, follow","index, follow, max-video-preview:-1, max-image-preview:large, max-snippet:-1","","","https://eghiseul.ro/acte-necesare-certificat-de-nastere/","","","","","","181934","30897","30897","4,579","","747","117","6,385","44,179","Hard","4,160","2","1","","7","6","0","2,580","87","56","0","4","3","0","","","","","b2bd241dcd42b066f234bb4c475900ef","0,414","","","","","ro","1.1","","","","","","https://eghiseul.ro/acte-necesare-certificat-de-nastere/","2026-09-09 09:12:27"
"https://eghiseul.ro/servicii/cazier-judiciar-online/piatra-neamt/","text/html; charset=utf-8","200","OK","Indexable","","Cazier Judiciar Online Piatra Neamț — Fără Drum la IPJ Neamț | eGhiseul.ro","74","677","Obține cazierul judiciar în Piatra Neamț online, fără cozi la IPJ Neamț. Depunem cererea în numele tău, livrare în 3-5 zile pe email sau curier. Comandă în 5 minute.","165","989","cazier judiciar online,cazier fiscal,certificat constatator,extras carte funciară,certificat de integritate comportamentală,documente online,acte online România","160","Cazier Judiciar Online Piatra Neamț — Rapid, Fără Drum la Ghișeu","64","Cazier judiciar Piatra Neamț la ghișeu — sediul IPJ Neamț","57","Ce este cazierul judiciar și de ce ai nevoie de el în Piatra Neamț","66","index, follow","index, follow, max-video-preview:-1, max-image-preview:large, max-snippet:-1","","","https://eghiseul.ro/servicii/cazier-judiciar-online/piatra-neamt/","","","","","","333086","44006","44006","6,522","","1431","232","6,168","39,237","Hard","3,600","2","3","","49","49","0","21,030","142","103","0","7","5","0","","","","","f5e8e0a82d86601ac722df76d016e733","0,071","","","","","ro","1.1","","","","","","https://eghiseul.ro/servicii/cazier-judiciar-online/piatra-neamt/","2026-09-09 09:12:28"
"https://eghiseul.ro/servicii/cazier-judiciar-online/targu-mures/","text/html; charset=utf-8","200","OK","Non-Indexable","noindex","Cazier Judiciar Online Târgu Mureș — Fără Drum la IPJ Mureș | eGhiseul.ro","73","665","Obține cazierul judiciar în Târgu Mureș online, fără cozi la IPJ Mureș. Depunem cererea în numele tău, livrare în 3-5 zile pe email sau curier. Comandă în 5 minute.","164","982","cazier judiciar online,cazier fiscal,certificat constatator,extras carte funciară,certificat de integritate comportamentală,documente online,acte online România","160","Cazier Judiciar Online Târgu Mureș — Rapid, Fără Drum la Ghișeu","63","Cazier judiciar Târgu Mureș la ghișeu — sediul IPJ Mureș","56","Ce este cazierul judiciar și de ce ai nevoie de el în Târgu Mureș","65","noindex, follow","","","","https://eghiseul.ro/servicii/cazier-judiciar-online/targu-mures/","","","","","","333123","44105","44105","6,536","","1427","233","6,124","39,126","Hard","3,593","2","3","","49","49","0","21,030","142","103","0","7","5","0","","","","","5e4d5fdc22a4716f3d24232d1466b375","0,418","","","","","ro","1.1","","","","","","https://eghiseul.ro/servicii/cazier-judiciar-online/targu-mures/","2026-09-09 09:12:27"
"https://eghiseul.ro/servicii/cazier-judiciar-online/resita/","text/html; charset=utf-8","200","OK","Non-Indexable","noindex","Cazier Judiciar Online Reșița — Fără Drum la IPJ Caraș-Severin | eGhiseul.ro","76","677","Obține cazierul judiciar în Reșița online, fără cozi la IPJ Caraș-Severin. Depunem cererea în numele tău, livrare în 3-5 zile pe email sau curier. Comandă în 5 minute.","167","989","cazier judiciar online,cazier fiscal,certificat constatator,extras carte funciară,certificat de integritate comportamentală,documente online,acte online România","160","Cazier Judiciar Online Reșița — Rapid, Fără Drum la Ghișeu","58","Cazier judiciar Reșița la ghișeu — sediul IPJ Caraș-Severin","59","Ce este cazierul judiciar și de ce ai nevoie de el în Reșița","60","noindex, follow","","","","https://eghiseul.ro/servicii/cazier-judiciar-online/resita/","","","","","","332761","43978","43978","6,518","","1395","229","6,092","33,332","Hard","3,576","2","3","","49","49","0","21,030","142","103","0","7","5","0","","","","","a2ef019c128ea4f9efc055cae4c42b70","0,546","","","","","ro","1.1","","","","","","https://eghiseul.ro/servicii/cazier-judiciar-online/resita/","2026-09-09 09:12:27"
"https://eghiseul.ro/servicii/cazier-judiciar-online/bucuresti/","text/html; charset=utf-8","200","OK","Non-Indexable","noindex","Cazier Judiciar Online București — Fără Drum la IPJ București | eGhiseul.ro","75","664","Obține cazierul judiciar în București online, fără cozi la IPJ București. Depunem cererea în numele tău, livrare în 3-5 zile pe email sau curier. Comandă în 5 minute.","166","982","cazier judiciar online,cazier fiscal,certificat constatator,extras carte funciară,certificat de integritate comportamentală,documente online,acte online România","160","Cazier Judiciar Online București — Rapid, Fără Drum la Ghișeu","61","Cazier judiciar București la ghișeu","35","Ce este cazierul judiciar și de ce ai nevoie de el în București","63","noindex, follow","","","","https://eghiseul.ro/servicii/cazier-judiciar-online/bucuresti/","","","","","","322726","42174","42174","6,250","","1395","204","6,838","31,725","Hard","3,683","2","3","","49","49","0","21,030","142","103","0","5","4","0","","","","","2deca81c0806b8365f06d87ef5a7abd","0,126","","","","","ro","1.1","","","","","","https://eghiseul.ro/servicii/cazier-judiciar-online/bucuresti/","2026-09-09 09:12:28"
"https://eghiseul.ro/servicii/cazier-judiciar-online/slatina/","text/html; charset=utf-8","200","OK","Non-Indexable","noindex","Cazier Judiciar Online Slatina — Fără Drum la IPJ Olt | eGhiseul.ro","67","584","Obține cazierul judiciar în Slatina online, fără cozi la IPJ Olt. Depunem cererea în numele tău, livrare în 3-5 zile pe email sau curier. Comandă în 5 minute.","158","925","cazier judiciar online,cazier fiscal,certificat constatator,extras carte funciară,certificat de integritate comportamentală,documente online,acte online România","160","Cazier Judiciar Online Slatina — Rapid, Fără Drum la Ghișeu","59","Cazier judiciar Slatina la ghișeu — sediul IPJ Olt","50","Ce este cazierul judiciar și de ce ai nevoie de el în Slatina","61","noindex, follow","","","","https://eghiseul.ro/servicii/cazier-judiciar-online/slatina/","","","","","","332255","43725","43725","6,480","","1405","235","5,979","37,769","Hard","3,570","2","3","","49","49","0","21,030","142","103","0","7","5","0","","","","","494e8a3666feea6e70eb8f75fbb9f05b","0,474","","","","","ro","1.1","","","","","","https://eghiseul.ro/servicii/cazier-judiciar-online/slatina/","2026-09-09 09:12:28"
"https://eghiseul.ro/servicii/cazier-judiciar-online/tulcea/","text/html; charset=utf-8","200","OK","Non-Indexable","noindex","Cazier Judiciar Online Tulcea — Fără Drum la IPJ Tulcea | eGhiseul.ro","69","616","Obține cazierul judiciar în Tulcea online, fără cozi la IPJ Tulcea. Depunem cererea în numele tău, livrare în 3-5 zile pe email sau curier. Comandă în 5 minute.","160","946","cazier judiciar online,cazier fiscal,certificat constatator,extras carte funciară,certificat de integritate comportamentală,documente online,acte online România","160","Cazier Judiciar Online Tulcea — Rapid, Fără Drum la Ghișeu","58","Cazier judiciar Tulcea la ghișeu — sediul IPJ Tulcea","52","Ce este cazierul judiciar și de ce ai nevoie de el în Tulcea","60","noindex, follow","","","","https://eghiseul.ro/servicii/cazier-judiciar-online/tulcea/","","","","","","332303","43876","43876","6,502","","1412","232","6,086","38,647","Hard","3,580","2","3","","49","49","0","21,030","142","103","0","7","5","0","","","","","4045eb970ce57cc88be54cfe26fa6e5e","0,401","","","","","ro","1.1","","","","","","https://eghiseul.ro/servicii/cazier-judiciar-online/tulcea/","2026-09-09 09:12:28"
"https://eghiseul.ro/servicii/cazier-judiciar-online/satu-mare/","text/html; charset=utf-8","200","OK","Indexable","","Cazier Judiciar Online Satu Mare — Fără Drum la IPJ Satu Mare | eGhiseul.ro","75","680","Obține cazierul judiciar în Satu Mare online, fără cozi la IPJ Satu Mare. Depunem cererea în numele tău, livrare în 3-5 zile pe email sau curier. Comandă în 5 minute.","166","992","cazier judiciar online,cazier fiscal,certificat constatator,extras carte funciară,certificat de integritate comportamentală,documente online,acte online România","160","Cazier Judiciar Online Satu Mare — Rapid, Fără Drum la Ghișeu","61","Cazier judiciar Satu Mare la ghișeu — sediul IPJ Satu Mare","58","Ce este cazierul judiciar și de ce ai nevoie de el în Satu Mare","63","index, follow","index, follow, max-video-preview:-1, max-image-preview:large, max-snippet:-1","","","https://eghiseul.ro/servicii/cazier-judiciar-online/satu-mare/","","","","","","332856","43929","43929","6,510","","1437","229","6,275","38,448","Hard","3,590","2","3","","49","49","0","21,030","142","103","0","7","5","0","","","","","418064f72b854c87e08b70e314a9a1b1","0,063","","","","","ro","1.1","","","","","","https://eghiseul.ro/servicii/cazier-judiciar-online/satu-mare/","2026-09-09 09:12:28"
"https://eghiseul.ro/servicii/cazier-judiciar-online/buzau/","text/html; charset=utf-8","200","OK","Non-Indexable","noindex","Cazier Judiciar Online Buzău — Fără Drum la IPJ Buzău | eGhiseul.ro","67","606","Obține cazierul judiciar în Buzău online, fără cozi la IPJ Buzău. Depunem cererea în numele tău, livrare în 3-5 zile pe email sau curier. Comandă în 5 minute.","158","944","cazier judiciar online,cazier fiscal,certificat constatator,extras carte funciară,certificat de integritate comportamentală,documente online,acte online România","160","Cazier Judiciar Online Buzău — Rapid, Fără Drum la Ghișeu","57","Cazier judiciar Buzău la ghișeu — sediul IPJ Buzău","50","Ce este cazierul judiciar și de ce ai nevoie de el în Buzău","59","noindex, follow","","","","https://eghiseul.ro/servicii/cazier-judiciar-online/buzau/","","","","","","332330","43905","43905","6,507","","1412","232","6,086","38,228","Hard","3,578","2","3","","49","49","0","21,030","142","103","0","7","5","0","","","","","ba5ccff26de49be1dc808e85f8b263b","0,387","","","","","ro","1.1","","","","","","https://eghiseul.ro/servicii/cazier-judiciar-online/buzau/","2026-09-09 09:12:28"
"https://eghiseul.ro/servicii/cazier-judiciar-online/suceava/","text/html; charset=utf-8","200","OK","Non-Indexable","noindex","Cazier Judiciar Online Suceava — Fără Drum la IPJ Suceava | eGhiseul.ro","71","648","Obține cazierul judiciar în Suceava online, fără cozi la IPJ Suceava. Depunem cererea în numele tău, livrare în 3-5 zile pe email sau curier. Comandă în 5 minute.","162","970","cazier judiciar online,cazier fiscal,certificat constatator,extras carte funciară,certificat de integritate comportamentală,documente online,acte online România","160","Cazier Judiciar Online Suceava — Rapid, Fără Drum la Ghișeu","59","Cazier judiciar Suceava la ghișeu — sediul IPJ Suceava","54","Ce este cazierul judiciar și de ce ai nevoie de el în Suceava","61","noindex, follow","","","","https://eghiseul.ro/servicii/cazier-judiciar-online/suceava/","","","","","","332631","43994","43994","6,520","","1412","230","6,139","35,478","Hard","3,586","2","3","","49","49","0","21,030","142","103","0","7","5","0","","","","","f6ca05b13467e72155ad126d77812235","0,388","","","","","ro","1.1","","","","","","https://eghiseul.ro/servicii/cazier-judiciar-online/suceava/","2026-09-09 09:12:28"
"https://eghiseul.ro/servicii/cazier-judiciar-online/turda/","text/html; charset=utf-8","200","OK","Non-Indexable","noindex","Cazier Judiciar Online Turda — Fără Drum la IPJ Cluj | eGhiseul.ro","66","582","Obține cazierul judiciar în Turda online, fără cozi la IPJ Cluj. Depunem cererea în numele tău, livrare în 3-5 zile pe email sau curier. Comandă în 5 minute.","157","924","cazier judiciar online,cazier fiscal,certificat constatator,extras carte funciară,certificat de integritate comportamentală,documente online,acte online România","160","Cazier Judiciar Online Turda — Rapid, Fără Drum la Ghișeu","57","Cazier judiciar Turda la ghișeu","31","Ce este cazierul judiciar și de ce ai nevoie de el în Turda","59","noindex, follow","","","","https://eghiseul.ro/servicii/cazier-judiciar-online/turda/","","","","","","320843","41930","41930","6,214","","1330","198","6,717","35,206","Hard","3,535","2","3","","49","49","0","21,030","142","103","0","5","4","0","","","","","cdc52630b339631c56b8675e96b3035b","0,482","","","","","ro","1.1","","","","","","https://eghiseul.ro/servicii/cazier-judiciar-online/turda/","2026-09-09 09:12:28"
"https://eghiseul.ro/servicii/cazier-judiciar-online/timisoara/","text/html; charset=utf-8","200","OK","Indexable","","Cazier Judiciar Online Timișoara — Fără Drum la IPJ Timiș | eGhiseul.ro","71","636","Obține cazierul judiciar în Timișoara online, fără cozi la IPJ Timiș. Depunem cererea în numele tău, livrare în 3-5 zile pe email sau curier. Comandă în 5 minute.","162","959","cazier judiciar online,cazier fiscal,certificat constatator,extras carte funciară,certificat de integritate comportamentală,documente online,acte online România","160","Cazier Judiciar Online Timișoara — Rapid, Fără Drum la Ghișeu","61","Cazier judiciar Timișoara la ghișeu — sediul IPJ Timiș","54","Ce este cazierul judiciar și de ce ai nevoie de el în Timișoara","63","index, follow","index, follow, max-video-preview:-1, max-image-preview:large, max-snippet:-1","","","https://eghiseul.ro/servicii/cazier-judiciar-online/timisoara/","","","","","","332047","43799","43799","6,491","","1421","230","6,178","35,234","Hard","3,620","2","3","","49","49","0","21,030","142","103","0","7","5","0","","","","","9b5cec3fb3d3c29388eec30ada45cb7f","0,057","","","","","ro","1.1","","","","","","https://eghiseul.ro/servicii/cazier-judiciar-online/timisoara/","2026-09-09 09:12:29"
"https://eghiseul.ro/servicii/cazier-judiciar-online/bistrita/","text/html; charset=utf-8","200","OK","Non-Indexable","noindex","Cazier Judiciar Online Bistrița — Fără Drum la IPJ Bistrița-Năsăud | eGhiseul.ro","80","698","Obține cazierul judiciar în Bistrița online, fără cozi la IPJ Bistrița-Năsăud. Depunem cererea în numele tău, livrare în 3-5 zile pe email sau curier. Comandă în 5 minute.","171","1007","cazier judiciar online,cazier fiscal,certificat constatator,extras carte funciară,certificat de integritate comportamentală,documente online,acte online România","160","Cazier Judiciar Online Bistrița — Rapid, Fără Drum la Ghișeu","60","Cazier judiciar Bistrița la ghișeu — sediul IPJ Bistrița-Năsăud","63","Ce este cazierul judiciar și de ce ai nevoie de el în Bistrița","62","noindex, follow","","","","https://eghiseul.ro/servicii/cazier-judiciar-online/bistrita/","","","","","","333294","44109","44109","6,537","","1393","231","6,030","34,308","Hard","3,594","2","3","","49","49","0","21,030","142","103","0","7","5","0","","","","","f8cc2071e61e4d6b55ebe3aaa3b76423","0,459","","","","","ro","1.1","","","","","","https://eghiseul.ro/servicii/cazier-judiciar-online/bistrita/","2026-09-09 09:12:28"
"https://eghiseul.ro/servicii/cazier-judiciar-online/cluj-napoca/","text/html; charset=utf-8","200","OK","Indexable","","Cazier Judiciar Online Cluj-Napoca — Fără Drum la IPJ Cluj | eGhiseul.ro","72","638","Obține cazierul judiciar în Cluj-Napoca online, fără cozi la IPJ Cluj. Depunem cererea în numele tău, livrare în 3-5 zile pe email sau curier. Comandă în 5 minute.","163","963","cazier judiciar online,cazier fiscal,certificat constatator,extras carte funciară,certificat de integritate comportamentală,documente online,acte online România","160","Cazier Judiciar Online Cluj-Napoca — Rapid, Fără Drum la Ghișeu","63","Cazier judiciar Cluj-Napoca la ghișeu — sediul IPJ Cluj","55","Ce este cazierul judiciar și de ce ai nevoie de el în Cluj-Napoca","65","index, follow","index, follow, max-video-preview:-1, max-image-preview:large, max-snippet:-1","","","https://eghiseul.ro/servicii/cazier-judiciar-online/cluj-napoca/","","","","","","329758","43438","43438","6,438","","1416","209","6,775","35,000","Hard","3,625","2","3","","49","49","0","21,030","142","103","0","7","5","0","","","","","76b57f87cacd563d463f87428d48738f","0,102","","","","","ro","1.1","","","","","","https://eghiseul.ro/servicii/cazier-judiciar-online/cluj-napoca/","2026-09-09 09:12:29"
"https://eghiseul.ro/servicii/cazier-judiciar-online/alexandria/","text/html; charset=utf-8","200","OK","Non-Indexable","noindex","Cazier Judiciar Online Alexandria — Fără Drum la IPJ Teleorman | eGhiseul.ro","76","688","Obține cazierul judiciar în Alexandria online, fără cozi la IPJ Teleorman. Depunem cererea în numele tău, livrare în 3-5 zile pe email sau curier. Comandă în 5 minute.","167","996","cazier judiciar online,cazier fiscal,certificat constatator,extras carte funciară,certificat de integritate comportamentală,documente online,acte online România","160","Cazier Judiciar Online Alexandria — Rapid, Fără Drum la Ghișeu","62","Cazier judiciar Alexandria la ghișeu — sediul IPJ Teleorman","59","Ce este cazierul judiciar și de ce ai nevoie de el în Alexandria","64","noindex, follow","","","","https://eghiseul.ro/servicii/cazier-judiciar-online/alexandria/","","","","","","331319","43718","43718","6,479","","1390","232","5,991","33,623","Hard","3,595","2","3","","49","49","0","21,030","142","103","0","7","5","0","","","","","e33b1c5300436fcd2b943daef6e7fd5e","0,519","","","","","ro","1.1","","","","","","https://eghiseul.ro/servicii/cazier-judiciar-online/alexandria/","2026-09-09 09:12:28"
"https://eghiseul.ro/servicii/cazier-judiciar-online/sibiu/","text/html; charset=utf-8","200","OK","Non-Indexable","noindex","Cazier Judiciar Online Sibiu — Fără Drum la IPJ Sibiu | eGhiseul.ro","67","584","Obține cazierul judiciar în Sibiu online, fără cozi la IPJ Sibiu. Depunem cererea în numele tău, livrare în 3-5 zile pe email sau curier. Comandă în 5 minute.","158","924","cazier judiciar online,cazier fiscal,certificat constatator,extras carte funciară,certificat de integritate comportamentală,documente online,acte online România","160","Cazier Judiciar Online Sibiu — Rapid, Fără Drum la Ghișeu","57","Cazier judiciar Sibiu la ghișeu — sediul IPJ Sibiu","50","Ce este cazierul judiciar și de ce ai nevoie de el în Sibiu","59","noindex, follow","","","","https://eghiseul.ro/servicii/cazier-judiciar-online/sibiu/","","","","","","330872","43568","43568","6,457","","1401","222","6,311","35,758","Hard","3,571","2","3","","49","49","0","21,030","142","103","0","7","5","0","","","","","86ae275a49442bd723eca394d4ae6c9f","0,423","","","","","ro","1.1","","","","","","https://eghiseul.ro/servicii/cazier-judiciar-online/sibiu/","2026-09-09 09:12:28"
"https://eghiseul.ro/servicii/cazier-judiciar-online/ramnicu-valcea/","text/html; charset=utf-8","200","OK","Indexable","","Cazier Judiciar Online Râmnicu Vâlcea — Fără Drum la IPJ Vâlcea | eGhiseul.ro","77","701","Obține cazierul judiciar în Râmnicu Vâlcea online, fără cozi la IPJ Vâlcea. Depunem cererea în numele tău, livrare în 3-5 zile pe email sau curier. Comandă în 5 minute.","168","1006","cazier judiciar online,cazier fiscal,certificat constatator,extras carte funciară,certificat de integritate comportamentală,documente online,acte online România","160","Cazier Judiciar Online Râmnicu Vâlcea — Rapid, Fără Drum la Ghișeu","66","Cazier judiciar Râmnicu Vâlcea la ghișeu — sediul IPJ Vâlcea","60","Ce este cazierul judiciar și de ce ai nevoie de el în Râmnicu Vâlcea","68","index, follow","index, follow, max-video-preview:-1, max-image-preview:large, max-snippet:-1","","","https://eghiseul.ro/servicii/cazier-judiciar-online/ramnicu-valcea/","","","","","","331554","43757","43757","6,485","","1409","224","6,290","38,636","Hard","3,606","2","3","","49","49","0","21,030","142","103","0","7","5","0","","","","","42cffb2da83a724892084c6cd3976903","0,077","","","","","ro","1.1","","","","","","https://eghiseul.ro/servicii/cazier-judiciar-online/ramnicu-valcea/","2026-09-09 09:12:29"
"https://eghiseul.ro/servicii/cazier-judiciar-online/braila/","text/html; charset=utf-8","200","OK","Non-Indexable","noindex","Cazier Judiciar Online Brăila — Fără Drum la IPJ Brăila | eGhiseul.ro","69","598","Obține cazierul judiciar în Brăila online, fără cozi la IPJ Brăila. Depunem cererea în numele tău, livrare în 3-5 zile pe email sau curier. Comandă în 5 minute.","160","936","cazier judiciar online,cazier fiscal,certificat constatator,extras carte funciară,certificat de integritate comportamentală,documente online,acte online România","160","Cazier Judiciar Online Brăila — Rapid, Fără Drum la Ghișeu","58","Cazier judiciar Brăila la ghișeu — sediul IPJ Brăila","52","Ce este cazierul judiciar și de ce ai nevoie de el în Brăila","60","noindex, follow","","","","https://eghiseul.ro/servicii/cazier-judiciar-online/braila/","","","","","","332640","44028","44028","6,525","","1404","223","6,296","37,150","Hard","3,565","2","3","","49","49","0","21,030","142","103","0","7","5","0","","","","","17fb91d6e692b530ac2713722b6d745f","0,436","","","","","ro","1.1","","","","","","https://eghiseul.ro/servicii/cazier-judiciar-online/braila/","2026-09-09 09:12:28"
"https://eghiseul.ro/servicii/cazier-judiciar-online/onesti/","text/html; charset=utf-8","200","OK","Non-Indexable","noindex","Cazier Judiciar Online Onești — Fără Drum la IPJ Bacău | eGhiseul.ro","68","609","Obține cazierul judiciar în Onești online, fără cozi la IPJ Bacău. Depunem cererea în numele tău, livrare în 3-5 zile pe email sau curier. Comandă în 5 minute.","159","944","cazier judiciar online,cazier fiscal,certificat constatator,extras carte funciară,certificat de integritate comportamentală,documente online,acte online România","160","Cazier Judiciar Online Onești — Rapid, Fără Drum la Ghișeu","58","Cazier judiciar Onești la ghișeu","32","Ce este cazierul judiciar și de ce ai nevoie de el în Onești","60","noindex, follow","","","","https://eghiseul.ro/servicii/cazier-judiciar-online/onesti/","","","","","","320946","41939","41939","6,215","","1325","196","6,760","33,136","Hard","3,534","2","3","","49","49","0","21,030","142","103","0","5","4","0","","","","","993116ad0bea95b66bf1e6f313b714d1","0,437","","","","","ro","1.1","","","","","","https://eghiseul.ro/servicii/cazier-judiciar-online/onesti/","2026-09-09 09:12:29"
"https://eghiseul.ro/servicii/cazier-judiciar-online/oradea/","text/html; charset=utf-8","200","OK","Non-Indexable","noindex","Cazier Judiciar Online Oradea — Fără Drum la IPJ Bihor | eGhiseul.ro","68","607","Obține cazierul judiciar în Oradea online, fără cozi la IPJ Bihor. Depunem cererea în numele tău, livrare în 3-5 zile pe email sau curier. Comandă în 5 minute.","159","943","cazier judiciar online,cazier fiscal,certificat constatator,extras carte funciară,certificat de integritate comportamentală,documente online,acte online România","160","Cazier Judiciar Online Oradea — Rapid, Fără Drum la Ghișeu","58","Cazier judiciar Oradea la ghișeu — sediul IPJ Bihor","51","Ce este cazierul judiciar și de ce ai nevoie de el în Oradea","60","noindex, follow","","","","https://eghiseul.ro/servicii/cazier-judiciar-online/oradea/","","","","","","332967","44262","44262","6,560","","1431","227","6,304","35,670","Hard","3,606","2","3","","49","49","0","21,030","142","103","0","7","5","0","","","","","dcac511221746bcfe7a99eb65c7a9702","0,452","","","","","ro","1.1","","","","","","https://eghiseul.ro/servicii/cazier-judiciar-online/oradea/","2026-09-09 09:12:29"
"https://eghiseul.ro/servicii/cazier-judiciar-online/miercurea-ciuc/","text/html; charset=utf-8","200","OK","Non-Indexable","noindex","Cazier Judiciar Online Miercurea Ciuc — Fără Drum la IPJ Harghita | eGhiseul.ro","79","707","Obține cazierul judiciar în Miercurea Ciuc online, fără cozi la IPJ Harghita. Depunem cererea în numele tău, livrare în 3-5 zile pe email sau curier. Comandă în 5 minute.","170","1011","cazier judiciar online,cazier fiscal,certificat constatator,extras carte funciară,certificat de integritate comportamentală,documente online,acte online România","160","Cazier Judiciar Online Miercurea Ciuc — Rapid, Fără Drum la Ghișeu","66","Cazier judiciar Miercurea Ciuc la ghișeu — sediul IPJ Harghita","62","Ce este cazierul judiciar și de ce ai nevoie de el în Miercurea Ciuc","68","noindex, follow","","","","https://eghiseul.ro/servicii/cazier-judiciar-online/miercurea-ciuc/","","","","","","333095","44016","44016","6,523","","1410","231","6,104","35,580","Hard","3,601","2","3","","49","49","0","21,030","142","103","0","7","5","0","","","","","e2b0a847b971d419815265960aae78ea","0,377","","","","","ro","1.1","","","","","","https://eghiseul.ro/servicii/cazier-judiciar-online/miercurea-ciuc/","2026-09-09 09:12:29"
"https://eghiseul.ro/servicii/cazier-judiciar-online/targu-jiu/","text/html; charset=utf-8","200","OK","Non-Indexable","noindex","Cazier Judiciar Online Târgu Jiu — Fără Drum la IPJ Gorj | eGhiseul.ro","70","617","Obține cazierul judiciar în Târgu Jiu online, fără cozi la IPJ Gorj. Depunem cererea în numele tău, livrare în 3-5 zile pe email sau curier. Comandă în 5 minute.","161","949","cazier judiciar online,cazier fiscal,certificat constatator,extras carte funciară,certificat de integritate comportamentală,documente online,acte online România","160","Cazier Judiciar Online Târgu Jiu — Rapid, Fără Drum la Ghișeu","61","Cazier judiciar Târgu Jiu la ghișeu — sediul IPJ Gorj","53","Ce este cazierul judiciar și de ce ai nevoie de el în Târgu Jiu","63","noindex, follow","","","","https://eghiseul.ro/servicii/cazier-judiciar-online/targu-jiu/","","","","","","332722","43982","43982","6,518","","1427","240","5,946","41,204","Hard","3,593","2","3","","49","49","0","21,030","142","103","0","7","5","0","","","","","5f8972a0700aa14129eb8de0ae7f49fe","0,400","","","","","ro","1.1","","","","","","https://eghiseul.ro/servicii/cazier-judiciar-online/targu-jiu/","2026-09-09 09:12:29"
"https://eghiseul.ro/servicii/cazier-judiciar-online/alba-iulia/","text/html; charset=utf-8","200","OK","Non-Indexable","noindex","Cazier Judiciar Online Alba Iulia — Fără Drum la IPJ Alba | eGhiseul.ro","71","618","Obține cazierul judiciar în Alba Iulia online, fără cozi la IPJ Alba. Depunem cererea în numele tău, livrare în 3-5 zile pe email sau curier. Comandă în 5 minute.","162","949","cazier judiciar online,cazier fiscal,certificat constatator,extras carte funciară,certificat de integritate comportamentală,documente online,acte online România","160","Cazier Judiciar Online Alba Iulia — Rapid, Fără Drum la Ghișeu","62","Cazier judiciar Alba Iulia la ghișeu — sediul IPJ Alba","54","Ce este cazierul judiciar și de ce ai nevoie de el în Alba Iulia","64","noindex, follow","","","","https://eghiseul.ro/servicii/cazier-judiciar-online/alba-iulia/","","","","","","332939","44216","44216","6,553","","1436","235","6,111","37,088","Hard","3,609","2","3","","49","49","0","21,030","142","103","0","7","5","0","","","","","870b2cecbaed4bddd848b83120ecd6a6","0,489","","","","","ro","1.1","","","","","","https://eghiseul.ro/servicii/cazier-judiciar-online/alba-iulia/","2026-09-09 09:12:29"
"https://eghiseul.ro/servicii/cazier-judiciar-online/brasov/","text/html; charset=utf-8","200","OK","Non-Indexable","noindex","Cazier Judiciar Online Brașov — Fără Drum la IPJ Brașov | eGhiseul.ro","69","618","Obține cazierul judiciar în Brașov online, fără cozi la IPJ Brașov. Depunem cererea în numele tău, livrare în 3-5 zile pe email sau curier. Comandă în 5 minute.","160","952","cazier judiciar online,cazier fiscal,certificat constatator,extras carte funciară,certificat de integritate comportamentală,documente online,acte online România","160","Cazier Judiciar Online Brașov — Rapid, Fără Drum la Ghișeu","58","Cazier judiciar Brașov la ghișeu — sediul IPJ Brașov","52","Ce este cazierul judiciar și de ce ai nevoie de el în Brașov","60","noindex, follow","","","","https://eghiseul.ro/servicii/cazier-judiciar-online/brasov/","","","","","","333408","44093","44093","6,535","","1443","236","6,114","39,050","Hard","3,625","2","3","","49","49","0","21,030","142","103","0","7","5","0","","","","","ea5ae9be0224c5c62cfe1d84ac936ada","0,370","","","","","ro","1.1","","","","","","https://eghiseul.ro/servicii/cazier-judiciar-online/brasov/","2026-09-09 09:12:29"
"https://eghiseul.ro/servicii/cazier-judiciar-online/constanta/","text/html; charset=utf-8","200","OK","Indexable","","Cazier Judiciar Online Constanța — Fără Drum la IPJ Constanța | eGhiseul.ro","75","680","Obține cazierul judiciar în Constanța online, fără cozi la IPJ Constanța. Depunem cererea în numele tău, livrare în 3-5 zile pe email sau curier. Comandă în 5 minute.","166","996","cazier judiciar online,cazier fiscal,certificat constatator,extras carte funciară,certificat de integritate comportamentală,documente online,acte online România","160","Cazier Judiciar Online Constanța — Rapid, Fără Drum la Ghișeu","61","Cazier judiciar Constanța la ghișeu — sediul IPJ Constanța","58","Ce este cazierul judiciar și de ce ai nevoie de el în Constanța","63","index, follow","index, follow, max-video-preview:-1, max-image-preview:large, max-snippet:-1","","","https://eghiseul.ro/servicii/cazier-judiciar-online/constanta/","","","","","","333883","44230","44230","6,555","","1432","239","5,992","37,225","Hard","3,630","2","3","","49","49","0","21,030","142","103","0","7","5","0","","","","","9fc39cf582e846b2e59dea58c3ad576c","0,061","","","","","ro","1.1","","","","","","https://eghiseul.ro/servicii/cazier-judiciar-online/constanta/","2026-09-09 09:12:30"
"https://eghiseul.ro/comanda/cazier-judiciar-persoana-juridica/","","0","Blocked by robots.txt","Non-Indexable","Blocked by robots.txt","","0","0","","0","0","","0","","0","","0","","0","","","","","","","","","","","0","0","0","0,000","","0","","","","","0,000","2","2","","150","50","0","21,460","0","0","0","0","0","0","","","","","","","","","","","","None","","","","","","https://eghiseul.ro/comanda/cazier-judiciar-persoana-juridica/","2026-09-09 09:12:30"
"https://eghiseul.ro/servicii/cazier-judiciar-online/vaslui/","text/html; charset=utf-8","200","OK","Non-Indexable","noindex","Cazier Judiciar Online Vaslui — Fără Drum la IPJ Vaslui | eGhiseul.ro","69","606","Obține cazierul judiciar în Vaslui online, fără cozi la IPJ Vaslui. Depunem cererea în numele tău, livrare în 3-5 zile pe email sau curier. Comandă în 5 minute.","160","940","cazier judiciar online,cazier fiscal,certificat constatator,extras carte funciară,certificat de integritate comportamentală,documente online,acte online România","160","Cazier Judiciar Online Vaslui — Rapid, Fără Drum la Ghișeu","58","Cazier judiciar Vaslui la ghișeu — sediul IPJ Vaslui","52","Ce este cazierul judiciar și de ce ai nevoie de el în Vaslui","60","noindex, follow","","","","https://eghiseul.ro/servicii/cazier-judiciar-online/vaslui/","","","","","","332798","44077","44077","6,532","","1401","234","5,987","38,623","Hard","3,554","2","3","","49","49","0","21,030","142","103","0","7","5","0","","","","","a0bec539734c6f8f80b79846da27483f","0,458","","","","","ro","1.1","","","","","","https://eghiseul.ro/servicii/cazier-judiciar-online/vaslui/","2026-09-09 09:12:29"
"https://eghiseul.ro/servicii/cazier-judiciar-online/giurgiu/","text/html; charset=utf-8","200","OK","Non-Indexable","noindex","Cazier Judiciar Online Giurgiu — Fără Drum la IPJ Giurgiu | eGhiseul.ro","71","624","Obține cazierul judiciar în Giurgiu online, fără cozi la IPJ Giurgiu. Depunem cererea în numele tău, livrare în 3-5 zile pe email sau curier. Comandă în 5 minute.","162","954","cazier judiciar online,cazier fiscal,certificat constatator,extras carte funciară,certificat de integritate comportamentală,documente online,acte online România","160","Cazier Judiciar Online Giurgiu — Rapid, Fără Drum la Ghișeu","59","Cazier judiciar Giurgiu la ghișeu — sediul IPJ Giurgiu","54","Ce este cazierul judiciar și de ce ai nevoie de el în Giurgiu","61","noindex, follow","","","","https://eghiseul.ro/servicii/cazier-judiciar-online/giurgiu/","","","","","","328991","43362","43362","6,426","","1394","215","6,484","36,334","Hard","3,590","2","3","","49","49","0","21,030","142","103","0","7","5","0","","","","","d242e4fc63469bf865e0c114526e5ad8","0,454","","","","","ro","1.1","","","","","","https://eghiseul.ro/servicii/cazier-judiciar-online/giurgiu/","2026-09-09 09:12:29"
"https://eghiseul.ro/servicii/cazier-judiciar-online/sfantu-gheorghe/","text/html; charset=utf-8","200","OK","Non-Indexable","noindex","Cazier Judiciar Online Sfântu Gheorghe — Fără Drum la IPJ Covasna | eGhiseul.ro","79","724","Obține cazierul judiciar în Sfântu Gheorghe online, fără cozi la IPJ Covasna. Depunem cererea în numele tău, livrare în 3-5 zile pe email sau curier. Comandă în 5 minute.","170","1025","cazier judiciar online,cazier fiscal,certificat constatator,extras carte funciară,certificat de integritate comportamentală,documente online,acte online România","160","Cazier Judiciar Online Sfântu Gheorghe — Rapid, Fără Drum la Ghișeu","67","Cazier judiciar Sfântu Gheorghe la ghișeu — sediul IPJ Covasna","62","Ce este cazierul judiciar și de ce ai nevoie de el în Sfântu Gheorghe","69","noindex, follow","","","","https://eghiseul.ro/servicii/cazier-judiciar-online/sfantu-gheorghe/","","","","","","332845","43919","43919","6,509","","1417","234","6,056","39,131","Hard","3,601","2","3","","49","49","0","21,030","142","103","0","7","5","0","","","","","7c3a172bde4ca57c16d7d395fea1de7e","0,390","","","","","ro","1.1","","","","","","https://eghiseul.ro/servicii/cazier-judiciar-online/sfantu-gheorghe/","2026-09-09 09:12:30"
"https://eghiseul.ro/servicii/cazier-judiciar-online/lugoj/","text/html; charset=utf-8","200","OK","Non-Indexable","noindex","Cazier Judiciar Online Lugoj — Fără Drum la IPJ Timiș | eGhiseul.ro","67","595","Obține cazierul judiciar în Lugoj online, fără cozi la IPJ Timiș. Depunem cererea în numele tău, livrare în 3-5 zile pe email sau curier. Comandă în 5 minute.","158","932","cazier judiciar online,cazier fiscal,certificat constatator,extras carte funciară,certificat de integritate comportamentală,documente online,acte online România","160","Cazier Judiciar Online Lugoj — Rapid, Fără Drum la Ghișeu","57","Cazier judiciar Lugoj la ghișeu","31","Ce este cazierul judiciar și de ce ai nevoie de el în Lugoj","59","noindex, follow","","","","https://eghiseul.ro/servicii/cazier-judiciar-online/lugoj/","","","","","","320701","41852","41852","6,202","","1322","196","6,745","34,821","Hard","3,519","2","3","","49","49","0","21,030","142","103","0","5","4","0","","","","","33228bbf639b0ef3cc7f7f7c0be1cba6","0,414","","","","","ro","1.1","","","","","","https://eghiseul.ro/servicii/cazier-judiciar-online/lugoj/","2026-09-09 09:12:30"
"https://eghiseul.ro/_next/image/?url=%2Fimages%2Fcazier-judiciar-specimen.webp&w=3840&q=75","image/jpeg","200","OK","Indexable","","","0","0","","0","0","","0","","0","","0","","0","","","","","","","","","","","138648","138648","138648","20,548","","0","","","","","0,000","2","2","","0","0","0","0,000","0","0","0","0","0","0","","","","","","0,199","Thu, 13 Aug 2026 00:30:08 GMT","","","","","1.1","","","","","","https://eghiseul.ro/_next/image/?url=%2Fimages%2Fcazier-judiciar-specimen.webp&w=3840&q=75","2026-09-09 09:12:30"
"https://eghiseul.ro/servicii/cazier-judiciar-online/pitesti/","text/html; charset=utf-8","200","OK","Non-Indexable","noindex","Cazier Judiciar Online Pitești — Fără Drum la IPJ Argeș | eGhiseul.ro","69","606","Obține cazierul judiciar în Pitești online, fără cozi la IPJ Argeș. Depunem cererea în numele tău, livrare în 3-5 zile pe email sau curier. Comandă în 5 minute.","160","939","cazier judiciar online,cazier fiscal,certificat constatator,extras carte funciară,certificat de integritate comportamentală,documente online,acte online România","160","Cazier Judiciar Online Pitești — Rapid, Fără Drum la Ghișeu","59","Cazier judiciar Pitești la ghișeu — sediul IPJ Argeș","52","Ce este cazierul judiciar și de ce ai nevoie de el în Pitești","61","noindex, follow","","","","https://eghiseul.ro/servicii/cazier-judiciar-online/pitesti/","","","","","","331545","43890","43890","6,504","","1423","231","6,160","36,555","Hard","3,611","2","3","","49","49","0","21,030","142","103","0","7","5","0","","","","","b09e8fc37b3a81561edee741091bdc2f","0,433","","","","","ro","1.1","","","","","","https://eghiseul.ro/servicii/cazier-judiciar-online/pitesti/","2026-09-09 09:12:30"
"https://eghiseul.ro/servicii/cazier-judiciar-online/zalau/","text/html; charset=utf-8","200","OK","Non-Indexable","noindex","Cazier Judiciar Online Zalău — Fără Drum la IPJ Sălaj | eGhiseul.ro","67","590","Obține cazierul judiciar în Zalău online, fără cozi la IPJ Sălaj. Depunem cererea în numele tău, livrare în 3-5 zile pe email sau curier. Comandă în 5 minute.","158","929","cazier judiciar online,cazier fiscal,certificat constatator,extras carte funciară,certificat de integritate comportamentală,documente online,acte online România","160","Cazier Judiciar Online Zalău — Rapid, Fără Drum la Ghișeu","57","Cazier judiciar Zalău la ghișeu — sediul IPJ Sălaj","50","Ce este cazierul judiciar și de ce ai nevoie de el în Zalău","59","noindex, follow","","","","https://eghiseul.ro/servicii/cazier-judiciar-online/zalau/","","","","","","332354","43866","43866","6,501","","1402","232","6,043","38,984","Hard","3,552","2","3","","49","49","0","21,030","142","103","0","7","5","0","","","","","a045b2f8ac3649acd0df849502bd6600","0,394","","","","","ro","1.1","","","","","","https://eghiseul.ro/servicii/cazier-judiciar-online/zalau/","2026-09-09 09:12:30"
"https://eghiseul.ro/servicii/cazier-judiciar-online/slobozia/","text/html; charset=utf-8","200","OK","Non-Indexable","noindex","Cazier Judiciar Online Slobozia — Fără Drum la IPJ Ialomița | eGhiseul.ro","73","645","Obține cazierul judiciar în Slobozia online, fără cozi la IPJ Ialomița. Depunem cererea în numele tău, livrare în 3-5 zile pe email sau curier. Comandă în 5 minute.","164","968","cazier judiciar online,cazier fiscal,certificat constatator,extras carte funciară,certificat de integritate comportamentală,documente online,acte online România","160","Cazier Judiciar Online Slobozia — Rapid, Fără Drum la Ghișeu","60","Cazier judiciar Slobozia la ghișeu — sediul IPJ Ialomița","56","Ce este cazierul judiciar și de ce ai nevoie de el în Slobozia","62","noindex, follow","","","","https://eghiseul.ro/servicii/cazier-judiciar-online/slobozia/","","","","","","327576","43194","43194","6,401","","1384","210","6,590","29,112","Very Hard","3,607","2","3","","49","49","0","21,030","142","103","0","7","5","0","","","","","3ab085a23faba377014976f57d4548c8","0,403","","","","","ro","1.1","","","","","","https://eghiseul.ro/servicii/cazier-judiciar-online/slobozia/","2026-09-09 09:12:30"
"https://eghiseul.ro/servicii/cazier-judiciar-online/sebes/","text/html; charset=utf-8","200","OK","Non-Indexable","noindex","Cazier Judiciar Online Sebeș — Fără Drum la IPJ Alba | eGhiseul.ro","66","591","Obține cazierul judiciar în Sebeș online, fără cozi la IPJ Alba. Depunem cererea în numele tău, livrare în 3-5 zile pe email sau curier. Comandă în 5 minute.","157","929","cazier judiciar online,cazier fiscal,certificat constatator,extras carte funciară,certificat de integritate comportamentală,documente online,acte online România","160","Cazier Judiciar Online Sebeș — Rapid, Fără Drum la Ghișeu","57","Cazier judiciar Sebeș la ghișeu","31","Ce este cazierul judiciar și de ce ai nevoie de el în Sebeș","59","noindex, follow","","","","https://eghiseul.ro/servicii/cazier-judiciar-online/sebes/","","","","","","320771","41882","41882","6,207","","1333","196","6,801","34,984","Hard","3,528","2","3","","49","49","0","21,030","142","103","0","5","4","0","","","","","3714ec5b69bdbfd7a4b1b2fd5668eff0","0,428","","","","","ro","1.1","","","","","","https://eghiseul.ro/servicii/cazier-judiciar-online/sebes/","2026-09-09 09:12:30"
"https://eghiseul.ro/servicii/cazier-judiciar-online/targoviste/","text/html; charset=utf-8","200","OK","Non-Indexable","noindex","Cazier Judiciar Online Târgoviște — Fără Drum la IPJ Dâmbovița | eGhiseul.ro","76","688","Obține cazierul judiciar în Târgoviște online, fără cozi la IPJ Dâmbovița. Depunem cererea în numele tău, livrare în 3-5 zile pe email sau curier. Comandă în 5 minute.","167","998","cazier judiciar online,cazier fiscal,certificat constatator,extras carte funciară,certificat de integritate comportamentală,documente online,acte online România","160","Cazier Judiciar Online Târgoviște — Rapid, Fără Drum la Ghișeu","62","Cazier judiciar Târgoviște la ghișeu — sediul IPJ Dâmbovița","59","Ce este cazierul judiciar și de ce ai nevoie de el în Târgoviște","64","noindex, follow","","","","https://eghiseul.ro/servicii/cazier-judiciar-online/targoviste/","","","","","","332988","43987","43987","6,519","","1405","234","6,004","37,201","Hard","3,600","2","3","","49","49","0","21,030","142","103","0","7","5","0","","","","","590afdb25c2d8146dce1a7e118f0e6ee","0,420","","","","","ro","1.1","","","","","","https://eghiseul.ro/servicii/cazier-judiciar-online/targoviste/","2026-09-09 09:12:30"
"https://eghiseul.ro/servicii/cazier-judiciar-online/baia-mare/","text/html; charset=utf-8","200","OK","Non-Indexable","noindex","Cazier Judiciar Online Baia Mare — Fără Drum la IPJ Maramureș | eGhiseul.ro","75","689","Obține cazierul judiciar în Baia Mare online, fără cozi la IPJ Maramureș. Depunem cererea în numele tău, livrare în 3-5 zile pe email sau curier. Comandă în 5 minute.","166","999","cazier judiciar online,cazier fiscal,certificat constatator,extras carte funciară,certificat de integritate comportamentală,documente online,acte online România","160","Cazier Judiciar Online Baia Mare — Rapid, Fără Drum la Ghișeu","61","Cazier judiciar Baia Mare la ghișeu — sediul IPJ Maramureș","58","Ce este cazierul judiciar și de ce ai nevoie de el în Baia Mare","63","noindex, follow","","","","https://eghiseul.ro/servicii/cazier-judiciar-online/baia-mare/","","","","","","332764","43982","43982","6,518","","1427","227","6,286","36,056","Hard","3,603","2","3","","49","49","0","21,030","142","103","0","7","5","0","","","","","a8302e33d9d4f986b844031ccdf27807","0,419","","","","","ro","1.1","","","","","","https://eghiseul.ro/servicii/cazier-judiciar-online/baia-mare/","2026-09-09 09:12:30"
"https://eghiseul.ro/servicii/cazier-judiciar-online/focsani/","text/html; charset=utf-8","200","OK","Indexable","","Cazier Judiciar Online Focșani — Fără Drum la IPJ Vrancea | eGhiseul.ro","71","639","Obține cazierul judiciar în Focșani online, fără cozi la IPJ Vrancea. Depunem cererea în numele tău, livrare în 3-5 zile pe email sau curier. Comandă în 5 minute.","162","965","cazier judiciar online,cazier fiscal,certificat constatator,extras carte funciară,certificat de integritate comportamentală,documente online,acte online România","160","Cazier Judiciar Online Focșani — Rapid, Fără Drum la Ghișeu","59","Cazier judiciar Focșani la ghișeu — sediul IPJ Vrancea","54","Ce este cazierul judiciar și de ce ai nevoie de el în Focșani","61","index, follow","index, follow, max-video-preview:-1, max-image-preview:large, max-snippet:-1","","","https://eghiseul.ro/servicii/cazier-judiciar-online/focsani/","","","","","","331008","43660","43660","6,470","","1388","227","6,115","34,781","Hard","3,568","2","3","","49","49","0","21,030","142","103","0","7","5","0","","","","","bf016afbab51956d679aa31c8c97dfec","0,040","","","","","ro","1.1","","","","","","https://eghiseul.ro/servicii/cazier-judiciar-online/focsani/","2026-09-09 09:12:31"
"https://eghiseul.ro/servicii/cazier-judiciar-online/bacau/","text/html; charset=utf-8","200","OK","Non-Indexable","noindex","Cazier Judiciar Online Bacău — Fără Drum la IPJ Bacău | eGhiseul.ro","67","606","Obține cazierul judiciar în Bacău online, fără cozi la IPJ Bacău. Depunem cererea în numele tău, livrare în 3-5 zile pe email sau curier. Comandă în 5 minute.","158","944","cazier judiciar online,cazier fiscal,certificat constatator,extras carte funciară,certificat de integritate comportamentală,documente online,acte online România","160","Cazier Judiciar Online Bacău — Rapid, Fără Drum la Ghișeu","57","Cazier judiciar Bacău la ghișeu — sediul IPJ Bacău","50","Ce este cazierul judiciar și de ce ai nevoie de el în Bacău","59","noindex, follow","","","","https://eghiseul.ro/servicii/cazier-judiciar-online/bacau/","","","","","","332272","43860","43860","6,500","","1406","233","6,034","38,009","Hard","3,566","2","3","","49","49","0","21,030","142","103","0","7","5","0","","","","","65bc692312b5c4aa09445939ebdda41f","0,448","","","","","ro","1.1","","","","","","https://eghiseul.ro/servicii/cazier-judiciar-online/bacau/","2026-09-09 09:12:30"
"https://eghiseul.ro/servicii/cazier-judiciar-online/ploiesti/","text/html; charset=utf-8","200","OK","Non-Indexable","noindex","Cazier Judiciar Online Ploiești — Fără Drum la IPJ Prahova | eGhiseul.ro","72","637","Obține cazierul judiciar în Ploiești online, fără cozi la IPJ Prahova. Depunem cererea în numele tău, livrare în 3-5 zile pe email sau curier. Comandă în 5 minute.","163","962","cazier judiciar online,cazier fiscal,certificat constatator,extras carte funciară,certificat de integritate comportamentală,documente online,acte online România","160","Cazier Judiciar Online Ploiești — Rapid, Fără Drum la Ghișeu","60","Cazier judiciar Ploiești la ghișeu — sediul IPJ Prahova","55","Ce este cazierul judiciar și de ce ai nevoie de el în Ploiești","62","noindex, follow","","","","https://eghiseul.ro/servicii/cazier-judiciar-online/ploiesti/","","","","","","332686","44004","44004","6,521","","1404","234","6,000","36,787","Hard","3,579","2","3","","49","49","0","21,030","142","103","0","7","5","0","","","","","2df2d51a2c5ac5e666f273bdfb276478","0,487","","","","","ro","1.1","","","","","","https://eghiseul.ro/servicii/cazier-judiciar-online/ploiesti/","2026-09-09 09:12:30"
"https://eghiseul.ro/servicii/cazier-judiciar-online/calarasi/","text/html; charset=utf-8","200","OK","Non-Indexable","noindex","Cazier Judiciar Online Călărași — Fără Drum la IPJ Călărași | eGhiseul.ro","73","642","Obține cazierul judiciar în Călărași online, fără cozi la IPJ Călărași. Depunem cererea în numele tău, livrare în 3-5 zile pe email sau curier. Comandă în 5 minute.","164","966","cazier judiciar online,cazier fiscal,certificat constatator,extras carte funciară,certificat de integritate comportamentală,documente online,acte online România","160","Cazier Judiciar Online Călărași — Rapid, Fără Drum la Ghișeu","60","Cazier judiciar Călărași la ghișeu — sediul IPJ Călărași","56","Ce este cazierul judiciar și de ce ai nevoie de el în Călărași","62","noindex, follow","","","","https://eghiseul.ro/servicii/cazier-judiciar-online/calarasi/","","","","","","332735","43858","43858","6,500","","1400","237","5,907","38,286","Hard","3,584","2","3","","49","49","0","21,030","142","103","0","7","5","0","","","","","e1ce6a9c539a56a728da7bdb2e892a8f","0,427","","","","","ro","1.1","","","","","","https://eghiseul.ro/servicii/cazier-judiciar-online/calarasi/","2026-09-09 09:12:31"
"https://eghiseul.ro/servicii/cazier-judiciar-online/barlad/","text/html; charset=utf-8","200","OK","Non-Indexable","noindex","Cazier Judiciar Online Bârlad — Fără Drum la IPJ Vaslui | eGhiseul.ro","69","608","Obține cazierul judiciar în Bârlad online, fără cozi la IPJ Vaslui. Depunem cererea în numele tău, livrare în 3-5 zile pe email sau curier. Comandă în 5 minute.","160","943","cazier judiciar online,cazier fiscal,certificat constatator,extras carte funciară,certificat de integritate comportamentală,documente online,acte online România","160","Cazier Judiciar Online Bârlad — Rapid, Fără Drum la Ghișeu","58","Cazier judiciar Bârlad la ghișeu","32","Ce este cazierul judiciar și de ce ai nevoie de el în Bârlad","60","noindex, follow","","","","https://eghiseul.ro/servicii/cazier-judiciar-online/barlad/","","","","","","320968","41920","41920","6,213","","1327","196","6,770","35,991","Hard","3,542","2","3","","49","49","0","21,030","142","103","0","5","4","0","","","","","f574772047072872ad994c6e6943da48","0,340","","","","","ro","1.1","","","","","","https://eghiseul.ro/servicii/cazier-judiciar-online/barlad/","2026-09-09 09:12:31"
"https://eghiseul.ro/servicii/cazier-judiciar-online/galati/","text/html; charset=utf-8","200","OK","Non-Indexable","noindex","Cazier Judiciar Online Galați — Fără Drum la IPJ Galați | eGhiseul.ro","69","602","Obține cazierul judiciar în Galați online, fără cozi la IPJ Galați. Depunem cererea în numele tău, livrare în 3-5 zile pe email sau curier. Comandă în 5 minute.","160","938","cazier judiciar online,cazier fiscal,certificat constatator,extras carte funciară,certificat de integritate comportamentală,documente online,acte online România","160","Cazier Judiciar Online Galați — Rapid, Fără Drum la Ghișeu","58","Cazier judiciar Galați la ghișeu — sediul IPJ Galați","52","Ce este cazierul judiciar și de ce ai nevoie de el în Galați","60","noindex, follow","","","","https://eghiseul.ro/servicii/cazier-judiciar-online/galati/","","","","","","332925","44035","44035","6,526","","1412","225","6,276","35,100","Hard","3,579","2","3","","49","49","0","21,030","142","103","0","7","5","0","","","","","da3d3761bdd97f4effc04fc834eae6d","0,412","","","","","ro","1.1","","","","","","https://eghiseul.ro/servicii/cazier-judiciar-online/galati/","2026-09-09 09:12:31"
"https://eghiseul.ro/servicii/cazier-judiciar-online/iasi/","text/html; charset=utf-8","200","OK","Indexable","","Cazier Judiciar Online Iași — Fără Drum la IPJ Iași | eGhiseul.ro","65","558","Obține cazierul judiciar în Iași online, fără cozi la IPJ Iași. Depunem cererea în numele tău, livrare în 3-5 zile pe email sau curier. Comandă în 5 minute.","156","908","cazier judiciar online,cazier fiscal,certificat constatator,extras carte funciară,certificat de integritate comportamentală,documente online,acte online România","160","Cazier Judiciar Online Iași — Rapid, Fără Drum la Ghișeu","56","Cazier judiciar Iași la ghișeu — sediul IPJ Iași","48","Ce este cazierul judiciar și de ce ai nevoie de el în Iași","58","index, follow","index, follow, max-video-preview:-1, max-image-preview:large, max-snippet:-1","","","https://eghiseul.ro/servicii/cazier-judiciar-online/iasi/","","","","","","332022","43991","43991","6,519","","1434","240","5,975","36,703","Hard","3,602","2","3","","49","49","0","21,030","142","103","0","7","5","0","","","","","c6269028147de1ced02352da8ff2ca23","0,070","","","","","ro","1.1","","","","","","https://eghiseul.ro/servicii/cazier-judiciar-online/iasi/","2026-09-09 09:12:31"
"https://eghiseul.ro/servicii/cazier-judiciar-online/drobeta-turnu-severin/","text/html; charset=utf-8","200","OK","Non-Indexable","noindex","Cazier Judiciar Online Drobeta-Turnu Severin — Fără Drum la IPJ Mehedinți | eGhiseul.ro","87","786","Obține cazierul judiciar în Drobeta-Turnu Severin online, fără cozi la IPJ Mehedinți. Depunem cererea în numele tău, livrare în 3-5 zile pe email sau curier. Comandă în 5 minute.","178","1064","cazier judiciar online,cazier fiscal,certificat constatator,extras carte funciară,certificat de integritate comportamentală,documente online,acte online România","160","Cazier Judiciar Online Drobeta-Turnu Severin — Rapid, Fără Drum la Ghișeu","73","Cazier judiciar Drobeta-Turnu Severin la ghișeu — sediul IPJ Mehedinți","70","Ce este cazierul judiciar și de ce ai nevoie de el în Drobeta-Turnu Severin","75","noindex, follow","","","","https://eghiseul.ro/servicii/cazier-judiciar-online/drobeta-turnu-severin/","","","","","","333908","44167","44167","6,546","","1439","240","5,996","32,314","Hard","3,684","2","3","","49","49","0","21,030","142","103","0","7","5","0","","","","","2ca5fc193e67f0609632b8f513d08b22","0,370","","","","","ro","1.1","","","","","","https://eghiseul.ro/servicii/cazier-judiciar-online/drobeta-turnu-severin/","2026-09-09 09:12:31"
"https://eghiseul.ro/servicii/cazier-judiciar-online/craiova/","text/html; charset=utf-8","200","OK","Non-Indexable","noindex","Cazier Judiciar Online Craiova — Fără Drum la IPJ Dolj | eGhiseul.ro","68","598","Obține cazierul judiciar în Craiova online, fără cozi la IPJ Dolj. Depunem cererea în numele tău, livrare în 3-5 zile pe email sau curier. Comandă în 5 minute.","159","935","cazier judiciar online,cazier fiscal,certificat constatator,extras carte funciară,certificat de integritate comportamentală,documente online,acte online România","160","Cazier Judiciar Online Craiova — Rapid, Fără Drum la Ghișeu","59","Cazier judiciar Craiova la ghișeu — sediul IPJ Dolj","51","Ce este cazierul judiciar și de ce ai nevoie de el în Craiova","61","noindex, follow","","","","https://eghiseul.ro/servicii/cazier-judiciar-online/craiova/","","","","","","331142","43580","43580","6,459","","1419","231","6,143","38,077","Hard","3,607","2","3","","49","49","0","21,030","142","103","0","7","5","0","","","","","d74b5c7aba0570302c3a43ccf3331d2f","0,486","","","","","ro","1.1","","","","","","https://eghiseul.ro/servicii/cazier-judiciar-online/craiova/","2026-09-09 09:12:31"
"https://eghiseul.ro/servicii/cazier-judiciar-online/botosani/","text/html; charset=utf-8","200","OK","Non-Indexable","noindex","Cazier Judiciar Online Botoșani — Fără Drum la IPJ Botoșani | eGhiseul.ro","73","652","Obține cazierul judiciar în Botoșani online, fără cozi la IPJ Botoșani. Depunem cererea în numele tău, livrare în 3-5 zile pe email sau curier. Comandă în 5 minute.","164","976","cazier judiciar online,cazier fiscal,certificat constatator,extras carte funciară,certificat de integritate comportamentală,documente online,acte online România","160","Cazier Judiciar Online Botoșani — Rapid, Fără Drum la Ghișeu","60","Cazier judiciar Botoșani la ghișeu — sediul IPJ Botoșani","56","Ce este cazierul judiciar și de ce ai nevoie de el în Botoșani","62","noindex, follow","","","","https://eghiseul.ro/servicii/cazier-judiciar-online/botosani/","","","","","","331245","43704","43704","6,477","","1401","231","6,065","33,472","Hard","3,598","2","3","","49","49","0","21,030","142","103","0","7","5","0","","","","","24eb1d342234ac012e249e6263a0744e","0,403","","","","","ro","1.1","","","","","","https://eghiseul.ro/servicii/cazier-judiciar-online/botosani/","2026-09-09 09:12:31"
"https://eghiseul.ro/_next/static/chunks/9b23adf40e997c2d.js?dpl=dpl_67tH8DnrrsjBhYi55ERePfEYAbMi","application/javascript; charset=utf-8","200","OK","Indexable","","","0","0","","0","0","","0","","0","","0","","0","","","","","","","","","","","0","0","0","0,000","","0","","","","","0,000","2","3","","0","0","0","0,000","0","0","0","0","0","0","","","","","","0,052","Wed, 09 Sep 2026 05:53:40 GMT","","","","","1.1","","","","","","https://eghiseul.ro/_next/static/chunks/9b23adf40e997c2d.js?dpl=dpl_67tH8DnrrsjBhYi55ERePfEYAbMi","2026-09-09 09:12:32"
"https://eghiseul.ro/servicii/cazier-judiciar-online/medias/","text/html; charset=utf-8","200","OK","Non-Indexable","noindex","Cazier Judiciar Online Mediaș — Fără Drum la IPJ Sibiu | eGhiseul.ro","68","605","Obține cazierul judiciar în Mediaș online, fără cozi la IPJ Sibiu. Depunem cererea în numele tău, livrare în 3-5 zile pe email sau curier. Comandă în 5 minute.","159","939","cazier judiciar online,cazier fiscal,certificat constatator,extras carte funciară,certificat de integritate comportamentală,documente online,acte online România","160","Cazier Judiciar Online Mediaș — Rapid, Fără Drum la Ghișeu","58","Cazier judiciar Mediaș la ghișeu","32","Ce este cazierul judiciar și de ce ai nevoie de el în Mediaș","60","noindex, follow","","","","https://eghiseul.ro/servicii/cazier-judiciar-online/medias/","","","","","","320928","41913","41913","6,212","","1327","197","6,736","33,093","Hard","3,536","2","3","","49","49","0","21,030","142","103","0","5","4","0","","","","","dc8730711b331e761cc2715275725249","0,405","","","","","ro","1.1","","","","","","https://eghiseul.ro/servicii/cazier-judiciar-online/medias/","2026-09-09 09:12:31"
"https://eghiseul.ro/servicii/cazier-judiciar-online/arad/","text/html; charset=utf-8","200","OK","Non-Indexable","noindex","Cazier Judiciar Online Arad — Fără Drum la IPJ Arad | eGhiseul.ro","65","580","Obține cazierul judiciar în Arad online, fără cozi la IPJ Arad. Depunem cererea în numele tău, livrare în 3-5 zile pe email sau curier. Comandă în 5 minute.","156","924","cazier judiciar online,cazier fiscal,certificat constatator,extras carte funciară,certificat de integritate comportamentală,documente online,acte online România","160","Cazier Judiciar Online Arad — Rapid, Fără Drum la Ghișeu","56","Cazier judiciar Arad la ghișeu — sediul IPJ Arad","48","Ce este cazierul judiciar și de ce ai nevoie de el în Arad","58","noindex, follow","","","","https://eghiseul.ro/servicii/cazier-judiciar-online/arad/","","","","","","332472","43940","43940","6,512","","1423","234","6,081","38,716","Hard","3,579","2","3","","49","49","0","21,030","142","103","0","7","5","0","","","","","bd6c73a565be95f53325d4da343897e","0,486","","","","","ro","1.1","","","","","","https://eghiseul.ro/servicii/cazier-judiciar-online/arad/","2026-09-09 09:12:31"
"https://eghiseul.ro/calculator/grad-indatorare/","text/html; charset=utf-8","200","OK","Indexable","","Calculator Grad de Îndatorare (DTI) 2026 | eGhiseul.ro","54","477","Calculator grad de îndatorare 2026: vezi ce procent din venitul net merge pe rate și dacă te încadrezi în plafonul BNR de 40% (45% prima locuință).","147","894","cazier judiciar online,cazier fiscal,certificat constatator,extras carte funciară,certificat de integritate comportamentală,documente online,acte online România","160","Calculator Grad de Îndatorare 2026","34","Cum se calculează gradul de îndatorare","38","Plafoanele BNR în 2026","22","index, follow","index, follow, max-video-preview:-1, max-image-preview:large, max-snippet:-1","","","https://eghiseul.ro/calculator/grad-indatorare/","","","","","","210122","36243","36243","5,371","","1512","225","6,720","64,609","Normal","5,677","2","2","","2","2","0","0,860","88","54","0","4","3","0","","","","","a44cd93b8771ceecff873f64014de467","0,071","","","","","ro","1.1","","","","","","https://eghiseul.ro/calculator/grad-indatorare/","2026-09-09 09:12:32"
"https://eghiseul.ro/calculator/zile-concediu-odihna/","text/html; charset=utf-8","200","OK","Indexable","","Calculator Zile Concediu de Odihnă — Proporțional | eGhiseul.ro","63","564","Calculează zilele de concediu de odihnă cuvenite proporțional cu lunile lucrate (minim legal 20 de zile lucrătoare).","116","690","cazier judiciar online,cazier fiscal,certificat constatator,extras carte funciară,certificat de integritate comportamentală,documente online,acte online România","160","Calculator Zile Concediu de Odihnă","34","Cum se calculează zilele de concediu de odihnă","46","Exemplu de calcul pas cu pas","28","index, follow","index, follow, max-video-preview:-1, max-image-preview:large, max-snippet:-1","","","https://eghiseul.ro/calculator/zile-concediu-odihna/","","","","","","209881","35351","35351","5,239","","1415","221","6,403","63,541","Normal","5,382","2","2","","6","6","0","2,580","88","55","0","4","3","0","","","","","6f8255964fe3c15a55e1bc9d457099e5","0,060","","","","","ro","1.1","","","","","","https://eghiseul.ro/calculator/zile-concediu-odihna/","2026-09-09 09:12:32"
"https://eghiseul.ro/calculator/diurna/","text/html; charset=utf-8","200","OK","Indexable","","Calculator Diurnă 2026 — Plafon Neimpozabil Delegație | eGhiseul.ro","67","610","Calculează diurna neimpozabilă pentru delegație în țară (57,5 lei/zi) sau străinătate și partea impozabilă, conform regulilor fiscale 2026.","139","835","cazier judiciar online,cazier fiscal,certificat constatator,extras carte funciară,certificat de integritate comportamentală,documente online,acte online România","160","Calculator Diurnă 2026","22","Ce este diurna și când e neimpozabilă","37","Plafoane 2026","13","index, follow","index, follow, max-video-preview:-1, max-image-preview:large, max-snippet:-1","","","https://eghiseul.ro/calculator/diurna/","","","","","","211045","34918","34918","5,175","","1342","195","6,882","69,924","Normal","5,134","2","2","","2","2","0","0,860","89","55","0","4","3","0","","","","","26ad741be18f9e34ad2424bbd4fdf233","0,057","","","","","ro","1.1","","","","","","https://eghiseul.ro/calculator/diurna/","2026-09-09 09:12:32"
"https://eghiseul.ro/calculator/concediu-paternal/","text/html; charset=utf-8","200","OK","Indexable","","Calculator Concediu Paternal 2026 | eGhiseul.ro","47","425","Calculator concediu paternal 2026: 10 zile lucrătoare, plus 5 zile cu curs de puericultură. Vezi câte zile ți se cuvin și termenul de 8 săptămâni.","146","859","cazier judiciar online,cazier fiscal,certificat constatator,extras carte funciară,certificat de integritate comportamentală,documente online,acte online România","160","Calculator Concediu Paternal 2026","33","Cum se calculează concediul paternal în 2026","44","Exemplu pas cu pas","18","index, follow","index, follow, max-video-preview:-1, max-image-preview:large, max-snippet:-1","","","https://eghiseul.ro/calculator/concediu-paternal/","","","","","","206640","34528","34528","5,117","","1384","201","6,886","65,244","Normal","5,440","2","2","","3","3","0","1,290","88","55","0","4","3","0","","","","","2c69e39bd8e54c21e55f54971941637d","0,143","","","","","ro","1.1","","","","","","https://eghiseul.ro/calculator/concediu-paternal/","2026-09-09 09:12:32"
"https://eghiseul.ro/calculator/cost-cadastru-intabulare/","text/html; charset=utf-8","200","OK","Indexable","","Cât Costă Cadastrul și Intabularea? Calculator 2026 | eGhiseul.ro","65","575","Calculează pe loc cât te costă cadastrul și intabularea: taxa ANCPI exactă (120 lei la prima înregistrare, 0,15% din preț la cumpărare) + onorariul topografului, pe tip de imobil. Gratuit.","188","1116","cazier judiciar online,cazier fiscal,certificat constatator,extras carte funciară,certificat de integritate comportamentală,documente online,acte online România","160","Cât costă cadastrul și intabularea?","35","Din ce se compune costul cadastrului și intabulării","51","Care sunt taxele oficiale ANCPI pe operațiuni","45","index, follow","index, follow, max-video-preview:-1, max-image-preview:large, max-snippet:-1","","","https://eghiseul.ro/calculator/cost-cadastru-intabulare/","","","","","","218709","37275","37275","5,524","","1494","282","5,298","58,136","Fairly Hard","5,674","2","2","","5","3","0","1,290","96","55","0","4","3","0","","","","","167cd6c225a54a61d1614238eb15c0d8","0,060","","","","","ro","1.1","","","","","","https://eghiseul.ro/calculator/cost-cadastru-intabulare/","2026-09-09 09:12:32"
"https://eghiseul.ro/calculator/zile-lucratoare/","text/html; charset=utf-8","200","OK","Indexable","","Calculator Zile Lucrătoare 2026 | eGhiseul.ro","45","396","Calculator zile lucrătoare 2026: află câte zile lucrătoare sunt într-un interval, fără weekenduri și sărbători legale. ~250 zile lucrătoare în 2026.","148","865","cazier judiciar online,cazier fiscal,certificat constatator,extras carte funciară,certificat de integritate comportamentală,documente online,acte online România","160","Calculator Zile Lucrătoare 2026","31","Cum se calculează zilele lucrătoare","35","Exemplu numeric pas cu pas","26","index, follow","index, follow, max-video-preview:-1, max-image-preview:large, max-snippet:-1","","","https://eghiseul.ro/calculator/zile-lucratoare/","","","","","","206464","34013","34013","5,041","","1242","179","6,939","64,037","Normal","5,003","2","2","","2","2","0","0,860","88","55","0","4","3","0","","","","","5e1e56d2d7bf2b616b0018fe3fd4f6c4","0,057","","","","","ro","1.1","","","","","","https://eghiseul.ro/calculator/zile-lucratoare/","2026-09-09 09:12:32"
"https://eghiseul.ro/calculator/calculator-data/","text/html; charset=utf-8","200","OK","Indexable","","Calculator Dată — Adună sau Scade Zile | eGhiseul.ro","52","472","Calculator dată: adună sau scade zile, luni ori ani (sau doar zile lucrătoare) la o dată și află diferența în zile între două date.","131","752","cazier judiciar online,cazier fiscal,certificat constatator,extras carte funciară,certificat de integritate comportamentală,documente online,acte online România","160","Calculator Dată 2026","20","Cum se calculează o dată adunând sau scăzând zile","49","Exemplu numeric pas cu pas","26","index, follow","index, follow, max-video-preview:-1, max-image-preview:large, max-snippet:-1","","","https://eghiseul.ro/calculator/calculator-data/","","","","","","211328","35776","35776","5,302","","1507","204","7,387","62,079","Normal","5,517","2","2","","2","2","0","0,860","89","56","0","4","3","0","","","","","a3c33286bdc3cfa7eea20bb8458bed69","0,070","","","","","ro","1.1","","","","","","https://eghiseul.ro/calculator/calculator-data/","2026-09-09 09:12:32"
"https://eghiseul.ro/calculator/dobanda-legala/","text/html; charset=utf-8","200","OK","Indexable","","Calculator Dobândă Legală 2026 (Penalizatoare) | eGhiseul.ro","60","548","Calculator dobândă legală 2026: penalizatoare (BNR+4pp) și pentru profesioniști (BNR+8pp), pe baza ratei de referință BNR de 6,50%.","131","825","cazier judiciar online,cazier fiscal,certificat constatator,extras carte funciară,certificat de integritate comportamentală,documente online,acte online România","160","Calculator Dobândă Legală 2026","30","Cum se calculează dobânda legală în 2026","40","Exemplu numeric, pas cu pas","27","index, follow","index, follow, max-video-preview:-1, max-image-preview:large, max-snippet:-1","","","https://eghiseul.ro/calculator/dobanda-legala/","","","","","","210914","35248","35248","5,224","","1290","192","6,719","65,770","Normal","5,304","2","2","","4","4","0","1,720","89","56","0","4","3","0","","","","","b68668f80b6fca7db225f74bc30fe8be","0,063","","","","","ro","1.1","","","","","","https://eghiseul.ro/calculator/dobanda-legala/","2026-09-09 09:12:32"
"https://eghiseul.ro/calculator/concediu-maternitate/","text/html; charset=utf-8","200","OK","Indexable","","Calculator Concediu Maternitate 2026 — Indemnizație | eGhiseul.ro","65","596","Calculator concediu maternitate 2026: estimează indemnizația de 85% din media venitului brut pe 6 luni, durata de 126 zile și suma netă, neimpozabilă.","150","926","cazier judiciar online,cazier fiscal,certificat constatator,extras carte funciară,certificat de integritate comportamentală,documente online,acte online România","160","Calculator Concediu Maternitate 2026","36","Cum se calculează indemnizația de maternitate în 2026","53","Exemplu numeric pas cu pas","26","index, follow","index, follow, max-video-preview:-1, max-image-preview:large, max-snippet:-1","","","https://eghiseul.ro/calculator/concediu-maternitate/","","","","","","207104","34825","34825","5,161","","1383","220","6,286","53,949","Fairly Hard","5,518","2","2","","3","3","0","1,290","87","54","0","4","3","0","","","","","43d7e26a8a8733d2f0b23e2b2dd8d336","0,057","","","","","ro","1.1","","","","","","https://eghiseul.ro/calculator/concediu-maternitate/","2026-09-09 09:12:32"
"https://eghiseul.ro/calculator/pensie-invaliditate/","text/html; charset=utf-8","200","OK","Indexable","","Calculator Pensie Invaliditate 2026 — Gradele I, II, III | eGhiseul.ro","70","575","Estimează pensia de invaliditate în 2026 pe grade (I, II, III): puncte realizate + stagiu potențial × VPR 81 lei, plus indemnizația de însoțitor pentru gradul I.","161","930","cazier judiciar online,cazier fiscal,certificat constatator,extras carte funciară,certificat de integritate comportamentală,documente online,acte online România","160","Calculator Pensie de Invaliditate","33","Cum se calculează pensia de invaliditate","40","Creditarea stagiului potențial pe grade","39","index, follow","index, follow, max-video-preview:-1, max-image-preview:large, max-snippet:-1","","","https://eghiseul.ro/calculator/pensie-invaliditate/","","","","","","206093","34495","34495","5,112","","1282","188","6,819","68,460","Normal","5,071","2","2","","2","2","0","0,860","89","54","0","4","3","0","","","","","7904dd1eec6885e259ca17c885fec1a0","0,059","","","","","ro","1.1","","","","","","https://eghiseul.ro/calculator/pensie-invaliditate/","2026-09-09 09:12:32"
"https://eghiseul.ro/servicii/cazier-judiciar-online/deva/","text/html; charset=utf-8","200","OK","Non-Indexable","noindex","Cazier Judiciar Online Deva — Fără Drum la IPJ Hunedoara | eGhiseul.ro","70","639","Obține cazierul judiciar în Deva online, fără cozi la IPJ Hunedoara. Depunem cererea în numele tău, livrare în 3-5 zile pe email sau curier. Comandă în 5 minute.","161","965","cazier judiciar online,cazier fiscal,certificat constatator,extras carte funciară,certificat de integritate comportamentală,documente online,acte online România","160","Cazier Judiciar Online Deva — Rapid, Fără Drum la Ghișeu","56","Cazier judiciar Deva la ghișeu — sediul IPJ Hunedoara","53","Ce este cazierul judiciar și de ce ai nevoie de el în Deva","58","noindex, follow","","","","https://eghiseul.ro/servicii/cazier-judiciar-online/deva/","","","","","","332373","43962","43962","6,515","","1405","233","6,030","35,910","Hard","3,570","2","3","","49","49","0","21,030","142","103","0","7","5","0","","","","","1481fb04a59b320af91c15b35bd02fbe","0,377","","","","","ro","1.1","","","","","","https://eghiseul.ro/servicii/cazier-judiciar-online/deva/","2026-09-09 09:12:32"
"https://eghiseul.ro/servicii/cazier-judiciar-online/ilfov/","text/html; charset=utf-8","200","OK","Non-Indexable","noindex","Cazier Judiciar Online Ilfov — Fără Drum la IPJ Ilfov | eGhiseul.ro","67","572","Obține cazierul judiciar în Ilfov online, fără cozi la IPJ Ilfov. Depunem cererea în numele tău, livrare în 3-5 zile pe email sau curier. Comandă în 5 minute.","158","918","cazier judiciar online,cazier fiscal,certificat constatator,extras carte funciară,certificat de integritate comportamentală,documente online,acte online România","160","Cazier Judiciar Online Ilfov — Rapid, Fără Drum la Ghișeu","57","Cazier judiciar Ilfov la ghișeu — sediul IPJ Ilfov","50","Ce este cazierul judiciar și de ce ai nevoie de el în Ilfov","59","noindex, follow","","","","https://eghiseul.ro/servicii/cazier-judiciar-online/ilfov/","","","","","","332675","43972","43972","6,517","","1425","229","6,223","37,434","Hard","3,594","2","3","","49","49","0","21,030","142","103","0","7","5","0","","","","","fe43322e2f1b33ae225740c6719d3447","0,633","","","","","ro","1.1","","","","","","https://eghiseul.ro/servicii/cazier-judiciar-online/ilfov/","2026-09-09 09:12:31"
"https://eghiseul.ro/_next/static/chunks/362268d20bab92de.js?dpl=dpl_67tH8DnrrsjBhYi55ERePfEYAbMi","application/javascript; charset=utf-8","200","OK","Indexable","","","0","0","","0","0","","0","","0","","0","","0","","","","","","","","","","","0","0","0","0,000","","0","","","","","0,000","2","3","","0","0","0","0,000","0","0","0","0","0","0","","","","","","0,108","Wed, 09 Sep 2026 05:54:23 GMT","","","","","1.1","","","","","","https://eghiseul.ro/_next/static/chunks/362268d20bab92de.js?dpl=dpl_67tH8DnrrsjBhYi55ERePfEYAbMi","2026-09-09 09:12:32"
"https://eghiseul.ro/calculator/spor-salarial/","text/html; charset=utf-8","200","OK","Indexable","","Calculator Spor Noapte și Ore Suplimentare 2026 | eGhiseul.ro","61","554","Calculator spor noapte (25%), ore suplimentare (75%) și muncă în sărbători legale (100%) conform Codului Muncii 2026. Estimează rapid suma cuvenită.","148","939","cazier judiciar online,cazier fiscal,certificat constatator,extras carte funciară,certificat de integritate comportamentală,documente online,acte online România","160","Calculator Spor Noapte și Ore Suplimentare 2026","47","Cum se calculează sporurile salariale în 2026","45","Exemplu numeric pas cu pas","26","index, follow","index, follow, max-video-preview:-1, max-image-preview:large, max-snippet:-1","","","https://eghiseul.ro/calculator/spor-salarial/","","","","","","205767","34409","34409","5,099","","1352","218","6,202","73,140","Fairly Easy","5,304","2","2","","2","2","0","0,860","87","55","0","4","3","0","","","","","4d27c0c254df1b4c0d43009bbf25bcbd","0,124","","","","","ro","1.1","","","","","","https://eghiseul.ro/calculator/spor-salarial/","2026-09-09 09:12:32"
"https://eghiseul.ro/calculator/inflatie/","text/html; charset=utf-8","200","OK","Indexable","","Calculator Inflație — Puterea de Cumpărare a Banilor | eGhiseul.ro","66","586","Calculează cum a afectat inflația valoarea banilor între doi ani, pe baza ratei medii anuale a inflației (IPC) publicate de INS. Vezi puterea de cumpărare.","155","922","cazier judiciar online,cazier fiscal,certificat constatator,extras carte funciară,certificat de integritate comportamentală,documente online,acte online România","160","Calculator Inflație","19","Ce arată calculatorul de inflație","33","Cum se calculează","17","index, follow","index, follow, max-video-preview:-1, max-image-preview:large, max-snippet:-1","","","https://eghiseul.ro/calculator/inflatie/","","","","","","210609","36053","36053","5,343","","1465","203","7,217","67,557","Normal","5,545","2","2","","2","2","0","0,860","90","56","0","4","3","0","","","","","3979d50a58dccd04524b330bba1dedbe","0,133","","","","","ro","1.1","","","","","","https://eghiseul.ro/calculator/inflatie/","2026-09-09 09:12:32"
"https://eghiseul.ro/calculator/calculator-indemnizatie-crestere-copil/","text/html; charset=utf-8","200","OK","Indexable","","Calculator Indemnizație Creștere Copil 2026 (ICC) | eGhiseul.ro","63","559","Calculează indemnizația de creștere a copilului în 2026: 85% din venitul net mediu, între 1.650 și 8.500 lei brut, cu reținerea CASS de 10%.","140","835","cazier judiciar online,cazier fiscal,certificat constatator,extras carte funciară,certificat de integritate comportamentală,documente online,acte online România","160","Calculator Indemnizație Creștere Copil 2026","43","Cum se calculează indemnizația de creștere a copilului","54","Durata și stimulentul de inserție","33","index, follow","index, follow, max-video-preview:-1, max-image-preview:large, max-snippet:-1","","","https://eghiseul.ro/calculator/calculator-indemnizatie-crestere-copil/","","","","","","222642","38065","38065","5,641","","1881","303","6,208","67,944","Normal","6,291","2","2","","3","3","0","1,290","91","57","0","4","3","0","","","","","4be0758b30cfe753d8577aa9398609bd","0,117","","","","","ro","1.1","","","","","","https://eghiseul.ro/calculator/calculator-indemnizatie-crestere-copil/","2026-09-09 09:12:32"
"https://eghiseul.ro/cat-poti-construi-pe-teren/","text/html; charset=utf-8","200","OK","Indexable","","Cât Poți Construi pe Terenul Tău? POT și CUT explicate simplu | eGhiseul.ro","75","674","Câți metri pătrați poate ocupa casa pe teren? Formula: teren × POT / 100. Afli POT-ul din certificatul de urbanism. Ghid cu exemple concrete, valori legale pe zone (HG 525/1996) și greșelile frecvente de calcul.","211","1272","cazier judiciar online,cazier fiscal,certificat constatator,extras carte funciară,certificat de integritate comportamentală,documente online,acte online România","160","Cât Poți Construi pe Terenul Tău? POT și CUT explicate simplu","61","Răspunsul scurt","15","Cei doi indicatori care decid cât construiești: POT și CUT","58","index, follow","index, follow, max-video-preview:-1, max-image-preview:large, max-snippet:-1","","","https://eghiseul.ro/cat-poti-construi-pe-teren/","","","","","","200883","35766","35766","5,301","","1383","219","6,315","66,276","Normal","5,505","2","1","","4","4","0","1,720","92","54","0","4","3","0","","","","","897c03b7275f4c688380c74f6de006b0","0,123","","","","","ro","1.1","","","","","","https://eghiseul.ro/cat-poti-construi-pe-teren/","2026-09-09 09:12:32"
"https://eghiseul.ro/comanda/cazier-judiciar-persoana-fizica/","","0","Blocked by robots.txt","Non-Indexable","Blocked by robots.txt","","0","0","","0","0","","0","","0","","0","","0","","","","","","","","","","","0","0","0","0,000","","0","","","","","0,000","2","2","","150","50","0","21,460","0","0","0","0","0","0","","","","","","","","","","","","None","","","","","","https://eghiseul.ro/comanda/cazier-judiciar-persoana-fizica/","2026-09-09 09:12:32"
"https://eghiseul.ro/_next/static/chunks/3316b15c0866c4f4.js?dpl=dpl_67tH8DnrrsjBhYi55ERePfEYAbMi","application/javascript; charset=utf-8","200","OK","Indexable","","","0","0","","0","0","","0","","0","","0","","0","","","","","","","","","","","0","0","0","0,000","","0","","","","","0,000","2","3","","0","0","0","0,000","0","0","0","0","0","0","","","","","","0,033","Wed, 09 Sep 2026 05:54:24 GMT","","","","","1.1","","","","","","https://eghiseul.ro/_next/static/chunks/3316b15c0866c4f4.js?dpl=dpl_67tH8DnrrsjBhYi55ERePfEYAbMi","2026-09-09 09:12:32"
"https://eghiseul.ro/_next/static/chunks/fe40217e078eb787.js?dpl=dpl_67tH8DnrrsjBhYi55ERePfEYAbMi","application/javascript; charset=utf-8","200","OK","Indexable","","","0","0","","0","0","","0","","0","","0","","0","","","","","","","","","","","0","0","0","0,000","","0","","","","","0,000","2","3","","0","0","0","0,000","0","0","0","0","0","0","","","","","","0,068","Wed, 09 Sep 2026 05:54:22 GMT","","","","","1.1","","","","","","https://eghiseul.ro/_next/static/chunks/fe40217e078eb787.js?dpl=dpl_67tH8DnrrsjBhYi55ERePfEYAbMi","2026-09-09 09:12:32"
"https://eghiseul.ro/_next/static/chunks/08dcd9547d848e3f.js?dpl=dpl_67tH8DnrrsjBhYi55ERePfEYAbMi","application/javascript; charset=utf-8","200","OK","Indexable","","","0","0","","0","0","","0","","0","","0","","0","","","","","","","","","","","0","0","0","0,000","","0","","","","","0,000","2","3","","0","0","0","0,000","0","0","0","0","0","0","","","","","","0,053","Wed, 09 Sep 2026 05:54:24 GMT","","","","","1.1","","","","","","https://eghiseul.ro/_next/static/chunks/08dcd9547d848e3f.js?dpl=dpl_67tH8DnrrsjBhYi55ERePfEYAbMi","2026-09-09 09:12:32"
"https://eghiseul.ro/radiere-firma-srl-ghid/","text/html; charset=utf-8","200","OK","Indexable","","Radierea unei firme (SRL): etape, acte, durată și greșeli de evitat (2026) | eGhiseul.ro","88","752","Ghid radiere SRL în 2026: dizolvare și lichidare voluntară pas cu pas, actele pentru ONRC, certificatul fiscal fără datorii, termenul de opoziție de 30 de zile și cât durează tot procesul.","188","1103","cazier judiciar online,cazier fiscal,certificat constatator,extras carte funciară,certificat de integritate comportamentală,documente online,acte online România","160","Radierea unei firme (SRL): etape, acte, durată și greșeli de evitat (2026)","74","Cele trei etape, pe scurt","25","Termenul de 30 de zile: de ce nu se poate „repede”","50","index, follow","index, follow, max-video-preview:-1, max-image-preview:large, max-snippet:-1","","","https://eghiseul.ro/radiere-firma-srl-ghid/","","","","","","185906","33027","33027","4,895","","971","148","6,561","47,530","Hard","4,820","2","1","","6","6","0","2,580","88","55","0","4","3","0","","","","","44221db728925cf0cf1e92ebbd6f2f14","0,056","","","","","ro","1.1","","","","","","https://eghiseul.ro/radiere-firma-srl-ghid/","2026-09-09 09:12:32"
"https://eghiseul.ro/_next/static/chunks/fafd0d2baebcca76.js?dpl=dpl_67tH8DnrrsjBhYi55ERePfEYAbMi","application/javascript; charset=utf-8","200","OK","Indexable","","","0","0","","0","0","","0","","0","","0","","0","","","","","","","","","","","0","0","0","0,000","","0","","","","","0,000","2","3","","0","0","0","0,000","0","0","0","0","0","0","","","","","","0,124","Wed, 09 Sep 2026 05:54:24 GMT","","","","","1.1","","","","","","https://eghiseul.ro/_next/static/chunks/fafd0d2baebcca76.js?dpl=dpl_67tH8DnrrsjBhYi55ERePfEYAbMi","2026-09-09 09:12:32"
"https://eghiseul.ro/_next/static/chunks/14d6c588e2f1286a.js?dpl=dpl_67tH8DnrrsjBhYi55ERePfEYAbMi","application/javascript; charset=utf-8","200","OK","Indexable","","","0","0","","0","0","","0","","0","","0","","0","","","","","","","","","","","0","0","0","0,000","","0","","","","","0,000","2","3","","0","0","0","0,000","0","0","0","0","0","0","","","","","","0,091","Wed, 09 Sep 2026 06:01:47 GMT","","","","","1.1","","","","","","https://eghiseul.ro/_next/static/chunks/14d6c588e2f1286a.js?dpl=dpl_67tH8DnrrsjBhYi55ERePfEYAbMi","2026-09-09 09:12:32"
"https://eghiseul.ro/_next/static/chunks/28e6dde3a9e91a92.js?dpl=dpl_67tH8DnrrsjBhYi55ERePfEYAbMi","application/javascript; charset=utf-8","200","OK","Indexable","","","0","0","","0","0","","0","","0","","0","","0","","","","","","","","","","","0","0","0","0,000","","0","","","","","0,000","2","3","","0","0","0","0,000","0","0","0","0","0","0","","","","","","0,140","Wed, 09 Sep 2026 05:54:11 GMT","","","","","1.1","","","","","","https://eghiseul.ro/_next/static/chunks/28e6dde3a9e91a92.js?dpl=dpl_67tH8DnrrsjBhYi55ERePfEYAbMi","2026-09-09 09:12:32"
"https://eghiseul.ro/_next/static/chunks/e01947ec9f0e371a.js?dpl=dpl_67tH8DnrrsjBhYi55ERePfEYAbMi","application/javascript; charset=utf-8","200","OK","Indexable","","","0","0","","0","0","","0","","0","","0","","0","","","","","","","","","","","0","0","0","0,000","","0","","","","","0,000","2","3","","0","0","0","0,000","0","0","0","0","0","0","","","","","","0,098","Wed, 09 Sep 2026 05:54:25 GMT","","","","","1.1","","","","","","https://eghiseul.ro/_next/static/chunks/e01947ec9f0e371a.js?dpl=dpl_67tH8DnrrsjBhYi55ERePfEYAbMi","2026-09-09 09:12:32"
"https://eghiseul.ro/certificat-de-celibat-pentru-casatorie-in-strainatate/","text/html; charset=utf-8","200","OK","Indexable","","Certificat de Celibat pentru Căsătorie în Străinătate: Apostilă și Traducere | eGhiseul.ro","90","773","Te căsătorești în străinătate? Vezi cum obții certificatul de celibat (Anexa 9), apostila de la Prefectură și traducerea legalizată — pas cu pas, fără drum în țară.","164","967","cazier judiciar online,cazier fiscal,certificat constatator,extras carte funciară,certificat de integritate comportamentală,documente online,acte online România","160","Certificat de Celibat pentru Căsătorie în Străinătate: Apostilă și Traducere","76","Ce este certificatul de celibat (Anexa 9)","41","Pașii pentru a folosi certificatul de celibat în străinătate","60","index, follow","index, follow, max-video-preview:-1, max-image-preview:large, max-snippet:-1","","","https://eghiseul.ro/certificat-de-celibat-pentru-casatorie-in-strainatate/","","","","","","201347","35521","35521","5,264","","1637","224","7,308","50,062","Fairly Hard","6,433","2","1","","3","3","0","1,290","91","56","0","4","3","0","","","","","e679fe7bf0a706108e4c8f2202718be7","0,054","","","","","ro","1.1","","","","","","https://eghiseul.ro/certificat-de-celibat-pentru-casatorie-in-strainatate/","2026-09-09 09:12:32"
"https://eghiseul.ro/certificat-de-nastere-din-strainatate/","text/html; charset=utf-8","200","OK","Indexable","","Certificat de naștere din străinătate — cum îl obții fără să vii în țară | eGhiseul.ro","86","712","Ai nevoie de certificatul de naștere, dar locuiești în străinătate. Cele trei rute reale (consulat, împuternicit, serviciu de intermediere), diferența dintre duplicat și extras multilingv și când chiar ai nevoie de apostilă.","224","1277","cazier judiciar online,cazier fiscal,certificat constatator,extras carte funciară,certificat de integritate comportamentală,documente online,acte online România","160","Certificat de naștere când ești plecat din țară: duplicat, extras multilingv sau apostilă — ce îți trebuie de fapt","114","Prima decizie: duplicat sau extras multilingv?","46","Cele trei rute, comparate","25","index, follow","index, follow, max-video-preview:-1, max-image-preview:large, max-snippet:-1","","","https://eghiseul.ro/certificat-de-nastere-din-strainatate/","","","","","","209921","36760","36760","5,448","","1444","218","6,624","59,678","Fairly Hard","5,559","2","1","","3","3","0","1,290","89","57","0","4","3","0","","","","","ff5ec9e0e197f9ea64dcafa379e3dd77","0,109","","","","","ro","1.1","","","","","","https://eghiseul.ro/certificat-de-nastere-din-strainatate/","2026-09-09 09:12:32"
"https://eghiseul.ro/_next/static/chunks/488f0eac569d4cb4.js?dpl=dpl_67tH8DnrrsjBhYi55ERePfEYAbMi","application/javascript; charset=utf-8","200","OK","Indexable","","","0","0","","0","0","","0","","0","","0","","0","","","","","","","","","","","0","0","0","0,000","","0","","","","","0,000","2","3","","0","0","0","0,000","0","0","0","0","0","0","","","","","","0,141","Wed, 09 Sep 2026 05:54:22 GMT","","","","","1.1","","","","","","https://eghiseul.ro/_next/static/chunks/488f0eac569d4cb4.js?dpl=dpl_67tH8DnrrsjBhYi55ERePfEYAbMi","2026-09-09 09:12:32"
"https://eghiseul.ro/calculator/penalitati-anaf/","text/html; charset=utf-8","200","OK","Indexable","","Calculator Penalități și Dobânzi ANAF — Întârziere la Plată | eGhiseul.ro","73","635","Calculează dobânzile (0,02%/zi) și penalitățile ANAF pentru taxe plătite cu întârziere, conform Codului de procedură fiscală.","125","757","cazier judiciar online,cazier fiscal,certificat constatator,extras carte funciară,certificat de integritate comportamentală,documente online,acte online România","160","Calculator Penalități și Dobânzi ANAF","37","Cum se calculează penalitățile ANAF","35","Exemplu de calcul pas cu pas","28","index, follow","index, follow, max-video-preview:-1, max-image-preview:large, max-snippet:-1","","","https://eghiseul.ro/calculator/penalitati-anaf/","","","","","","220186","37042","37042","5,490","","1636","257","6,366","58,581","Fairly Hard","6,073","2","2","","4","4","0","1,720","88","56","0","4","3","0","","","","","9d35adc997dfb9f75953917b4a44eb2a","0,140","","","","","ro","1.1","","","","","","https://eghiseul.ro/calculator/penalitati-anaf/","2026-09-09 09:12:32"
"https://eghiseul.ro/_next/static/chunks/95d1fda2c512bd5f.js?dpl=dpl_67tH8DnrrsjBhYi55ERePfEYAbMi","application/javascript; charset=utf-8","200","OK","Indexable","","","0","0","","0","0","","0","","0","","0","","0","","","","","","","","","","","0","0","0","0,000","","0","","","","","0,000","2","3","","0","0","0","0,000","0","0","0","0","0","0","","","","","","0,109","Wed, 09 Sep 2026 05:54:25 GMT","","","","","1.1","","","","","","https://eghiseul.ro/_next/static/chunks/95d1fda2c512bd5f.js?dpl=dpl_67tH8DnrrsjBhYi55ERePfEYAbMi","2026-09-09 09:12:32"
"https://eghiseul.ro/_next/static/chunks/bf187e995816e3cc.js?dpl=dpl_67tH8DnrrsjBhYi55ERePfEYAbMi","application/javascript; charset=utf-8","200","OK","Indexable","","","0","0","","0","0","","0","","0","","0","","0","","","","","","","","","","","0","0","0","0,000","","0","","","","","0,000","2","3","","0","0","0","0,000","0","0","0","0","0","0","","","","","","0,038","Wed, 09 Sep 2026 05:54:23 GMT","","","","","1.1","","","","","","https://eghiseul.ro/_next/static/chunks/bf187e995816e3cc.js?dpl=dpl_67tH8DnrrsjBhYi55ERePfEYAbMi","2026-09-09 09:12:32"
"https://eghiseul.ro/cum-vor-arata-documentele-de-stare-civila-2025/","text/html; charset=utf-8","200","OK","Indexable","","Cum Vor Arăta Noile Documente de Stare Civilă (2025) | eGhiseul.ro","66","604","Certificatele de naștere, căsătorie, divorț și deces sunt disponibile și în format electronic din 2025, prin sistemul SIIEASC. Cum arată noile documente de stare civilă și cum le poți obține online.","198","1165","cazier judiciar online,cazier fiscal,certificat constatator,extras carte funciară,certificat de integritate comportamentală,documente online,acte online România","160","Cum Vor Arăta Noile Documente de Stare Civilă (2025)","52","Noile certificate electronice: disponibile deja din 2025","56","Cum vor arăta noile documente de stare civilă","45","index, follow","index, follow, max-video-preview:-1, max-image-preview:large, max-snippet:-1","","","https://eghiseul.ro/cum-vor-arata-documentele-de-stare-civila-2025/","","","","","","190384","33162","33162","4,915","","1032","153","6,745","26,854","Very Hard","5,187","2","1","","3","3","0","1,290","87","54","0","4","3","0","","","","","440be448a248f049d8278f638cc90852","0,138","","","","","ro","1.1","","","","","","https://eghiseul.ro/cum-vor-arata-documentele-de-stare-civila-2025/","2026-09-09 09:12:32"
"https://eghiseul.ro/calculator/vechime-in-munca/","text/html; charset=utf-8","200","OK","Indexable","","Calculator Vechime în Muncă — Ani, Luni, Zile | eGhiseul.ro","59","521","Calculează vechimea totală în muncă adunând mai multe perioade de angajare. Rezultat în ani, luni și zile.","106","649","cazier judiciar online,cazier fiscal,certificat constatator,extras carte funciară,certificat de integritate comportamentală,documente online,acte online România","160","Calculator Vechime în Muncă","27","Cum aduni vechimea din mai multe locuri de muncă","48","Exemplu numeric: vechime din trei contracte","43","index, follow","index, follow, max-video-preview:-1, max-image-preview:large, max-snippet:-1","","","https://eghiseul.ro/calculator/vechime-in-munca/","","","","","","209959","35348","35348","5,239","","1372","219","6,265","60,997","Normal","5,324","2","2","","6","6","0","2,580","88","55","0","4","3","0","","","","","2ce39e2ad2335468af5edb51e96196aa","0,191","","","","","ro","1.1","","","","","","https://eghiseul.ro/calculator/vechime-in-munca/","2026-09-09 09:12:32"
"https://eghiseul.ro/model-certificat-de-casatorie/","text/html; charset=utf-8","200","OK","Indexable","","Model Certificat de Căsătorie: Cum Arată și Ce Conține | eGhiseul.ro","68","606","Cum arată modelul certificatului de căsătorie, ce date conține și de ce nu există un PDF de descărcat. Plus cum obții un exemplar oficial.","138","832","cazier judiciar online,cazier fiscal,certificat constatator,extras carte funciară,certificat de integritate comportamentală,documente online,acte online România","160","Model Certificat de Căsătorie: Cum Arată și Ce Conține","54","Cum arată modelul actual al certificatului de căsătorie","55","Ce date conține certificatul de căsătorie","41","index, follow","index, follow, max-video-preview:-1, max-image-preview:large, max-snippet:-1","","","https://eghiseul.ro/model-certificat-de-casatorie/","","","","","","174561","29785","29785","4,414","","587","88","6,670","57,671","Fairly Hard","3,660","2","1","","3","3","0","1,290","85","55","0","4","3","0","","","","","d61e8fe52ca6110cdf43d20f25bfc6d0","0,217","","","","","ro","1.1","","","","","","https://eghiseul.ro/model-certificat-de-casatorie/","2026-09-09 09:12:32"
"https://eghiseul.ro/certificat-constatator-de-baza/","text/html; charset=utf-8","200","OK","Indexable","","Certificat constatator de bază: preț, ce conține, cum îl obții în minute | eGhiseul.ro","86","725","Certificatul constatator de bază costă 30 lei la ONRC (cu cont pe portal) sau 89 lei cu tot cu taxe la eGhișeul, eliberat automat în câteva minute, 24/7, doar cu CUI-ul firmei. Ce conține și unde ți-l cer.","205","1204","cazier judiciar online,cazier fiscal,certificat constatator,extras carte funciară,certificat de integritate comportamentală,documente online,acte online România","160","Certificat constatator de bază: preț, ce conține, cum îl obții în minute","72","Ce conține certificatul constatator de bază","43","Unde ți-l cer","13","index, follow","index, follow, max-video-preview:-1, max-image-preview:large, max-snippet:-1","","","https://eghiseul.ro/certificat-constatator-de-baza/","","","","","","195170","33331","33331","4,940","","1015","159","6,384","49,576","Hard","4,634","2","1","","6","6","0","2,580","94","60","0","4","3","0","","","","","e610578e8b0d24c12457ac321944f6d4","0,062","","","","","ro","1.1","","","","","","https://eghiseul.ro/certificat-constatator-de-baza/","2026-09-09 09:12:33"
"https://eghiseul.ro/eliberare-certificat-constatator-onrc-ghid/","text/html; charset=utf-8","200","OK","Indexable","","Eliberare Certificat Constatator de la ONRC: Ghid Complet | eGhiseul.ro","71","632","Ghid complet pentru eliberarea certificatului constatator de la Registrul Comerțului (ONRC): actele necesare, procedura, ce informații conține, valabilitatea de 30 de zile și cum îl obții online.","195","1149","cazier judiciar online,cazier fiscal,certificat constatator,extras carte funciară,certificat de integritate comportamentală,documente online,acte online România","160","Eliberare Certificat Constatator de la ONRC: Ghid Complet","57","Opțiunea de obținere online a certificatului constatator","56","Actele necesare pentru eliberarea certificatului constatator de la Registrul Comerțului","87","index, follow","index, follow, max-video-preview:-1, max-image-preview:large, max-snippet:-1","","","https://eghiseul.ro/eliberare-certificat-constatator-onrc-ghid/","","","","","","188610","31622","31622","4,686","","866","133","6,511","14,028","Very Hard","4,683","2","1","","5","5","0","2,150","87","55","0","4","3","0","","","","","67bd6ace392847e4a6e48f4019f3b6d1","0,042","","","","","ro","1.1","","","","","","https://eghiseul.ro/eliberare-certificat-constatator-onrc-ghid/","2026-09-09 09:12:33"
"https://eghiseul.ro/cele-4-tipuri-de-certificat-constatator-online/","text/html; charset=utf-8","200","OK","Indexable","","Tipurile de certificat constatator online: ghid actualizat | eGhiseul.ro","72","603","Cele cinci rapoarte care se numesc toate „certificat constatator”: pe firmă (de bază, fonduri IMM, insolvență), pe persoană fizică și cu istoric. Ce conține fiecare, la ce ți-l cer instituțiile, cât costă și când merită luat direct de la ONRC prin InfoCert.","257","1487","cazier judiciar online,cazier fiscal,certificat constatator,extras carte funciară,certificat de integritate comportamentală,documente online,acte online România","160","Tipurile de certificat constatator online: ghid actualizat","58","Ce este un certificat constatator?","34","Tipurile de certificat constatator (actualizat 2026)","52","index, follow","index, follow, max-video-preview:-1, max-image-preview:large, max-snippet:-1","","","https://eghiseul.ro/cele-4-tipuri-de-certificat-constatator-online/","","","","","","202797","35346","35346","5,238","","1312","222","5,910","47,499","Hard","5,592","2","1","","16","10","0","4,290","99","67","0","4","3","0","","","","","c0672c969a341ed43d41f9416544d498","0,058","","","","","ro","1.1","","","","","","https://eghiseul.ro/cele-4-tipuri-de-certificat-constatator-online/","2026-09-09 09:12:33"
"https://eghiseul.ro/certificat-constatator-cu-istoric/","text/html; charset=utf-8","200","OK","Indexable","","Certificat constatator cu istoric: ce conține, preț, cum îl obții | eGhiseul.ro","79","647","Certificatul constatator cu istoric arată toate modificările unei firme de la înființare până azi: asociați, sedii, capital, administratori. Când ai nevoie de el, cât costă și cum îl comanzi online.","198","1137","cazier judiciar online,cazier fiscal,certificat constatator,extras carte funciară,certificat de integritate comportamentală,documente online,acte online România","160","Certificat constatator cu istoric: ce conține, preț, cum îl obții","65","Ce conține, concret","19","Când îți trebuie istoricul","26","index, follow","index, follow, max-video-preview:-1, max-image-preview:large, max-snippet:-1","","","https://eghiseul.ro/certificat-constatator-cu-istoric/","","","","","","187452","32060","32060","4,751","","828","132","6,273","47,207","Hard","4,244","2","1","","7","6","0","2,580","88","55","0","5","4","0","","","","","af87b071d8814859e28943ff2920f4bb","0,044","","","","","ro","1.1","","","","","","https://eghiseul.ro/certificat-constatator-cu-istoric/","2026-09-09 09:12:33"
"https://eghiseul.ro/certificat-constatator-pfa/","text/html; charset=utf-8","200","OK","Indexable","","Certificat constatator PFA: cum îl obții online, preț, ce conține | eGhiseul.ro","79","662","PFA-urile, II-urile și IF-urile primesc certificat constatator pe persoană fizică, pe baza CNP-ului titularului, nu pe CUI ca firmele. 89 lei cu taxe incluse, eliberat automat în câteva minute, 24/7.","199","1150","cazier judiciar online,cazier fiscal,certificat constatator,extras carte funciară,certificat de integritate comportamentală,documente online,acte online România","160","Certificat constatator PFA: cum îl obții online, preț, ce conține","65","De ce PFA-ul primește alt certificat decât firmele","50","Ce conține certificatul","23","index, follow","index, follow, max-video-preview:-1, max-image-preview:large, max-snippet:-1","","","https://eghiseul.ro/certificat-constatator-pfa/","","","","","","193250","32440","32440","4,808","","887","152","5,836","40,391","Hard","4,423","2","1","","5","5","0","2,150","91","58","0","4","3","0","","","","","a05b68ec1239720a507c9f08580b9539","0,058","","","","","ro","1.1","","","","","","https://eghiseul.ro/certificat-constatator-pfa/","2026-09-09 09:12:33"
"https://eghiseul.ro/rolul-si-atributiile-onrc-romania/","text/html; charset=utf-8","200","OK","Indexable","","Ce face ONRC, de fapt: registrul, înmatriculările și certificatul constatator | eGhiseul.ro","91","765","ONRC ține Registrul Comerțului: acolo se înmatriculează firmele, se înscriu modificările și de acolo ies certificatele constatatoare. Ce atribuții are instituția și ce documente eliberează.","189","1112","cazier judiciar online,cazier fiscal,certificat constatator,extras carte funciară,certificat de integritate comportamentală,documente online,acte online România","160","Ce face ONRC, de fapt: registrul, înmatriculările și certificatul constatator","77","Registrul Comerțului: evidența în sine","38","Ce face concret","15","index, follow","index, follow, max-video-preview:-1, max-image-preview:large, max-snippet:-1","","","https://eghiseul.ro/rolul-si-atributiile-onrc-romania/","","","","","","183555","31318","31318","4,641","","668","114","5,860","35,867","Hard","3,891","2","1","","3","3","0","1,290","86","55","0","4","3","0","","","","","659f2ed4074f5f93c483c1e5d5ba67d9","0,048","","","","","ro","1.1","","","","","","https://eghiseul.ro/rolul-si-atributiile-onrc-romania/","2026-09-09 09:12:33"
"https://eghiseul.ro/_next/static/chunks/544debfd42dfa82d.js?dpl=dpl_67tH8DnrrsjBhYi55ERePfEYAbMi","application/javascript; charset=utf-8","200","OK","Indexable","","","0","0","","0","0","","0","","0","","0","","0","","","","","","","","","","","0","0","0","0,000","","0","","","","","0,000","2","3","","0","0","0","0,000","0","0","0","0","0","0","","","","","","0,041","Wed, 09 Sep 2026 06:04:55 GMT","","","","","1.1","","","","","","https://eghiseul.ro/_next/static/chunks/544debfd42dfa82d.js?dpl=dpl_67tH8DnrrsjBhYi55ERePfEYAbMi","2026-09-09 09:12:33"
"https://eghiseul.ro/certificat-constatator-insolventa/","text/html; charset=utf-8","200","OK","Indexable","","Certificat constatator pentru insolvență: preț și eliberare online | eGhiseul.ro","80","676","Certificatul constatator pentru insolvență atestă dacă o firmă este sau nu în insolvență, faliment sau reorganizare. Cerut la licitații, notar și instanță. 89 lei cu taxe incluse, eliberat în maximum 24 de ore lucrătoare.","221","1301","cazier judiciar online,cazier fiscal,certificat constatator,extras carte funciară,certificat de integritate comportamentală,documente online,acte online România","160","Certificat constatator pentru insolvență: preț și eliberare online","66","Ce atestă exact acest certificat","32","De bază vs. insolvență: de ce nu merge cu cel obișnuit","54","index, follow","index, follow, max-video-preview:-1, max-image-preview:large, max-snippet:-1","","","https://eghiseul.ro/certificat-constatator-insolventa/","","","","","","193974","32556","32556","4,825","","913","152","6,007","48,773","Hard","4,417","2","1","","5","5","0","2,150","91","58","0","4","3","0","","","","","7acc108b8c7cf0641eb8e5def478030f","0,054","","","","","ro","1.1","","","","","","https://eghiseul.ro/certificat-constatator-insolventa/","2026-09-09 09:12:33"
"https://eghiseul.ro/_next/static/chunks/1d0b8aa2855cfee4.js?dpl=dpl_67tH8DnrrsjBhYi55ERePfEYAbMi","application/javascript; charset=utf-8","200","OK","Indexable","","","0","0","","0","0","","0","","0","","0","","0","","","","","","","","","","","0","0","0","0,000","","0","","","","","0,000","2","3","","0","0","0","0,000","0","0","0","0","0","0","","","","","","0,050","Wed, 09 Sep 2026 05:54:24 GMT","","","","","1.1","","","","","","https://eghiseul.ro/_next/static/chunks/1d0b8aa2855cfee4.js?dpl=dpl_67tH8DnrrsjBhYi55ERePfEYAbMi","2026-09-09 09:12:33"
"https://eghiseul.ro/servicii/extras-de-carte-funciara/bucuresti/","text/html; charset=utf-8","200","OK","Indexable","","Extras de Carte Funciară Online București — 89 RON, Fără Drum la OCPI | eGhiseul.ro","83","753","Obține extrasul de carte funciară pentru un imobil din județul București online, fără drum la OCPI București. 89 RON, taxe incluse, livrare pe email în câteva minute.","166","994","cazier judiciar online,cazier fiscal,certificat constatator,extras carte funciară,certificat de integritate comportamentală,documente online,acte online România","160","Extras de Carte Funciară OnlineBucurești","40","Ce este extrasul de carte funciară","34","Tipuri de extras de carte funciară","34","index, follow","index, follow, max-video-preview:-1, max-image-preview:large, max-snippet:-1","","","https://eghiseul.ro/servicii/extras-de-carte-funciara/bucuresti/","","","","","","274030","42096","42096","6,239","","973","183","5,317","41,542","Hard","3,304","2","3","","14","14","0","6,010","101","67","0","6","5","0","","","","","2a43aba84b0d4d9be6dc69b00742b39d","0,112","","","","","ro","1.1","","","","","","https://eghiseul.ro/servicii/extras-de-carte-funciara/bucuresti/","2026-09-09 09:12:33"
"https://eghiseul.ro/comanda/certificat-constatator/?tip=pf","","0","Blocked by robots.txt","Non-Indexable","Blocked by robots.txt","","0","0","","0","0","","0","","0","","0","","0","","","","","","","","","","","0","0","0","0,000","","0","","","","","0,000","3","2","","3","2","0","0,860","0","0","0","0","0","0","","","","","","","","","","","","None","","","","","","https://eghiseul.ro/comanda/certificat-constatator/?tip=pf","2026-09-09 09:12:33"
"https://eghiseul.ro/comanda/certificat-constatator/?tip=insolventa","","0","Blocked by robots.txt","Non-Indexable","Blocked by robots.txt","","0","0","","0","0","","0","","0","","0","","0","","","","","","","","","","","0","0","0","0,000","","0","","","","","0,000","3","2","","3","2","0","0,860","0","0","0","0","0","0","","","","","","","","","","","","None","","","","","","https://eghiseul.ro/comanda/certificat-constatator/?tip=insolventa","2026-09-09 09:12:33"
"https://eghiseul.ro/comanda/certificat-constatator/?tip=istoric","","0","Blocked by robots.txt","Non-Indexable","Blocked by robots.txt","","0","0","","0","0","","0","","0","","0","","0","","","","","","","","","","","0","0","0","0,000","","0","","","","","0,000","3","2","","1","1","0","0,430","0","0","0","0","0","0","","","","","","","","","","","","None","","","","","","https://eghiseul.ro/comanda/certificat-constatator/?tip=istoric","2026-09-09 09:12:33"
"https://eghiseul.ro/comanda/certificat-constatator/?tip=imm","","0","Blocked by robots.txt","Non-Indexable","Blocked by robots.txt","","0","0","","0","0","","0","","0","","0","","0","","","","","","","","","","","0","0","0","0,000","","0","","","","","0,000","3","2","","1","1","0","0,430","0","0","0","0","0","0","","","","","","","","","","","","None","","","","","","https://eghiseul.ro/comanda/certificat-constatator/?tip=imm","2026-09-09 09:12:33"
"https://eghiseul.ro/comanda/certificat-constatator/?tip=de-baza","","0","Blocked by robots.txt","Non-Indexable","Blocked by robots.txt","","0","0","","0","0","","0","","0","","0","","0","","","","","","","","","","","0","0","0","0,000","","0","","","","","0,000","3","2","","3","2","0","0,860","0","0","0","0","0","0","","","","","","","","","","","","None","","","","","","https://eghiseul.ro/comanda/certificat-constatator/?tip=de-baza","2026-09-09 09:12:33"
"https://eghiseul.ro/servicii/extras-de-carte-funciara/salaj/","text/html; charset=utf-8","200","OK","Indexable","","Extras de Carte Funciară Online Sălaj — 89 RON, Fără Drum la OCPI | eGhiseul.ro","79","713","Obține extrasul de carte funciară pentru un imobil din județul Sălaj online, fără drum la OCPI Sălaj. 89 RON, taxe incluse, livrare pe email în câteva minute.","158","936","cazier judiciar online,cazier fiscal,certificat constatator,extras carte funciară,certificat de integritate comportamentală,documente online,acte online România","160","Extras de Carte Funciară OnlineSălaj","36","Ce este extrasul de carte funciară","34","Tipuri de extras de carte funciară","34","index, follow","index, follow, max-video-preview:-1, max-image-preview:large, max-snippet:-1","","","https://eghiseul.ro/servicii/extras-de-carte-funciara/salaj/","","","","","","255485","39845","39845","5,905","","780","147","5,306","49,495","Hard","3,003","2","3","","14","14","0","6,010","101","67","0","6","5","0","","","","","1e6750c9d7f20711e7ce6ce1ca93e951","0,236","","","","","ro","1.1","","","","","","https://eghiseul.ro/servicii/extras-de-carte-funciara/salaj/","2026-09-09 09:12:33"
"https://eghiseul.ro/calculator/rambursare-anticipata/","text/html; charset=utf-8","200","OK","Indexable","","Calculator Rambursare Anticipată Credit — Dobândă Economisită | eGhiseul.ro","75","696","Calculează cât economisești dacă rambursezi anticipat o parte din credit: reduci durata sau rata și afli dobânda economisită, pentru un credit cu rate egale.","157","955","cazier judiciar online,cazier fiscal,certificat constatator,extras carte funciară,certificat de integritate comportamentală,documente online,acte online România","160","Calculator Rambursare Anticipată Credit","39","Cum funcționează rambursarea anticipată","39","Care variantă economisește mai mult","35","index, follow","index, follow, max-video-preview:-1, max-image-preview:large, max-snippet:-1","","","https://eghiseul.ro/calculator/rambursare-anticipata/","","","","","","198697","33204","33204","4,921","","1026","174","5,897","54,738","Fairly Hard","4,671","2","2","","5","4","0","1,720","88","54","0","4","3","0","","","","","5b88470b18af0419a5b07c8306e4caa3","0,304","","","","","ro","1.1","","","","","","https://eghiseul.ro/calculator/rambursare-anticipata/","2026-09-09 09:12:33"
"https://eghiseul.ro/_next/static/chunks/4f3dd6403008fec5.js?dpl=dpl_67tH8DnrrsjBhYi55ERePfEYAbMi","application/javascript; charset=utf-8","200","OK","Indexable","","","0","0","","0","0","","0","","0","","0","","0","","","","","","","","","","","0","0","0","0,000","","0","","","","","0,000","3","3","","0","0","0","0,000","0","0","0","0","0","0","","","","","","0,052","Wed, 09 Sep 2026 06:01:26 GMT","","","","","1.1","","","","","","https://eghiseul.ro/_next/static/chunks/4f3dd6403008fec5.js?dpl=dpl_67tH8DnrrsjBhYi55ERePfEYAbMi","2026-09-09 09:12:33"
"https://eghiseul.ro/_next/image/?url=%2Fimages%2Farticole%2Fmodel-certificat-de-casatorie.webp&w=3840&q=75","image/jpeg","200","OK","Indexable","","","0","0","","0","0","","0","","0","","0","","0","","","","","","","","","","","38285","38285","38285","5,674","","0","","","","","0,000","3","2","","0","0","0","0,000","0","0","0","0","0","0","","","","","","0,220","Thu, 13 Aug 2026 08:33:34 GMT","","","","","1.1","","","","","","https://eghiseul.ro/_next/image/?url=%2Fimages%2Farticole%2Fmodel-certificat-de-casatorie.webp&w=3840&q=75","2026-09-09 09:12:33"
"https://eghiseul.ro/_next/static/chunks/63097d857a5d48f1.js?dpl=dpl_67tH8DnrrsjBhYi55ERePfEYAbMi","application/javascript; charset=utf-8","200","OK","Indexable","","","0","0","","0","0","","0","","0","","0","","0","","","","","","","","","","","0","0","0","0,000","","0","","","","","0,000","3","3","","0","0","0","0,000","0","0","0","0","0","0","","","","","","0,089","Wed, 09 Sep 2026 05:53:39 GMT","","","","","1.1","","","","","","https://eghiseul.ro/_next/static/chunks/63097d857a5d48f1.js?dpl=dpl_67tH8DnrrsjBhYi55ERePfEYAbMi","2026-09-09 09:12:33"
"https://eghiseul.ro/_next/static/chunks/ffdcad66b222777b.js?dpl=dpl_67tH8DnrrsjBhYi55ERePfEYAbMi","application/javascript; charset=utf-8","200","OK","Indexable","","","0","0","","0","0","","0","","0","","0","","0","","","","","","","","","","","0","0","0","0,000","","0","","","","","0,000","3","3","","0","0","0","0,000","0","0","0","0","0","0","","","","","","0,190","Wed, 09 Sep 2026 06:12:33 GMT","","","","","1.1","","","","","","https://eghiseul.ro/_next/static/chunks/ffdcad66b222777b.js?dpl=dpl_67tH8DnrrsjBhYi55ERePfEYAbMi","2026-09-09 09:12:33"
"https://eghiseul.ro/_next/static/chunks/3ecb75b703034e86.js?dpl=dpl_67tH8DnrrsjBhYi55ERePfEYAbMi","application/javascript; charset=utf-8","200","OK","Indexable","","","0","0","","0","0","","0","","0","","0","","0","","","","","","","","","","","0","0","0","0,000","","0","","","","","0,000","3","3","","0","0","0","0,000","0","0","0","0","0","0","","","","","","0,292","Wed, 09 Sep 2026 06:12:34 GMT","","","","","1.1","","","","","","https://eghiseul.ro/_next/static/chunks/3ecb75b703034e86.js?dpl=dpl_67tH8DnrrsjBhYi55ERePfEYAbMi","2026-09-09 09:12:33"
"https://eghiseul.ro/_next/static/chunks/5ddaed7daa2b709e.js?dpl=dpl_67tH8DnrrsjBhYi55ERePfEYAbMi","application/javascript; charset=utf-8","200","OK","Indexable","","","0","0","","0","0","","0","","0","","0","","0","","","","","","","","","","","0","0","0","0,000","","0","","","","","0,000","3","3","","0","0","0","0,000","0","0","0","0","0","0","","","","","","0,242","Wed, 09 Sep 2026 06:12:34 GMT","","","","","1.1","","","","","","https://eghiseul.ro/_next/static/chunks/5ddaed7daa2b709e.js?dpl=dpl_67tH8DnrrsjBhYi55ERePfEYAbMi","2026-09-09 09:12:33"
"https://eghiseul.ro/_next/static/chunks/eb43911520c6405b.js?dpl=dpl_67tH8DnrrsjBhYi55ERePfEYAbMi","application/javascript; charset=utf-8","200","OK","Indexable","","","0","0","","0","0","","0","","0","","0","","0","","","","","","","","","","","0","0","0","0,000","","0","","","","","0,000","3","3","","0","0","0","0,000","0","0","0","0","0","0","","","","","","0,396","Wed, 09 Sep 2026 06:12:34 GMT","","","","","1.1","","","","","","https://eghiseul.ro/_next/static/chunks/eb43911520c6405b.js?dpl=dpl_67tH8DnrrsjBhYi55ERePfEYAbMi","2026-09-09 09:12:33"
"https://eghiseul.ro/_next/static/chunks/cbf2c042bf7376dd.js?dpl=dpl_67tH8DnrrsjBhYi55ERePfEYAbMi","application/javascript; charset=utf-8","200","OK","Indexable","","","0","0","","0","0","","0","","0","","0","","0","","","","","","","","","","","0","0","0","0,000","","0","","","","","0,000","3","3","","0","0","0","0,000","0","0","0","0","0","0","","","","","","0,141","Wed, 09 Sep 2026 05:59:24 GMT","","","","","1.1","","","","","","https://eghiseul.ro/_next/static/chunks/cbf2c042bf7376dd.js?dpl=dpl_67tH8DnrrsjBhYi55ERePfEYAbMi","2026-09-09 09:12:34"
"https://eghiseul.ro/_next/static/chunks/5be8a907228151d9.js?dpl=dpl_67tH8DnrrsjBhYi55ERePfEYAbMi","application/javascript; charset=utf-8","200","OK","Indexable","","","0","0","","0","0","","0","","0","","0","","0","","","","","","","","","","","0","0","0","0,000","","0","","","","","0,000","3","3","","0","0","0","0,000","0","0","0","0","0","0","","","","","","0,284","Wed, 09 Sep 2026 06:12:34 GMT","","","","","1.1","","","","","","https://eghiseul.ro/_next/static/chunks/5be8a907228151d9.js?dpl=dpl_67tH8DnrrsjBhYi55ERePfEYAbMi","2026-09-09 09:12:34"
"https://eghiseul.ro/_next/static/chunks/8b7525acf2fe03bd.js?dpl=dpl_67tH8DnrrsjBhYi55ERePfEYAbMi","application/javascript; charset=utf-8","200","OK","Indexable","","","0","0","","0","0","","0","","0","","0","","0","","","","","","","","","","","0","0","0","0,000","","0","","","","","0,000","3","3","","0","0","0","0,000","0","0","0","0","0","0","","","","","","0,374","Wed, 09 Sep 2026 06:12:34 GMT","","","","","1.1","","","","","","https://eghiseul.ro/_next/static/chunks/8b7525acf2fe03bd.js?dpl=dpl_67tH8DnrrsjBhYi55ERePfEYAbMi","2026-09-09 09:12:34"
"https://eghiseul.ro/_next/static/chunks/27b9932ab36cec04.js?dpl=dpl_67tH8DnrrsjBhYi55ERePfEYAbMi","application/javascript; charset=utf-8","200","OK","Indexable","","","0","0","","0","0","","0","","0","","0","","0","","","","","","","","","","","0","0","0","0,000","","0","","","","","0,000","3","3","","0","0","0","0,000","0","0","0","0","0","0","","","","","","0,279","Wed, 09 Sep 2026 06:12:34 GMT","","","","","1.1","","","","","","https://eghiseul.ro/_next/static/chunks/27b9932ab36cec04.js?dpl=dpl_67tH8DnrrsjBhYi55ERePfEYAbMi","2026-09-09 09:12:34"
"https://eghiseul.ro/_next/static/chunks/5f65aec58a2c3092.js?dpl=dpl_67tH8DnrrsjBhYi55ERePfEYAbMi","application/javascript; charset=utf-8","200","OK","Indexable","","","0","0","","0","0","","0","","0","","0","","0","","","","","","","","","","","0","0","0","0,000","","0","","","","","0,000","3","3","","0","0","0","0,000","0","0","0","0","0","0","","","","","","0,224","Wed, 09 Sep 2026 06:12:34 GMT","","","","","1.1","","","","","","https://eghiseul.ro/_next/static/chunks/5f65aec58a2c3092.js?dpl=dpl_67tH8DnrrsjBhYi55ERePfEYAbMi","2026-09-09 09:12:34"
"https://eghiseul.ro/_next/static/chunks/7eec2be971914e45.js?dpl=dpl_67tH8DnrrsjBhYi55ERePfEYAbMi","application/javascript; charset=utf-8","200","OK","Indexable","","","0","0","","0","0","","0","","0","","0","","0","","","","","","","","","","","0","0","0","0,000","","0","","","","","0,000","3","3","","0","0","0","0,000","0","0","0","0","0","0","","","","","","0,096","Wed, 09 Sep 2026 06:02:47 GMT","","","","","1.1","","","","","","https://eghiseul.ro/_next/static/chunks/7eec2be971914e45.js?dpl=dpl_67tH8DnrrsjBhYi55ERePfEYAbMi","2026-09-09 09:12:34"
"https://eghiseul.ro/_next/static/chunks/5bb8d5666f40805d.js?dpl=dpl_67tH8DnrrsjBhYi55ERePfEYAbMi","application/javascript; charset=utf-8","200","OK","Indexable","","","0","0","","0","0","","0","","0","","0","","0","","","","","","","","","","","0","0","0","0,000","","0","","","","","0,000","3","3","","0","0","0","0,000","0","0","0","0","0","0","","","","","","0,320","Wed, 09 Sep 2026 06:12:35 GMT","","","","","1.1","","","","","","https://eghiseul.ro/_next/static/chunks/5bb8d5666f40805d.js?dpl=dpl_67tH8DnrrsjBhYi55ERePfEYAbMi","2026-09-09 09:12:34"
"https://eghiseul.ro/_next/static/chunks/df759b31b89bcfb6.js?dpl=dpl_67tH8DnrrsjBhYi55ERePfEYAbMi","application/javascript; charset=utf-8","200","OK","Indexable","","","0","0","","0","0","","0","","0","","0","","0","","","","","","","","","","","0","0","0","0,000","","0","","","","","0,000","3","3","","0","0","0","0,000","0","0","0","0","0","0","","","","","","0,252","Wed, 09 Sep 2026 06:12:35 GMT","","","","","1.1","","","","","","https://eghiseul.ro/_next/static/chunks/df759b31b89bcfb6.js?dpl=dpl_67tH8DnrrsjBhYi55ERePfEYAbMi","2026-09-09 09:12:34"
"https://eghiseul.ro/_next/static/chunks/65d5d14899535165.js?dpl=dpl_67tH8DnrrsjBhYi55ERePfEYAbMi","application/javascript; charset=utf-8","200","OK","Indexable","","","0","0","","0","0","","0","","0","","0","","0","","","","","","","","","","","0","0","0","0,000","","0","","","","","0,000","3","3","","0","0","0","0,000","0","0","0","0","0","0","","","","","","0,271","Wed, 09 Sep 2026 06:12:35 GMT","","","","","1.1","","","","","","https://eghiseul.ro/_next/static/chunks/65d5d14899535165.js?dpl=dpl_67tH8DnrrsjBhYi55ERePfEYAbMi","2026-09-09 09:12:34"
"https://eghiseul.ro/_next/static/chunks/a7629f246ee8419d.js?dpl=dpl_67tH8DnrrsjBhYi55ERePfEYAbMi","application/javascript; charset=utf-8","200","OK","Indexable","","","0","0","","0","0","","0","","0","","0","","0","","","","","","","","","","","0","0","0","0,000","","0","","","","","0,000","3","3","","0","0","0","0,000","0","0","0","0","0","0","","","","","","0,238","Wed, 09 Sep 2026 06:12:35 GMT","","","","","1.1","","","","","","https://eghiseul.ro/_next/static/chunks/a7629f246ee8419d.js?dpl=dpl_67tH8DnrrsjBhYi55ERePfEYAbMi","2026-09-09 09:12:34"
"https://eghiseul.ro/_next/image/?url=%2Fimages%2Farticole%2Facte-necesare-certificat-de-nastere.webp&w=3840&q=75","image/webp","200","OK","Indexable","","","0","0","","0","0","","0","","0","","0","","0","","","","","","","","","","","49050","49050","49050","7,269","","0","","","","","0,000","3","2","","0","0","0","0,000","0","0","0","0","0","0","","","","","","0,281","Thu, 13 Aug 2026 08:33:32 GMT","","","","","1.1","","","","","","https://eghiseul.ro/_next/image/?url=%2Fimages%2Farticole%2Facte-necesare-certificat-de-nastere.webp&w=3840&q=75","2026-09-09 09:12:40"
"https://eghiseul.ro/_next/image/?url=%2Fimages%2Farticole%2Fschimbare-certificat-de-nastere-vechi.webp&w=3840&q=75","image/jpeg","200","OK","Indexable","","","0","0","","0","0","","0","","0","","0","","0","","","","","","","","","","","48944","48944","48944","7,254","","0","","","","","0,000","3","2","","0","0","0","0,000","0","0","0","0","0","0","","","","","","0,224","Thu, 13 Aug 2026 08:33:30 GMT","","","","","1.1","","","","","","https://eghiseul.ro/_next/image/?url=%2Fimages%2Farticole%2Fschimbare-certificat-de-nastere-vechi.webp&w=3840&q=75","2026-09-09 09:12:40"
"https://eghiseul.ro/_next/image/?url=%2Fimages%2Farticole%2Fcertificat-de-nastere-pierdut.webp&w=3840&q=75","image/webp","200","OK","Indexable","","","0","0","","0","0","","0","","0","","0","","0","","","","","","","","","","","51476","51476","51476","7,629","","0","","","","","0,000","3","2","","0","0","0","0,000","0","0","0","0","0","0","","","","","","0,306","Wed, 12 Aug 2026 22:02:41 GMT","","","","","1.1","","","","","","https://eghiseul.ro/_next/image/?url=%2Fimages%2Farticole%2Fcertificat-de-nastere-pierdut.webp&w=3840&q=75","2026-09-09 09:12:40"
"https://eghiseul.ro/_next/image/?url=%2Fimages%2Farticole%2Fduplicat-certificat-de-nastere.webp&w=3840&q=75","image/webp","200","OK","Indexable","","","0","0","","0","0","","0","","0","","0","","0","","","","","","","","","","","36902","36902","36902","5,469","","0","","","","","0,000","3","2","","0","0","0","0,000","0","0","0","0","0","0","","","","","","0,328","Tue, 11 Aug 2026 19:26:44 GMT","","","","","1.1","","","","","","https://eghiseul.ro/_next/image/?url=%2Fimages%2Farticole%2Fduplicat-certificat-de-nastere.webp&w=3840&q=75","2026-09-09 09:12:41"
"https://eghiseul.ro/_next/static/chunks/fd520a155b5557e2.js?dpl=dpl_67tH8DnrrsjBhYi55ERePfEYAbMi","application/javascript; charset=utf-8","200","OK","Indexable","","","0","0","","0","0","","0","","0","","0","","0","","","","","","","","","","","0","0","0","0,000","","0","","","","","0,000","3","3","","0","0","0","0,000","0","0","0","0","0","0","","","","","","0,171","Wed, 09 Sep 2026 06:05:09 GMT","","","","","1.1","","","","","","https://eghiseul.ro/_next/static/chunks/fd520a155b5557e2.js?dpl=dpl_67tH8DnrrsjBhYi55ERePfEYAbMi","2026-09-09 09:12:41"
"https://eghiseul.ro/_next/static/chunks/b982681752707b92.js?dpl=dpl_67tH8DnrrsjBhYi55ERePfEYAbMi","application/javascript; charset=utf-8","200","OK","Indexable","","","0","0","","0","0","","0","","0","","0","","0","","","","","","","","","","","0","0","0","0,000","","0","","","","","0,000","3","3","","0","0","0","0,000","0","0","0","0","0","0","","","","","","0,290","Wed, 09 Sep 2026 06:05:05 GMT","","","","","1.1","","","","","","https://eghiseul.ro/_next/static/chunks/b982681752707b92.js?dpl=dpl_67tH8DnrrsjBhYi55ERePfEYAbMi","2026-09-09 09:12:41"
"https://eghiseul.ro/_next/image/?url=%2Fimages%2Farticole%2Ftranscriere-certificat-de-nastere.webp&w=3840&q=75","image/webp","200","OK","Indexable","","","0","0","","0","0","","0","","0","","0","","0","","","","","","","","","","","44228","44228","44228","6,555","","0","","","","","0,000","3","2","","0","0","0","0,000","0","0","0","0","0","0","","","","","","0,362","Thu, 13 Aug 2026 06:29:27 GMT","","","","","1.1","","","","","","https://eghiseul.ro/_next/image/?url=%2Fimages%2Farticole%2Ftranscriere-certificat-de-nastere.webp&w=3840&q=75","2026-09-09 09:12:41"
"https://eghiseul.ro/embed/ancpi/","text/html; charset=utf-8","200","OK","Non-Indexable","noindex","Starea sistemelor ANCPI — monitorizare live eGhișeul.ro","55","504","","0","0","","0","","0","","0","","0","noindex","","","300","","","","","","","1412","841","841","0,125","","31","10","3,100","67,237","Normal","13,490","3","2","","0","0","0","0,000","1","1","0","0","0","0","","","","","9cd016cb383ef07958674198d50d5e55","0,150","","https://eghiseul.ro/embed/ancpi/","Meta Refresh Redirect","","ro","1.1","","","","","","https://eghiseul.ro/embed/ancpi/","2026-09-09 09:12:41"
"https://eghiseul.ro/_next/image/?url=%2Fimages%2Farticole%2Fcertificat-de-celibat.webp&w=3840&q=75","image/jpeg","200","OK","Indexable","","","0","0","","0","0","","0","","0","","0","","0","","","","","","","","","","","67466","67466","67466","9,998","","0","","","","","0,000","3","2","","0","0","0","0,000","0","0","0","0","0","0","","","","","","0,337","Thu, 13 Aug 2026 08:33:42 GMT","","","","","1.1","","","","","","https://eghiseul.ro/_next/image/?url=%2Fimages%2Farticole%2Fcertificat-de-celibat.webp&w=3840&q=75","2026-09-09 09:12:41"
"https://eghiseul.ro/_next/image/?url=%2Fimages%2Farticole%2Fancpi-informare-oficiala-iulie-2026.webp&w=3840&q=75","image/webp","200","OK","Indexable","","","0","0","","0","0","","0","","0","","0","","0","","","","","","","","","","","79532","79532","79532","11,787","","0","","","","","0,000","3","2","","0","0","0","0,000","0","0","0","0","0","0","","","","","","0,284","Sun, 16 Aug 2026 04:28:37 GMT","","","","","1.1","","","","","","https://eghiseul.ro/_next/image/?url=%2Fimages%2Farticole%2Fancpi-informare-oficiala-iulie-2026.webp&w=3840&q=75","2026-09-09 09:12:41"
"https://eghiseul.ro/_next/image/?url=%2Fimages%2Farticole%2Fce-este-planul-cadastral.webp&w=3840&q=75","text/html; charset=utf-8","400","Bad Request","Non-Indexable","Client Error","","0","0","","0","0","","0","","0","","0","","0","","","","","","","","","","","3596","3596","3596","0,533","","0","","","","","0,000","3","2","","0","0","0","0,000","0","0","0","0","0","0","","","","","","0,171","","","","","","1.1","","","","","","https://eghiseul.ro/_next/image/?url=%2Fimages%2Farticole%2Fce-este-planul-cadastral.webp&w=3840&q=75","2026-09-09 09:12:41"
"https://eghiseul.ro/_next/static/chunks/7213b96644f4bfa3.js?dpl=dpl_67tH8DnrrsjBhYi55ERePfEYAbMi","application/javascript; charset=utf-8","200","OK","Indexable","","","0","0","","0","0","","0","","0","","0","","0","","","","","","","","","","","0","0","0","0,000","","0","","","","","0,000","3","3","","0","0","0","0,000","0","0","0","0","0","0","","","","","","0,090","Wed, 09 Sep 2026 06:01:26 GMT","","","","","1.1","","","","","","https://eghiseul.ro/_next/static/chunks/7213b96644f4bfa3.js?dpl=dpl_67tH8DnrrsjBhYi55ERePfEYAbMi","2026-09-09 09:12:41"
"https://eghiseul.ro/_next/image/?url=%2Fimages%2Farticole%2Fsms-fals-amenda-site-fals.webp&w=3840&q=75","image/webp","200","OK","Indexable","","","0","0","","0","0","","0","","0","","0","","0","","","","","","","","","","","65426","65426","65426","9,696","","0","","","","","0,000","3","2","","0","0","0","0,000","0","0","0","0","0","0","","","","","","0,335","Thu, 20 Aug 2026 08:42:41 GMT","","","","","1.1","","","","","","https://eghiseul.ro/_next/image/?url=%2Fimages%2Farticole%2Fsms-fals-amenda-site-fals.webp&w=3840&q=75","2026-09-09 09:12:41"
"https://eghiseul.ro/_next/static/chunks/9f01a629bd63a5c2.js?dpl=dpl_67tH8DnrrsjBhYi55ERePfEYAbMi","application/javascript; charset=utf-8","200","OK","Indexable","","","0","0","","0","0","","0","","0","","0","","0","","","","","","","","","","","0","0","0","0,000","","0","","","","","0,000","3","3","","0","0","0","0,000","0","0","0","0","0","0","","","","","","0,205","Wed, 09 Sep 2026 05:57:06 GMT","","","","","1.1","","","","","","https://eghiseul.ro/_next/static/chunks/9f01a629bd63a5c2.js?dpl=dpl_67tH8DnrrsjBhYi55ERePfEYAbMi","2026-09-09 09:12:41"
"https://eghiseul.ro/_next/static/chunks/fb9d80d1294de5e9.js?dpl=dpl_67tH8DnrrsjBhYi55ERePfEYAbMi","application/javascript; charset=utf-8","200","OK","Indexable","","","0","0","","0","0","","0","","0","","0","","0","","","","","","","","","","","0","0","0","0,000","","0","","","","","0,000","3","3","","0","0","0","0,000","0","0","0","0","0","0","","","","","","0,284","Wed, 09 Sep 2026 06:12:42 GMT","","","","","1.1","","","","","","https://eghiseul.ro/_next/static/chunks/fb9d80d1294de5e9.js?dpl=dpl_67tH8DnrrsjBhYi55ERePfEYAbMi","2026-09-09 09:12:41"
"https://eghiseul.ro/_next/static/chunks/48b78e95cf1a5717.js?dpl=dpl_67tH8DnrrsjBhYi55ERePfEYAbMi","application/javascript; charset=utf-8","200","OK","Indexable","","","0","0","","0","0","","0","","0","","0","","0","","","","","","","","","","","0","0","0","0,000","","0","","","","","0,000","3","3","","0","0","0","0,000","0","0","0","0","0","0","","","","","","0,339","Wed, 09 Sep 2026 06:12:42 GMT","","","","","1.1","","","","","","https://eghiseul.ro/_next/static/chunks/48b78e95cf1a5717.js?dpl=dpl_67tH8DnrrsjBhYi55ERePfEYAbMi","2026-09-09 09:12:41"
"https://eghiseul.ro/_next/static/chunks/3386cb3fd32763d7.js?dpl=dpl_67tH8DnrrsjBhYi55ERePfEYAbMi","application/javascript; charset=utf-8","200","OK","Indexable","","","0","0","","0","0","","0","","0","","0","","0","","","","","","","","","","","0","0","0","0,000","","0","","","","","0,000","3","3","","0","0","0","0,000","0","0","0","0","0","0","","","","","","0,147","Wed, 09 Sep 2026 06:02:45 GMT","","","","","1.1","","","","","","https://eghiseul.ro/_next/static/chunks/3386cb3fd32763d7.js?dpl=dpl_67tH8DnrrsjBhYi55ERePfEYAbMi","2026-09-09 09:12:42"
"https://eghiseul.ro/_next/static/chunks/363a556eb517555b.js?dpl=dpl_67tH8DnrrsjBhYi55ERePfEYAbMi","application/javascript; charset=utf-8","200","OK","Indexable","","","0","0","","0","0","","0","","0","","0","","0","","","","","","","","","","","0","0","0","0,000","","0","","","","","0,000","3","3","","0","0","0","0,000","0","0","0","0","0","0","","","","","","0,300","Wed, 09 Sep 2026 06:12:42 GMT","","","","","1.1","","","","","","https://eghiseul.ro/_next/static/chunks/363a556eb517555b.js?dpl=dpl_67tH8DnrrsjBhYi55ERePfEYAbMi","2026-09-09 09:12:42"
"https://eghiseul.ro/_next/image/?url=%2Fimages%2Farticole%2Fce-este-un-releveu.webp&w=3840&q=75","text/html; charset=utf-8","400","Bad Request","Non-Indexable","Client Error","","0","0","","0","0","","0","","0","","0","","0","","","","","","","","","","","3596","3596","3596","0,533","","0","","","","","0,000","3","2","","0","0","0","0,000","0","0","0","0","0","0","","","","","","0,201","","","","","","1.1","","","","","","https://eghiseul.ro/_next/image/?url=%2Fimages%2Farticole%2Fce-este-un-releveu.webp&w=3840&q=75","2026-09-09 09:12:42"
"https://eghiseul.ro/_next/image/?url=%2Fimages%2Farticole%2Finregistrare-nastere-copil-nou-nascut.webp&w=3840&q=75","image/webp","200","OK","Indexable","","","0","0","","0","0","","0","","0","","0","","0","","","","","","","","","","","51634","51634","51634","7,652","","0","","","","","0,000","3","2","","0","0","0","0,000","0","0","0","0","0","0","","","","","","0,310","Thu, 13 Aug 2026 08:33:48 GMT","","","","","1.1","","","","","","https://eghiseul.ro/_next/image/?url=%2Fimages%2Farticole%2Finregistrare-nastere-copil-nou-nascut.webp&w=3840&q=75","2026-09-09 09:12:42"
"https://eghiseul.ro/ancpi-nu-functioneaza/?utm_source=embed&utm_medium=widget&utm_campaign=ancpi-status","text/html; charset=utf-8","200","OK","Non-Indexable","Canonicalised","ANCPI / Cadastru: ce funcționează azi — status live | eGhiseul.ro","65","574","Update 21 august: e-Terra merge din nou pentru profesioniști, iar din 20 august a fost reactivat și „Link de plată"". Platformele online pentru public rămân OPRITE, iar între 11 și 19 august OCPI-urile au înregistrat 329.476 de cereri — deci întârzierile continuă. Noi eliberăm extrasul de carte funciară în 2 zile lucrătoare, prin partener autorizat.","350","2074","cazier judiciar online,cazier fiscal,certificat constatator,extras carte funciară,certificat de integritate comportamentală,documente online,acte online România","160","ANCPI și e-Terra: atac cibernetic, blocaj național din 13 iulie — sistemele revin etapizat, dar încă cu probleme; extrasul de carte funciară se poate obține în 2 zile lucrătoare","177","Ce s-a întâmplat, pe scurt","26","Mai e picat ANCPI? Starea sistemelor, în timp real","50","index, follow","index, follow, max-video-preview:-1, max-image-preview:large, max-snippet:-1","","","https://eghiseul.ro/ancpi-nu-functioneaza/","","","","","","358199","67130","67130","9,949","","5940","882","6,735","43,703","Hard","11,821","4","1","","3","2","0","0,860","93","57","0","9","8","0","","","","","2ab12ddb10424cf0d79e2e11532e5945","0,202","","","","","ro","1.1","","","","","","https://eghiseul.ro/ancpi-nu-functioneaza/?utm_source=embed&utm_medium=widget&utm_campaign=ancpi-status","2026-09-09 09:12:42"
