"Address","Content Type","Status Code","Status","Indexability","Indexability Status","Hash","Length","Canonical Link Element 1","URL Encoded Address"
"https://eghiseul.ro/","text/html; charset=utf-8","200","OK","Indexable","","ecdb5de644cde24542b2f22e51c93e87","20","https://eghiseul.ro/","https://eghiseul.ro/"
"https://eghiseul.ro/calculator/termene-judiciare/","text/html; charset=utf-8","200","OK","Indexable","","73e0b3b324c838fd0a67a4f93c8cabaa","49","https://eghiseul.ro/calculator/termene-judiciare/","https://eghiseul.ro/calculator/termene-judiciare/"
"https://eghiseul.ro/images/footer/payment-methods.webp","image/webp","200","OK","Indexable","","","54","","https://eghiseul.ro/images/footer/payment-methods.webp"
"https://eghiseul.ro/_next/static/chunks/acad58d717cd3172.css?dpl=dpl_67tH8DnrrsjBhYi55ERePfEYAbMi","text/css; charset=utf-8","200","OK","Indexable","","","97","","https://eghiseul.ro/_next/static/chunks/acad58d717cd3172.css?dpl=dpl_67tH8DnrrsjBhYi55ERePfEYAbMi"
"https://eghiseul.ro/calculator/dividende/","text/html; charset=utf-8","200","OK","Indexable","","bee743221d9850344cfa0aeabaa242df","41","https://eghiseul.ro/calculator/dividende/","https://eghiseul.ro/calculator/dividende/"
"https://eghiseul.ro/calculator/salariu/","text/html; charset=utf-8","200","OK","Indexable","","33351b9c47157249fa55c61ad3db47b3","39","https://eghiseul.ro/calculator/salariu/","https://eghiseul.ro/calculator/salariu/"
"https://eghiseul.ro/servicii/cazier-fiscal-online/","text/html; charset=utf-8","200","OK","Indexable","","bf59e1638dad5167f1f9fb2578c63411","50","https://eghiseul.ro/servicii/cazier-fiscal-online/","https://eghiseul.ro/servicii/cazier-fiscal-online/"
"https://eghiseul.ro/_next/image/?url=%2Fimages%2Fspecimens%2Fcazier-auto.png&w=3840&q=75","image/png","200","OK","Indexable","","","88","","https://eghiseul.ro/_next/image/?url=%2Fimages%2Fspecimens%2Fcazier-auto.png&w=3840&q=75"
"https://eghiseul.ro/_next/image/?url=%2Fimages%2Fservicii-header.webp&w=640&q=75","image/jpeg","200","OK","Indexable","","","80","","https://eghiseul.ro/_next/image/?url=%2Fimages%2Fservicii-header.webp&w=640&q=75"
"https://eghiseul.ro/_next/static/chunks/6352972af6db47be.js?dpl=dpl_67tH8DnrrsjBhYi55ERePfEYAbMi","application/javascript; charset=utf-8","200","OK","Indexable","","","96","","https://eghiseul.ro/_next/static/chunks/6352972af6db47be.js?dpl=dpl_67tH8DnrrsjBhYi55ERePfEYAbMi"
"https://eghiseul.ro/calculator/estimare-pensie/","text/html; charset=utf-8","200","OK","Indexable","","b6c4a15cc808219522a2859707d1242c","47","https://eghiseul.ro/calculator/estimare-pensie/","https://eghiseul.ro/calculator/estimare-pensie/"
"https://eghiseul.ro/_next/static/chunks/64e28f22150572eb.js?dpl=dpl_67tH8DnrrsjBhYi55ERePfEYAbMi","application/javascript; charset=utf-8","200","OK","Indexable","","","96","","https://eghiseul.ro/_next/static/chunks/64e28f22150572eb.js?dpl=dpl_67tH8DnrrsjBhYi55ERePfEYAbMi"
"https://eghiseul.ro/servicii/","text/html; charset=utf-8","200","OK","Indexable","","615f7bc9db6ddd9a1702f3c731ce2d47","29","https://eghiseul.ro/servicii/","https://eghiseul.ro/servicii/"
"https://eghiseul.ro/servicii/extras-multilingv-certificat-casatorie/","text/html; charset=utf-8","200","OK","Indexable","","b3214aa7682a4bdeb85f8b9aaf89fff7","68","https://eghiseul.ro/servicii/extras-multilingv-certificat-casatorie/","https://eghiseul.ro/servicii/extras-multilingv-certificat-casatorie/"
"https://eghiseul.ro/_next/image/?url=%2Fimages%2Fspecimens%2Fextras-multilingv-casatorie.webp&w=3840&q=75","image/jpeg","200","OK","Indexable","","","105","","https://eghiseul.ro/_next/image/?url=%2Fimages%2Fspecimens%2Fextras-multilingv-casatorie.webp&w=3840&q=75"
"https://eghiseul.ro/_next/static/chunks/e6de0d38135b5383.js?dpl=dpl_67tH8DnrrsjBhYi55ERePfEYAbMi","application/javascript; charset=utf-8","200","OK","Indexable","","","96","","https://eghiseul.ro/_next/static/chunks/e6de0d38135b5383.js?dpl=dpl_67tH8DnrrsjBhYi55ERePfEYAbMi"
"https://eghiseul.ro/_next/static/chunks/a3dd2bb6b77ca038.js?dpl=dpl_67tH8DnrrsjBhYi55ERePfEYAbMi","application/javascript; charset=utf-8","200","OK","Indexable","","","96","","https://eghiseul.ro/_next/static/chunks/a3dd2bb6b77ca038.js?dpl=dpl_67tH8DnrrsjBhYi55ERePfEYAbMi"
"https://eghiseul.ro/servicii/extras-de-carte-funciara/","text/html; charset=utf-8","200","OK","Indexable","","6cbedf5d3700189945a6c0efab5b33c6","54","https://eghiseul.ro/servicii/extras-de-carte-funciara/","https://eghiseul.ro/servicii/extras-de-carte-funciara/"
"https://eghiseul.ro/images/brand/icon.webp","image/webp","200","OK","Indexable","","","42","","https://eghiseul.ro/images/brand/icon.webp"
"https://eghiseul.ro/_next/static/chunks/d96012bcfc98706a.js?dpl=dpl_67tH8DnrrsjBhYi55ERePfEYAbMi","application/javascript; charset=utf-8","200","OK","Indexable","","","96","","https://eghiseul.ro/_next/static/chunks/d96012bcfc98706a.js?dpl=dpl_67tH8DnrrsjBhYi55ERePfEYAbMi"
"https://eghiseul.ro/calculator/credit-ipotecar/","text/html; charset=utf-8","200","OK","Indexable","","ac22912b34270c06eefeb58242ce5f0d","47","https://eghiseul.ro/calculator/credit-ipotecar/","https://eghiseul.ro/calculator/credit-ipotecar/"
"https://eghiseul.ro/servicii/identificare-imobil/","text/html; charset=utf-8","200","OK","Indexable","","f42c5eff06035e6bfa5894b72084ffda","49","https://eghiseul.ro/servicii/identificare-imobil/","https://eghiseul.ro/servicii/identificare-imobil/"
"https://eghiseul.ro/servicii/certificat-sarcini/","text/html; charset=utf-8","200","OK","Indexable","","a7b096d3d89fd12383cdf8815fc3bcd4","48","https://eghiseul.ro/servicii/certificat-sarcini/","https://eghiseul.ro/servicii/certificat-sarcini/"
"https://eghiseul.ro/_next/static/chunks/41ad77bb86fe4ff6.js?dpl=dpl_67tH8DnrrsjBhYi55ERePfEYAbMi","application/javascript; charset=utf-8","200","OK","Indexable","","","96","","https://eghiseul.ro/_next/static/chunks/41ad77bb86fe4ff6.js?dpl=dpl_67tH8DnrrsjBhYi55ERePfEYAbMi"
"https://eghiseul.ro/_next/static/chunks/a6dad97d9634a72d.js?dpl=dpl_67tH8DnrrsjBhYi55ERePfEYAbMi","application/javascript; charset=utf-8","200","OK","Indexable","","","96","","https://eghiseul.ro/_next/static/chunks/a6dad97d9634a72d.js?dpl=dpl_67tH8DnrrsjBhYi55ERePfEYAbMi"
"https://eghiseul.ro/_next/static/chunks/442a64f8e01a213b.js?dpl=dpl_67tH8DnrrsjBhYi55ERePfEYAbMi","application/javascript; charset=utf-8","200","OK","Indexable","","","96","","https://eghiseul.ro/_next/static/chunks/442a64f8e01a213b.js?dpl=dpl_67tH8DnrrsjBhYi55ERePfEYAbMi"
"https://eghiseul.ro/servicii/certificat-constatator-online/","text/html; charset=utf-8","200","OK","Indexable","","e7e734f6d06708792d900c4df067b9d9","59","https://eghiseul.ro/servicii/certificat-constatator-online/","https://eghiseul.ro/servicii/certificat-constatator-online/"
"https://eghiseul.ro/comanda/status/","","0","Blocked by robots.txt","Non-Indexable","Blocked by robots.txt","","35","","https://eghiseul.ro/comanda/status/"
"https://eghiseul.ro/_next/static/chunks/c28e7f4a72087e5b.js?dpl=dpl_67tH8DnrrsjBhYi55ERePfEYAbMi","application/javascript; charset=utf-8","200","OK","Indexable","","","96","","https://eghiseul.ro/_next/static/chunks/c28e7f4a72087e5b.js?dpl=dpl_67tH8DnrrsjBhYi55ERePfEYAbMi"
"https://eghiseul.ro/termeni-si-conditii/","text/html; charset=utf-8","200","OK","Indexable","","e212593a8f0e298449c89d2ae0a5801b","40","https://eghiseul.ro/termeni-si-conditii/","https://eghiseul.ro/termeni-si-conditii/"
"https://eghiseul.ro/servicii/copie-carte-funciara/","text/html; charset=utf-8","200","OK","Indexable","","d49913f4ced53e5144013be4423356fb","50","https://eghiseul.ro/servicii/copie-carte-funciara/","https://eghiseul.ro/servicii/copie-carte-funciara/"
"https://eghiseul.ro/_next/image/?url=%2Fimages%2Farticole%2Fsuspendare-activitate-firma-ghid.webp&w=3840&q=75","image/webp","200","OK","Indexable","","","109","","https://eghiseul.ro/_next/image/?url=%2Fimages%2Farticole%2Fsuspendare-activitate-firma-ghid.webp&w=3840&q=75"
"https://eghiseul.ro/servicii/eliberare-certificat-de-casatorie/","text/html; charset=utf-8","200","OK","Indexable","","f784502463d77b0704d5c9ef7c9f7370","63","https://eghiseul.ro/servicii/eliberare-certificat-de-casatorie/","https://eghiseul.ro/servicii/eliberare-certificat-de-casatorie/"
"https://eghiseul.ro/_next/static/chunks/16bafcc002ad0ec6.js?dpl=dpl_67tH8DnrrsjBhYi55ERePfEYAbMi","application/javascript; charset=utf-8","200","OK","Indexable","","","96","","https://eghiseul.ro/_next/static/chunks/16bafcc002ad0ec6.js?dpl=dpl_67tH8DnrrsjBhYi55ERePfEYAbMi"
"https://eghiseul.ro/_next/image/?url=%2Fimages%2Fspecimens%2Fcazier-fiscal.png&w=3840&q=75","image/png","200","OK","Indexable","","","90","","https://eghiseul.ro/_next/image/?url=%2Fimages%2Fspecimens%2Fcazier-fiscal.png&w=3840&q=75"
"https://eghiseul.ro/politica-de-anulare/","text/html; charset=utf-8","200","OK","Indexable","","aab10ce4346510fb0ab7c9b542f0961b","40","https://eghiseul.ro/politica-de-anulare/","https://eghiseul.ro/politica-de-anulare/"
"https://eghiseul.ro/_next/image/?url=%2Fimages%2Fspecimens%2Fcertificat-constatator.png&w=3840&q=75","image/png","200","OK","Indexable","","","99","","https://eghiseul.ro/_next/image/?url=%2Fimages%2Fspecimens%2Fcertificat-constatator.png&w=3840&q=75"
"https://eghiseul.ro/_next/image/?url=%2Fimages%2Fspecimens%2Fcertificat-nastere.webp&w=3840&q=75","image/jpeg","200","OK","Indexable","","","96","","https://eghiseul.ro/_next/image/?url=%2Fimages%2Fspecimens%2Fcertificat-nastere.webp&w=3840&q=75"
"https://eghiseul.ro/calculator/impozit-casa/","text/html; charset=utf-8","200","OK","Indexable","","40f85276dbb9870b916b45cf4c9e30f5","44","https://eghiseul.ro/calculator/impozit-casa/","https://eghiseul.ro/calculator/impozit-casa/"
"https://eghiseul.ro/_next/static/chunks/76c16641eb3ae2fa.js?dpl=dpl_67tH8DnrrsjBhYi55ERePfEYAbMi","application/javascript; charset=utf-8","200","OK","Indexable","","","96","","https://eghiseul.ro/_next/static/chunks/76c16641eb3ae2fa.js?dpl=dpl_67tH8DnrrsjBhYi55ERePfEYAbMi"
"https://eghiseul.ro/_next/static/chunks/01053d2def082238.js?dpl=dpl_67tH8DnrrsjBhYi55ERePfEYAbMi","application/javascript; charset=utf-8","200","OK","Indexable","","","96","","https://eghiseul.ro/_next/static/chunks/01053d2def082238.js?dpl=dpl_67tH8DnrrsjBhYi55ERePfEYAbMi"
"https://eghiseul.ro/calculator/indemnizatie-somaj/","text/html; charset=utf-8","200","OK","Indexable","","7902b8265b5bff6f10208971f65e1836","50","https://eghiseul.ro/calculator/indemnizatie-somaj/","https://eghiseul.ro/calculator/indemnizatie-somaj/"
"https://eghiseul.ro/gdpr/","text/html; charset=utf-8","200","OK","Indexable","","c5cb73d723a386877ed7b16538103703","25","https://eghiseul.ro/gdpr/","https://eghiseul.ro/gdpr/"
"https://eghiseul.ro/calculator/amenda-circulatie/","text/html; charset=utf-8","200","OK","Indexable","","3331972040937beb77576c8d3720f266","49","https://eghiseul.ro/calculator/amenda-circulatie/","https://eghiseul.ro/calculator/amenda-circulatie/"
"https://eghiseul.ro/politica-cookies/","text/html; charset=utf-8","200","OK","Indexable","","76d588986012881df610e3d6b4d7f034","37","https://eghiseul.ro/politica-cookies/","https://eghiseul.ro/politica-cookies/"
"https://eghiseul.ro/apostila-de-la-haga-ghid-acte-obtinere/","text/html; charset=utf-8","200","OK","Indexable","","4ca47827a8cfae9ecbe003b4c67ba229","59","https://eghiseul.ro/apostila-de-la-haga-ghid-acte-obtinere/","https://eghiseul.ro/apostila-de-la-haga-ghid-acte-obtinere/"
"https://eghiseul.ro/servicii/certificat-urbanism-informare/","text/html; charset=utf-8","200","OK","Indexable","","8ba83232bd50526d84dad4c12dcb57d6","59","https://eghiseul.ro/servicii/certificat-urbanism-informare/","https://eghiseul.ro/servicii/certificat-urbanism-informare/"
"https://eghiseul.ro/_next/static/chunks/c1e3ec6540071fa2.js?dpl=dpl_67tH8DnrrsjBhYi55ERePfEYAbMi","application/javascript; charset=utf-8","200","OK","Indexable","","","96","","https://eghiseul.ro/_next/static/chunks/c1e3ec6540071fa2.js?dpl=dpl_67tH8DnrrsjBhYi55ERePfEYAbMi"
"https://eghiseul.ro/calculator/tva/","text/html; charset=utf-8","200","OK","Indexable","","4bc7b2fdcad153f33334a0f25f9b2ca5","35","https://eghiseul.ro/calculator/tva/","https://eghiseul.ro/calculator/tva/"
"https://eghiseul.ro/calculator/pensie-alimentara/","text/html; charset=utf-8","200","OK","Indexable","","45e805dce17498c773074fd3c23fe26a","49","https://eghiseul.ro/calculator/pensie-alimentara/","https://eghiseul.ro/calculator/pensie-alimentara/"
"https://eghiseul.ro/_next/image/?url=%2Fimages%2Fspecimens%2Fcertificat-integritate.png&w=3840&q=75","image/png","200","OK","Indexable","","","99","","https://eghiseul.ro/_next/image/?url=%2Fimages%2Fspecimens%2Fcertificat-integritate.png&w=3840&q=75"
"https://eghiseul.ro/_next/static/chunks/c23b1e9a9881f9d5.css?dpl=dpl_67tH8DnrrsjBhYi55ERePfEYAbMi","text/css; charset=utf-8","200","OK","Indexable","","","97","","https://eghiseul.ro/_next/static/chunks/c23b1e9a9881f9d5.css?dpl=dpl_67tH8DnrrsjBhYi55ERePfEYAbMi"
"https://eghiseul.ro/calculator/calculator-impozit-auto/","text/html; charset=utf-8","200","OK","Indexable","","f01cf60eaa284c5e5a0b3603e710c8ba","55","https://eghiseul.ro/calculator/calculator-impozit-auto/","https://eghiseul.ro/calculator/calculator-impozit-auto/"
"https://eghiseul.ro/servicii/cazier-judiciar-online/persoana-fizica/","text/html; charset=utf-8","200","OK","Indexable","","fa26d1460a2ec85ca1991ea8dffd2036","68","https://eghiseul.ro/servicii/cazier-judiciar-online/persoana-fizica/","https://eghiseul.ro/servicii/cazier-judiciar-online/persoana-fizica/"
"https://eghiseul.ro/_next/static/chunks/f4438d31c0b3d47f.js?dpl=dpl_67tH8DnrrsjBhYi55ERePfEYAbMi","application/javascript; charset=utf-8","200","OK","Indexable","","","96","","https://eghiseul.ro/_next/static/chunks/f4438d31c0b3d47f.js?dpl=dpl_67tH8DnrrsjBhYi55ERePfEYAbMi"
"https://eghiseul.ro/_next/image/?url=%2Fimages%2Fspecimens%2Fextras-cf.png&w=3840&q=75","image/png","200","OK","Indexable","","","86","","https://eghiseul.ro/_next/image/?url=%2Fimages%2Fspecimens%2Fextras-cf.png&w=3840&q=75"
"https://eghiseul.ro/_next/static/chunks/af4e3c5088439a81.js?dpl=dpl_67tH8DnrrsjBhYi55ERePfEYAbMi","application/javascript; charset=utf-8","200","OK","Indexable","","","96","","https://eghiseul.ro/_next/static/chunks/af4e3c5088439a81.js?dpl=dpl_67tH8DnrrsjBhYi55ERePfEYAbMi"
"https://eghiseul.ro/calculator/taxe-notariale/","text/html; charset=utf-8","200","OK","Indexable","","8cd40e0ca442055f97a927c0bb25fcd0","46","https://eghiseul.ro/calculator/taxe-notariale/","https://eghiseul.ro/calculator/taxe-notariale/"
"https://eghiseul.ro/schimbare-sediu-social-srl-ghid/","text/html; charset=utf-8","200","OK","Indexable","","b3d1e5bd554bb76f253a35e9be2b5379","52","https://eghiseul.ro/schimbare-sediu-social-srl-ghid/","https://eghiseul.ro/schimbare-sediu-social-srl-ghid/"
"https://eghiseul.ro/_next/image/?url=%2Fimages%2Fbrand%2Flogo-wide.webp&w=750&q=75","image/jpeg","200","OK","Indexable","","","82","","https://eghiseul.ro/_next/image/?url=%2Fimages%2Fbrand%2Flogo-wide.webp&w=750&q=75"
"https://eghiseul.ro/calculator/calculator-procente/","text/html; charset=utf-8","200","OK","Indexable","","7f4d7e02ce6dbb4471e538e0e3c39e39","51","https://eghiseul.ro/calculator/calculator-procente/","https://eghiseul.ro/calculator/calculator-procente/"
"https://eghiseul.ro/servicii/plan-amplasament-delimitare/","text/html; charset=utf-8","200","OK","Indexable","","4b5146c90ebbaf89b611c4545fb5ae31","57","https://eghiseul.ro/servicii/plan-amplasament-delimitare/","https://eghiseul.ro/servicii/plan-amplasament-delimitare/"
"https://eghiseul.ro/curs-valutar/","text/html; charset=utf-8","200","OK","Indexable","","494f920a0cb1ef3b83596e437be7154d","33","https://eghiseul.ro/curs-valutar/","https://eghiseul.ro/curs-valutar/"
"https://eghiseul.ro/calculator/cat-pot-construi/","text/html; charset=utf-8","200","OK","Indexable","","ceaf764fededa5699f8911316620ffb4","48","https://eghiseul.ro/calculator/cat-pot-construi/","https://eghiseul.ro/calculator/cat-pot-construi/"
"https://eghiseul.ro/calculator/","text/html; charset=utf-8","200","OK","Indexable","","9a4da8121fe7b1b838d4d680e3ea5f46","31","https://eghiseul.ro/calculator/","https://eghiseul.ro/calculator/"
"https://eghiseul.ro/_next/image/?url=%2Fimages%2Farticole%2Fschimbare-sediu-social-srl-ghid.webp&w=3840&q=75","image/webp","200","OK","Indexable","","","108","","https://eghiseul.ro/_next/image/?url=%2Fimages%2Farticole%2Fschimbare-sediu-social-srl-ghid.webp&w=3840&q=75"
"https://eghiseul.ro/servicii/cazier-judiciar-online/","text/html; charset=utf-8","200","OK","Indexable","","b4ff0d29d66f029c977eff8066d6e3e","52","https://eghiseul.ro/servicii/cazier-judiciar-online/","https://eghiseul.ro/servicii/cazier-judiciar-online/"
"https://eghiseul.ro/images/footer/anpc-sol.svg","image/svg+xml","200","OK","Indexable","","","46","","https://eghiseul.ro/images/footer/anpc-sol.svg"
"https://eghiseul.ro/_next/image/?url=%2Fimages%2Farticole%2Fapostila-de-la-haga-ghid-acte-obtinere.webp&w=3840&q=75","image/webp","200","OK","Indexable","","","115","","https://eghiseul.ro/_next/image/?url=%2Fimages%2Farticole%2Fapostila-de-la-haga-ghid-acte-obtinere.webp&w=3840&q=75"
"https://eghiseul.ro/calculator/jugar-stanjen-in-mp/","text/html; charset=utf-8","200","OK","Indexable","","7475c2e4947f4bada762b63884e8e21f","51","https://eghiseul.ro/calculator/jugar-stanjen-in-mp/","https://eghiseul.ro/calculator/jugar-stanjen-in-mp/"
"https://eghiseul.ro/servicii/rovinieta-online/","text/html; charset=utf-8","200","OK","Indexable","","adf4a10c215390c5e155794bc9b21b6e","46","https://eghiseul.ro/servicii/rovinieta-online/","https://eghiseul.ro/servicii/rovinieta-online/"
"https://eghiseul.ro/calculator/concediu-medical/","text/html; charset=utf-8","200","OK","Indexable","","766e2f62082b864fc4f3fac463c00166","48","https://eghiseul.ro/calculator/concediu-medical/","https://eghiseul.ro/calculator/concediu-medical/"
"https://eghiseul.ro/_next/image/?url=%2Fimages%2Fspecimens%2Fextras-multilingv-nastere.webp&w=3840&q=75","image/jpeg","200","OK","Indexable","","","103","","https://eghiseul.ro/_next/image/?url=%2Fimages%2Fspecimens%2Fextras-multilingv-nastere.webp&w=3840&q=75"
"https://eghiseul.ro/_next/image/?url=%2Fimages%2Fde-ce-eghiseul.webp&w=1920&q=75","image/webp","200","OK","Indexable","","","80","","https://eghiseul.ro/_next/image/?url=%2Fimages%2Fde-ce-eghiseul.webp&w=1920&q=75"
"https://eghiseul.ro/_next/image/?url=%2Fimages%2Fspecimens%2Fcertificat-celibat.webp&w=3840&q=75","image/jpeg","200","OK","Indexable","","","96","","https://eghiseul.ro/_next/image/?url=%2Fimages%2Fspecimens%2Fcertificat-celibat.webp&w=3840&q=75"
"https://eghiseul.ro/_next/image/?url=%2Fimages%2Fspecimens%2Fcazier-judiciar.png&w=3840&q=75","image/png","200","OK","Indexable","","","92","","https://eghiseul.ro/_next/image/?url=%2Fimages%2Fspecimens%2Fcazier-judiciar.png&w=3840&q=75"
"https://eghiseul.ro/servicii/actualizare-adresa-cf/","text/html; charset=utf-8","200","OK","Indexable","","4ebcb9d308ed74e5767abdd30502e770","51","https://eghiseul.ro/servicii/actualizare-adresa-cf/","https://eghiseul.ro/servicii/actualizare-adresa-cf/"
"https://eghiseul.ro/_next/static/chunks/turbopack-a959610bdf822cb2.js?dpl=dpl_67tH8DnrrsjBhYi55ERePfEYAbMi","application/javascript; charset=utf-8","200","OK","Indexable","","","106","","https://eghiseul.ro/_next/static/chunks/turbopack-a959610bdf822cb2.js?dpl=dpl_67tH8DnrrsjBhYi55ERePfEYAbMi"
"https://eghiseul.ro/servicii/eliberare-certificat-de-celibat/","text/html; charset=utf-8","200","OK","Indexable","","a6932a07f2a196302926a0d3be312543","61","https://eghiseul.ro/servicii/eliberare-certificat-de-celibat/","https://eghiseul.ro/servicii/eliberare-certificat-de-celibat/"
"https://eghiseul.ro/tools/verificare-rovinieta-online/","text/html; charset=utf-8","200","OK","Indexable","","628a4d8bc25bc5afe5b961624093b899","54","https://eghiseul.ro/tools/verificare-rovinieta-online/","https://eghiseul.ro/tools/verificare-rovinieta-online/"
"https://eghiseul.ro/servicii/eliberare-certificat-de-nastere/","text/html; charset=utf-8","200","OK","Indexable","","e815bce98d1d2737f9b0c6ac799993b0","61","https://eghiseul.ro/servicii/eliberare-certificat-de-nastere/","https://eghiseul.ro/servicii/eliberare-certificat-de-nastere/"
"https://eghiseul.ro/politica-de-confidentialitate/","text/html; charset=utf-8","200","OK","Indexable","","f41ff84618d772a3730483c5fc1853c7","50","https://eghiseul.ro/politica-de-confidentialitate/","https://eghiseul.ro/politica-de-confidentialitate/"
"https://eghiseul.ro/servicii/identificare-imobile-proprietar/","text/html; charset=utf-8","200","OK","Indexable","","1697cfaac984c10f72702e0d3d2e4cfd","61","https://eghiseul.ro/servicii/identificare-imobile-proprietar/","https://eghiseul.ro/servicii/identificare-imobile-proprietar/"
"https://eghiseul.ro/_next/static/chunks/d80b3790a119a285.js?dpl=dpl_67tH8DnrrsjBhYi55ERePfEYAbMi","application/javascript; charset=utf-8","200","OK","Indexable","","","96","","https://eghiseul.ro/_next/static/chunks/d80b3790a119a285.js?dpl=dpl_67tH8DnrrsjBhYi55ERePfEYAbMi"
"https://eghiseul.ro/contact/","text/html; charset=utf-8","200","OK","Indexable","","c663b347f45e551f18af19ec05ee8f54","28","https://eghiseul.ro/contact/","https://eghiseul.ro/contact/"
"https://eghiseul.ro/servicii/cazier-auto-online/","text/html; charset=utf-8","200","OK","Indexable","","485b127449bac5e39a0062519ead954e","48","https://eghiseul.ro/servicii/cazier-auto-online/","https://eghiseul.ro/servicii/cazier-auto-online/"
"https://eghiseul.ro/calculator/varsta-pensionare/","text/html; charset=utf-8","200","OK","Indexable","","537898dd4986ae02e4da6a2d46234a05","49","https://eghiseul.ro/calculator/varsta-pensionare/","https://eghiseul.ro/calculator/varsta-pensionare/"
"https://eghiseul.ro/servicii/extras-plan-cadastral/","text/html; charset=utf-8","200","OK","Indexable","","c9cdd8246aa6446ea837749d2ec7e91c","51","https://eghiseul.ro/servicii/extras-plan-cadastral/","https://eghiseul.ro/servicii/extras-plan-cadastral/"
"https://eghiseul.ro/calculator/valabilitate-documente/","text/html; charset=utf-8","200","OK","Indexable","","f3a519e051b6da1fbc5b310f15e81966","54","https://eghiseul.ro/calculator/valabilitate-documente/","https://eghiseul.ro/calculator/valabilitate-documente/"
"https://eghiseul.ro/suspendare-activitate-firma-ghid/","text/html; charset=utf-8","200","OK","Indexable","","290c6cdacb8620dbe127d1e880bff655","53","https://eghiseul.ro/suspendare-activitate-firma-ghid/","https://eghiseul.ro/suspendare-activitate-firma-ghid/"
"https://eghiseul.ro/servicii/extras-multilingv-certificat-nastere/","text/html; charset=utf-8","200","OK","Indexable","","fdf0a487090710b82ba2726819f2e8c3","66","https://eghiseul.ro/servicii/extras-multilingv-certificat-nastere/","https://eghiseul.ro/servicii/extras-multilingv-certificat-nastere/"
"https://eghiseul.ro/blog/","text/html; charset=utf-8","200","OK","Indexable","","55f4a49fd8a9c7d384adcaae1517e3c3","25","https://eghiseul.ro/blog/","https://eghiseul.ro/blog/"
"https://eghiseul.ro/_next/static/chunks/f727faa480179784.js?dpl=dpl_67tH8DnrrsjBhYi55ERePfEYAbMi","application/javascript; charset=utf-8","200","OK","Indexable","","","96","","https://eghiseul.ro/_next/static/chunks/f727faa480179784.js?dpl=dpl_67tH8DnrrsjBhYi55ERePfEYAbMi"
"https://eghiseul.ro/servicii/cazier-judiciar-online/persoana-juridica/","text/html; charset=utf-8","200","OK","Indexable","","e92647617059c097791e67727e94ed2c","70","https://eghiseul.ro/servicii/cazier-judiciar-online/persoana-juridica/","https://eghiseul.ro/servicii/cazier-judiciar-online/persoana-juridica/"
"https://eghiseul.ro/images/footer/anpc-sal.svg","image/svg+xml","200","OK","Indexable","","","46","","https://eghiseul.ro/images/footer/anpc-sal.svg"
"https://eghiseul.ro/_next/image/?url=%2Fimages%2Fspecimens%2Frovinieta.webp&w=3840&q=75","image/jpeg","200","OK","Indexable","","","87","","https://eghiseul.ro/_next/image/?url=%2Fimages%2Fspecimens%2Frovinieta.webp&w=3840&q=75"
"https://eghiseul.ro/servicii/certificat-de-integritate-comportamentala/","text/html; charset=utf-8","200","OK","Indexable","","5ca0291aae2c2987e3f927baeaa1c79d","71","https://eghiseul.ro/servicii/certificat-de-integritate-comportamentala/","https://eghiseul.ro/servicii/certificat-de-integritate-comportamentala/"
"https://eghiseul.ro/_next/image/?url=%2Fimages%2Fspecimens%2Fcertificat-casatorie.webp&w=3840&q=75","image/jpeg","200","OK","Indexable","","","98","","https://eghiseul.ro/_next/image/?url=%2Fimages%2Fspecimens%2Fcertificat-casatorie.webp&w=3840&q=75"
"https://eghiseul.ro/_next/image/?url=%2Fimages%2Farticole%2Fcazier-judiciar-online-gratuit.webp&w=3840&q=75","image/jpeg","200","OK","Indexable","","","107","","https://eghiseul.ro/_next/image/?url=%2Fimages%2Farticole%2Fcazier-judiciar-online-gratuit.webp&w=3840&q=75"
"https://eghiseul.ro/_next/image/?url=%2Fimages%2Farticole%2Fsms-fals-amenda-ghiseul-ro.webp&w=3840&q=75","image/webp","200","OK","Indexable","","","103","","https://eghiseul.ro/_next/image/?url=%2Fimages%2Farticole%2Fsms-fals-amenda-ghiseul-ro.webp&w=3840&q=75"
"https://eghiseul.ro/totul-despre-cartea-funciara-colectiva/","text/html; charset=utf-8","200","OK","Indexable","","460a29c912be42790b03b0798b69d629","59","https://eghiseul.ro/totul-despre-cartea-funciara-colectiva/","https://eghiseul.ro/totul-despre-cartea-funciara-colectiva/"
"https://eghiseul.ro/_next/image/?url=%2Fimages%2Farticole%2Fcazier-fiscal-firma.webp&w=3840&q=75","image/webp","200","OK","Indexable","","","96","","https://eghiseul.ro/_next/image/?url=%2Fimages%2Farticole%2Fcazier-fiscal-firma.webp&w=3840&q=75"
"https://eghiseul.ro/_next/image/?url=%2Fimages%2Farticole%2Feliberare-certificat-constatator-onrc-ghid.webp&w=3840&q=75","image/webp","200","OK","Indexable","","","119","","https://eghiseul.ro/_next/image/?url=%2Fimages%2Farticole%2Feliberare-certificat-constatator-onrc-ghid.webp&w=3840&q=75"
"https://eghiseul.ro/_next/image/?url=%2Fimages%2Farticole%2Fcertificat-de-nastere-din-strainatate.webp&w=3840&q=75","image/jpeg","200","OK","Indexable","","","114","","https://eghiseul.ro/_next/image/?url=%2Fimages%2Farticole%2Fcertificat-de-nastere-din-strainatate.webp&w=3840&q=75"
"https://eghiseul.ro/_next/image/?url=%2Fimages%2Farticole%2Fcazier-fiscal-fara-spv.webp&w=3840&q=75","image/webp","200","OK","Indexable","","","99","","https://eghiseul.ro/_next/image/?url=%2Fimages%2Farticole%2Fcazier-fiscal-fara-spv.webp&w=3840&q=75"
"https://eghiseul.ro/inregistrare-nastere-copil-nou-nascut/","text/html; charset=utf-8","200","OK","Indexable","","e864a0e399425a4d93b5360fecee3f50","58","https://eghiseul.ro/inregistrare-nastere-copil-nou-nascut/","https://eghiseul.ro/inregistrare-nastere-copil-nou-nascut/"
"https://eghiseul.ro/ghid-complet-certificat-de-integritate-comportamentala/","text/html; charset=utf-8","200","OK","Indexable","","bffd9b07dad57e7383fdb5b4142cfc1b","75","https://eghiseul.ro/ghid-complet-certificat-de-integritate-comportamentala/","https://eghiseul.ro/ghid-complet-certificat-de-integritate-comportamentala/"
"https://eghiseul.ro/_next/image/?url=%2Fimages%2Farticole%2Fancpi-nu-functioneaza.webp&w=3840&q=75","image/webp","200","OK","Indexable","","","98","","https://eghiseul.ro/_next/image/?url=%2Fimages%2Farticole%2Fancpi-nu-functioneaza.webp&w=3840&q=75"
"https://eghiseul.ro/_next/image/?url=%2Fog%2Fservices%2Fextras-cf.png&w=3840&q=75","image/png","200","OK","Indexable","","","81","","https://eghiseul.ro/_next/image/?url=%2Fog%2Fservices%2Fextras-cf.png&w=3840&q=75"
"https://eghiseul.ro/verificare-proprietar-imobil/","text/html; charset=utf-8","200","OK","Indexable","","63090cd2b1631a156ac81e0f93f8bd4f","49","https://eghiseul.ro/verificare-proprietar-imobil/","https://eghiseul.ro/verificare-proprietar-imobil/"
"https://eghiseul.ro/ce-este-un-releveu/","text/html; charset=utf-8","200","OK","Indexable","","c88717b58b652e9b9a87dad6f4208fd9","39","https://eghiseul.ro/ce-este-un-releveu/","https://eghiseul.ro/ce-este-un-releveu/"
"https://eghiseul.ro/_next/image/?url=%2Fimages%2Farticole%2Fcum-vor-arata-documentele-de-stare-civila-2025.webp&w=3840&q=75","image/webp","200","OK","Indexable","","","123","","https://eghiseul.ro/_next/image/?url=%2Fimages%2Farticole%2Fcum-vor-arata-documentele-de-stare-civila-2025.webp&w=3840&q=75"
"https://eghiseul.ro/valabilitate-certificat-de-celibat/","text/html; charset=utf-8","200","OK","Indexable","","133b012337164db85357b937649f5f37","55","https://eghiseul.ro/valabilitate-certificat-de-celibat/","https://eghiseul.ro/valabilitate-certificat-de-celibat/"
"https://eghiseul.ro/_next/static/chunks/ec3c8b4278bbe5b3.js?dpl=dpl_67tH8DnrrsjBhYi55ERePfEYAbMi","application/javascript; charset=utf-8","200","OK","Indexable","","","96","","https://eghiseul.ro/_next/static/chunks/ec3c8b4278bbe5b3.js?dpl=dpl_67tH8DnrrsjBhYi55ERePfEYAbMi"
"https://eghiseul.ro/_next/image/?url=%2Fimages%2Farticole%2Fvalabilitate-extras-de-carte-funciara.webp&w=3840&q=75","image/jpeg","200","OK","Indexable","","","114","","https://eghiseul.ro/_next/image/?url=%2Fimages%2Farticole%2Fvalabilitate-extras-de-carte-funciara.webp&w=3840&q=75"
"https://eghiseul.ro/_next/image/?url=%2Fimages%2Farticole%2Fcazier-judiciar-vs-certificat-integritate-comportamentala.webp&w=3840&q=75","image/webp","200","OK","Indexable","","","134","","https://eghiseul.ro/_next/image/?url=%2Fimages%2Farticole%2Fcazier-judiciar-vs-certificat-integritate-comportamentala.webp&w=3840&q=75"
"https://eghiseul.ro/calculator/reabilitare/","text/html; charset=utf-8","200","OK","Indexable","","409ad498b2491626f330ac5728211cc6","43","https://eghiseul.ro/calculator/reabilitare/","https://eghiseul.ro/calculator/reabilitare/"
"https://eghiseul.ro/_next/image/?url=%2Fimages%2Farticole%2Famenda-rovinieta-2025-tarife-plata-online-ghid-complet.webp&w=3840&q=75","image/jpeg","200","OK","Indexable","","","131","","https://eghiseul.ro/_next/image/?url=%2Fimages%2Farticole%2Famenda-rovinieta-2025-tarife-plata-online-ghid-complet.webp&w=3840&q=75"
"https://eghiseul.ro/calculator/taxa-judiciara-de-timbru/","text/html; charset=utf-8","200","OK","Indexable","","bf69d83c4189f3237a28195223719599","56","https://eghiseul.ro/calculator/taxa-judiciara-de-timbru/","https://eghiseul.ro/calculator/taxa-judiciara-de-timbru/"
"https://eghiseul.ro/calculator/contributii-pfa/","text/html; charset=utf-8","200","OK","Indexable","","bd39a0f0e96c0009a386e551b402fb58","47","https://eghiseul.ro/calculator/contributii-pfa/","https://eghiseul.ro/calculator/contributii-pfa/"
"https://eghiseul.ro/_next/static/chunks/cd7e8acb3374f58e.js?dpl=dpl_67tH8DnrrsjBhYi55ERePfEYAbMi","application/javascript; charset=utf-8","200","OK","Indexable","","","96","","https://eghiseul.ro/_next/static/chunks/cd7e8acb3374f58e.js?dpl=dpl_67tH8DnrrsjBhYi55ERePfEYAbMi"
"https://eghiseul.ro/comanda/cazier-fiscal/","","0","Blocked by robots.txt","Non-Indexable","Blocked by robots.txt","","42","","https://eghiseul.ro/comanda/cazier-fiscal/"
"https://eghiseul.ro/_next/static/chunks/0167679e9fdecd4b.js?dpl=dpl_67tH8DnrrsjBhYi55ERePfEYAbMi","application/javascript; charset=utf-8","200","OK","Indexable","","","96","","https://eghiseul.ro/_next/static/chunks/0167679e9fdecd4b.js?dpl=dpl_67tH8DnrrsjBhYi55ERePfEYAbMi"
"https://eghiseul.ro/calculator/impozit-chirie/","text/html; charset=utf-8","200","OK","Indexable","","5512a045a6d159884131b718a909d31","46","https://eghiseul.ro/calculator/impozit-chirie/","https://eghiseul.ro/calculator/impozit-chirie/"
"https://eghiseul.ro/calculator/taxe-srl/","text/html; charset=utf-8","200","OK","Indexable","","4ec20028b3dff7bf40142b3aae72e830","40","https://eghiseul.ro/calculator/taxe-srl/","https://eghiseul.ro/calculator/taxe-srl/"
"https://eghiseul.ro/_next/static/chunks/96727358e4390373.js?dpl=dpl_67tH8DnrrsjBhYi55ERePfEYAbMi","application/javascript; charset=utf-8","200","OK","Indexable","","","96","","https://eghiseul.ro/_next/static/chunks/96727358e4390373.js?dpl=dpl_67tH8DnrrsjBhYi55ERePfEYAbMi"
"https://eghiseul.ro/comanda/certificat-casatorie/","","0","Blocked by robots.txt","Non-Indexable","Blocked by robots.txt","","49","","https://eghiseul.ro/comanda/certificat-casatorie/"
"https://eghiseul.ro/comanda/certificat-integritate/","","0","Blocked by robots.txt","Non-Indexable","Blocked by robots.txt","","51","","https://eghiseul.ro/comanda/certificat-integritate/"
"https://eghiseul.ro/comanda/extras-carte-funciara/","","0","Blocked by robots.txt","Non-Indexable","Blocked by robots.txt","","50","","https://eghiseul.ro/comanda/extras-carte-funciara/"
"https://eghiseul.ro/comanda/certificat-celibat/","","0","Blocked by robots.txt","Non-Indexable","Blocked by robots.txt","","47","","https://eghiseul.ro/comanda/certificat-celibat/"
"https://eghiseul.ro/comanda/copie-carte-funciara/","","0","Blocked by robots.txt","Non-Indexable","Blocked by robots.txt","","49","","https://eghiseul.ro/comanda/copie-carte-funciara/"
"https://eghiseul.ro/comanda/plan-amplasament-delimitare/","","0","Blocked by robots.txt","Non-Indexable","Blocked by robots.txt","","56","","https://eghiseul.ro/comanda/plan-amplasament-delimitare/"
"https://eghiseul.ro/comanda/copie-releveu/","","0","Blocked by robots.txt","Non-Indexable","Blocked by robots.txt","","42","","https://eghiseul.ro/comanda/copie-releveu/"
"https://eghiseul.ro/comanda/certificat-urbanism-informare/","","0","Blocked by robots.txt","Non-Indexable","Blocked by robots.txt","","58","","https://eghiseul.ro/comanda/certificat-urbanism-informare/"
"https://eghiseul.ro/_next/static/chunks/99425ae032593333.js?dpl=dpl_67tH8DnrrsjBhYi55ERePfEYAbMi","application/javascript; charset=utf-8","200","OK","Indexable","","","96","","https://eghiseul.ro/_next/static/chunks/99425ae032593333.js?dpl=dpl_67tH8DnrrsjBhYi55ERePfEYAbMi"
"https://eghiseul.ro/cazier-fiscal-persoana-fizica/","text/html; charset=utf-8","200","OK","Indexable","","b7752b8aed5f6bf340a6466dbac0a1e9","50","https://eghiseul.ro/cazier-fiscal-persoana-fizica/","https://eghiseul.ro/cazier-fiscal-persoana-fizica/"
"https://eghiseul.ro/servicii/certificat-detineri-imobile/","text/html; charset=utf-8","200","OK","Indexable","","60ced841185850f5a029091d30f4ad02","57","https://eghiseul.ro/servicii/certificat-detineri-imobile/","https://eghiseul.ro/servicii/certificat-detineri-imobile/"
"https://eghiseul.ro/comanda/certificat-nastere/","","0","Blocked by robots.txt","Non-Indexable","Blocked by robots.txt","","47","","https://eghiseul.ro/comanda/certificat-nastere/"
"https://eghiseul.ro/servicii/copie-plan-cadastral/","text/html; charset=utf-8","200","OK","Indexable","","584c75fc779f0c25bac9e3170241de5b","50","https://eghiseul.ro/servicii/copie-plan-cadastral/","https://eghiseul.ro/servicii/copie-plan-cadastral/"
"https://eghiseul.ro/servicii/copie-intabulare/","text/html; charset=utf-8","200","OK","Indexable","","18e26057bdadc2350e1f77426f5ad42f","46","https://eghiseul.ro/servicii/copie-intabulare/","https://eghiseul.ro/servicii/copie-intabulare/"
"https://eghiseul.ro/comanda/extras-cf-colectiv/","","0","Blocked by robots.txt","Non-Indexable","Blocked by robots.txt","","47","","https://eghiseul.ro/comanda/extras-cf-colectiv/"
"https://eghiseul.ro/comanda/certificat-constatator/","","0","Blocked by robots.txt","Non-Indexable","Blocked by robots.txt","","51","","https://eghiseul.ro/comanda/certificat-constatator/"
"https://eghiseul.ro/comanda/copie-plan-cadastral/","","0","Blocked by robots.txt","Non-Indexable","Blocked by robots.txt","","49","","https://eghiseul.ro/comanda/copie-plan-cadastral/"
"https://eghiseul.ro/comanda/extras-plan-cadastral/","","0","Blocked by robots.txt","Non-Indexable","Blocked by robots.txt","","50","","https://eghiseul.ro/comanda/extras-plan-cadastral/"
"https://eghiseul.ro/comanda/copie-arhiva-ocpi/","","0","Blocked by robots.txt","Non-Indexable","Blocked by robots.txt","","46","","https://eghiseul.ro/comanda/copie-arhiva-ocpi/"
"https://eghiseul.ro/comanda/rovinieta/","","0","Blocked by robots.txt","Non-Indexable","Blocked by robots.txt","","38","","https://eghiseul.ro/comanda/rovinieta/"
"https://eghiseul.ro/comanda/copie-intabulare/","","0","Blocked by robots.txt","Non-Indexable","Blocked by robots.txt","","45","","https://eghiseul.ro/comanda/copie-intabulare/"
"https://eghiseul.ro/comanda/cazier-auto/","","0","Blocked by robots.txt","Non-Indexable","Blocked by robots.txt","","40","","https://eghiseul.ro/comanda/cazier-auto/"
"https://eghiseul.ro/servicii/copie-inventar-coordonate/","text/html; charset=utf-8","200","OK","Indexable","","364a4b13fc3c108af19adff9a228ed13","55","https://eghiseul.ro/servicii/copie-inventar-coordonate/","https://eghiseul.ro/servicii/copie-inventar-coordonate/"
"https://eghiseul.ro/comanda/certificat-detineri-imobile/","","0","Blocked by robots.txt","Non-Indexable","Blocked by robots.txt","","56","","https://eghiseul.ro/comanda/certificat-detineri-imobile/"
"https://eghiseul.ro/servicii/copie-plan-incadrare/","text/html; charset=utf-8","200","OK","Indexable","","3a5a2d189e80f19ff888303eb09e2a06","50","https://eghiseul.ro/servicii/copie-plan-incadrare/","https://eghiseul.ro/servicii/copie-plan-incadrare/"
"https://eghiseul.ro/comanda/identificare-imobile-proprietar/","","0","Blocked by robots.txt","Non-Indexable","Blocked by robots.txt","","60","","https://eghiseul.ro/comanda/identificare-imobile-proprietar/"
"https://eghiseul.ro/calculator/impozit-pensie/","text/html; charset=utf-8","200","OK","Indexable","","4a02247c70255e212807c046cc1ade74","46","https://eghiseul.ro/calculator/impozit-pensie/","https://eghiseul.ro/calculator/impozit-pensie/"
"https://eghiseul.ro/comanda/certificat-sarcini/","","0","Blocked by robots.txt","Non-Indexable","Blocked by robots.txt","","47","","https://eghiseul.ro/comanda/certificat-sarcini/"
"https://eghiseul.ro/comanda/copie-plan-incadrare/","","0","Blocked by robots.txt","Non-Indexable","Blocked by robots.txt","","49","","https://eghiseul.ro/comanda/copie-plan-incadrare/"
"https://eghiseul.ro/comanda/extras-multilingv-certificat-casatorie/","","0","Blocked by robots.txt","Non-Indexable","Blocked by robots.txt","","67","","https://eghiseul.ro/comanda/extras-multilingv-certificat-casatorie/"
"https://eghiseul.ro/comanda/extras-multilingv-certificat-nastere/","","0","Blocked by robots.txt","Non-Indexable","Blocked by robots.txt","","65","","https://eghiseul.ro/comanda/extras-multilingv-certificat-nastere/"
"https://eghiseul.ro/comanda/copie-contract-vanzare/","","0","Blocked by robots.txt","Non-Indexable","Blocked by robots.txt","","51","","https://eghiseul.ro/comanda/copie-contract-vanzare/"
"https://eghiseul.ro/comanda/actualizare-adresa-cf/","","0","Blocked by robots.txt","Non-Indexable","Blocked by robots.txt","","50","","https://eghiseul.ro/comanda/actualizare-adresa-cf/"
"https://eghiseul.ro/comanda/identificare-imobil/","","0","Blocked by robots.txt","Non-Indexable","Blocked by robots.txt","","48","","https://eghiseul.ro/comanda/identificare-imobil/"
"https://eghiseul.ro/comanda/copie-inventar-coordonate/","","0","Blocked by robots.txt","Non-Indexable","Blocked by robots.txt","","54","","https://eghiseul.ro/comanda/copie-inventar-coordonate/"
"https://eghiseul.ro/_next/static/chunks/d4f1559ba8c25e2c.js?dpl=dpl_67tH8DnrrsjBhYi55ERePfEYAbMi","application/javascript; charset=utf-8","200","OK","Indexable","","","96","","https://eghiseul.ro/_next/static/chunks/d4f1559ba8c25e2c.js?dpl=dpl_67tH8DnrrsjBhYi55ERePfEYAbMi"
"https://eghiseul.ro/servicii/extras-cf-colectiv/","text/html; charset=utf-8","200","OK","Indexable","","636d2f83f11d1effabf6b978593a06be","48","https://eghiseul.ro/servicii/extras-cf-colectiv/","https://eghiseul.ro/servicii/extras-cf-colectiv/"
"https://eghiseul.ro/servicii/copie-contract-vanzare/","text/html; charset=utf-8","200","OK","Indexable","","9a310c9db77665f4cfde06010eb00e4a","52","https://eghiseul.ro/servicii/copie-contract-vanzare/","https://eghiseul.ro/servicii/copie-contract-vanzare/"
"https://eghiseul.ro/transcriere-certificat-de-casatorie/","text/html; charset=utf-8","200","OK","Indexable","","d95f8efcd6ceabf712e412c8be1b2cb6","56","https://eghiseul.ro/transcriere-certificat-de-casatorie/","https://eghiseul.ro/transcriere-certificat-de-casatorie/"
"https://eghiseul.ro/duplicat-certificat-de-casatorie/","text/html; charset=utf-8","200","OK","Indexable","","273c764bbefad502f9654a3938a902c5","53","https://eghiseul.ro/duplicat-certificat-de-casatorie/","https://eghiseul.ro/duplicat-certificat-de-casatorie/"
"https://eghiseul.ro/servicii/copie-releveu/","text/html; charset=utf-8","200","OK","Indexable","","49ca4f7b4290a0b0e800b0f1558ecef9","43","https://eghiseul.ro/servicii/copie-releveu/","https://eghiseul.ro/servicii/copie-releveu/"
"https://eghiseul.ro/servicii/copie-arhiva-ocpi/","text/html; charset=utf-8","200","OK","Indexable","","9a27e70b60db9b89f84dd3a223bfda4e","47","https://eghiseul.ro/servicii/copie-arhiva-ocpi/","https://eghiseul.ro/servicii/copie-arhiva-ocpi/"
"https://eghiseul.ro/servicii/extras-de-carte-funciara/harghita/","text/html; charset=utf-8","200","OK","Indexable","","d8673354e6640ccd5502e3d312368314","63","https://eghiseul.ro/servicii/extras-de-carte-funciara/harghita/","https://eghiseul.ro/servicii/extras-de-carte-funciara/harghita/"
"https://eghiseul.ro/servicii/extras-de-carte-funciara/hunedoara/","text/html; charset=utf-8","200","OK","Indexable","","1056b26914065f6368c0fd8915d048e6","64","https://eghiseul.ro/servicii/extras-de-carte-funciara/hunedoara/","https://eghiseul.ro/servicii/extras-de-carte-funciara/hunedoara/"
"https://eghiseul.ro/servicii/extras-de-carte-funciara/constanta/","text/html; charset=utf-8","200","OK","Indexable","","6a5f387969f09feb5641557a9ee480d8","64","https://eghiseul.ro/servicii/extras-de-carte-funciara/constanta/","https://eghiseul.ro/servicii/extras-de-carte-funciara/constanta/"
"https://eghiseul.ro/servicii/extras-de-carte-funciara/vaslui/","text/html; charset=utf-8","200","OK","Indexable","","e17c299d5de380752406e9129fc49548","61","https://eghiseul.ro/servicii/extras-de-carte-funciara/vaslui/","https://eghiseul.ro/servicii/extras-de-carte-funciara/vaslui/"
"https://eghiseul.ro/servicii/extras-de-carte-funciara/valcea/","text/html; charset=utf-8","200","OK","Indexable","","e948acdba504ff0b5efd9d9be648e3d9","61","https://eghiseul.ro/servicii/extras-de-carte-funciara/valcea/","https://eghiseul.ro/servicii/extras-de-carte-funciara/valcea/"
"https://eghiseul.ro/servicii/extras-de-carte-funciara/dambovita/","text/html; charset=utf-8","200","OK","Indexable","","2e79184db3cef572cda7301d8897a592","64","https://eghiseul.ro/servicii/extras-de-carte-funciara/dambovita/","https://eghiseul.ro/servicii/extras-de-carte-funciara/dambovita/"
"https://eghiseul.ro/servicii/extras-de-carte-funciara/gorj/","text/html; charset=utf-8","200","OK","Indexable","","3df2ff85a068422578c22fc45edd8868","59","https://eghiseul.ro/servicii/extras-de-carte-funciara/gorj/","https://eghiseul.ro/servicii/extras-de-carte-funciara/gorj/"
"https://eghiseul.ro/servicii/extras-de-carte-funciara/arad/","text/html; charset=utf-8","200","OK","Indexable","","c7c254c01c4a64c1c161006b32144e29","59","https://eghiseul.ro/servicii/extras-de-carte-funciara/arad/","https://eghiseul.ro/servicii/extras-de-carte-funciara/arad/"
"https://eghiseul.ro/servicii/extras-de-carte-funciara/brasov/","text/html; charset=utf-8","200","OK","Indexable","","7130cdcfb38760065e01d31a577806f1","61","https://eghiseul.ro/servicii/extras-de-carte-funciara/brasov/","https://eghiseul.ro/servicii/extras-de-carte-funciara/brasov/"
"https://eghiseul.ro/servicii/extras-de-carte-funciara/maramures/","text/html; charset=utf-8","200","OK","Indexable","","6b576f8c53e858b325d93acab1a6bdf1","64","https://eghiseul.ro/servicii/extras-de-carte-funciara/maramures/","https://eghiseul.ro/servicii/extras-de-carte-funciara/maramures/"
"https://eghiseul.ro/servicii/extras-de-carte-funciara/giurgiu/","text/html; charset=utf-8","200","OK","Indexable","","9395077ee99d8f2e0420d99d27d1301f","62","https://eghiseul.ro/servicii/extras-de-carte-funciara/giurgiu/","https://eghiseul.ro/servicii/extras-de-carte-funciara/giurgiu/"
"https://eghiseul.ro/servicii/extras-de-carte-funciara/botosani/","text/html; charset=utf-8","200","OK","Indexable","","344048f2a3f77a2f4da85a94f354fbf4","63","https://eghiseul.ro/servicii/extras-de-carte-funciara/botosani/","https://eghiseul.ro/servicii/extras-de-carte-funciara/botosani/"
"https://eghiseul.ro/servicii/extras-de-carte-funciara/iasi/","text/html; charset=utf-8","200","OK","Indexable","","223605d8c2731304265e55e5021f6831","59","https://eghiseul.ro/servicii/extras-de-carte-funciara/iasi/","https://eghiseul.ro/servicii/extras-de-carte-funciara/iasi/"
"https://eghiseul.ro/servicii/extras-de-carte-funciara/sibiu/","text/html; charset=utf-8","200","OK","Indexable","","45944a0818fea973066f1dbd97a77385","60","https://eghiseul.ro/servicii/extras-de-carte-funciara/sibiu/","https://eghiseul.ro/servicii/extras-de-carte-funciara/sibiu/"
"https://eghiseul.ro/extras-carte-funciara-gratuit/","text/html; charset=utf-8","200","OK","Indexable","","23dacf582d21c98afdffe19a294419ad","50","https://eghiseul.ro/extras-carte-funciara-gratuit/","https://eghiseul.ro/extras-carte-funciara-gratuit/"
"https://eghiseul.ro/servicii/extras-de-carte-funciara/olt/","text/html; charset=utf-8","200","OK","Indexable","","94fe37db1f5b10f20f3b2392c0047deb","58","https://eghiseul.ro/servicii/extras-de-carte-funciara/olt/","https://eghiseul.ro/servicii/extras-de-carte-funciara/olt/"
"https://eghiseul.ro/ce-este-planul-cadastral/","text/html; charset=utf-8","200","OK","Indexable","","6d18d15434532e0e338a43609ebfd696","45","https://eghiseul.ro/ce-este-planul-cadastral/","https://eghiseul.ro/ce-este-planul-cadastral/"
"https://eghiseul.ro/servicii/extras-de-carte-funciara/neamt/","text/html; charset=utf-8","200","OK","Indexable","","bc575e70bc0d97b7a797bd5055c4136d","60","https://eghiseul.ro/servicii/extras-de-carte-funciara/neamt/","https://eghiseul.ro/servicii/extras-de-carte-funciara/neamt/"
"https://eghiseul.ro/servicii/extras-de-carte-funciara/ialomita/","text/html; charset=utf-8","200","OK","Indexable","","c5040daf0727a5a631bde2968a25ff50","63","https://eghiseul.ro/servicii/extras-de-carte-funciara/ialomita/","https://eghiseul.ro/servicii/extras-de-carte-funciara/ialomita/"
"https://eghiseul.ro/servicii/extras-de-carte-funciara/cluj/","text/html; charset=utf-8","200","OK","Indexable","","38718d8defc7d983ed14e0687485ec0e","59","https://eghiseul.ro/servicii/extras-de-carte-funciara/cluj/","https://eghiseul.ro/servicii/extras-de-carte-funciara/cluj/"
"https://eghiseul.ro/servicii/extras-de-carte-funciara/alba/","text/html; charset=utf-8","200","OK","Indexable","","fb6194e0bbe2c6fcd085671d183f8836","59","https://eghiseul.ro/servicii/extras-de-carte-funciara/alba/","https://eghiseul.ro/servicii/extras-de-carte-funciara/alba/"
"https://eghiseul.ro/servicii/extras-de-carte-funciara/mehedinti/","text/html; charset=utf-8","200","OK","Indexable","","e69dcc0ca317600cf066c5b0860a9a97","64","https://eghiseul.ro/servicii/extras-de-carte-funciara/mehedinti/","https://eghiseul.ro/servicii/extras-de-carte-funciara/mehedinti/"
"https://eghiseul.ro/servicii/extras-de-carte-funciara/galati/","text/html; charset=utf-8","200","OK","Indexable","","c08b10778bb4eda6d5bd21db8a2865dc","61","https://eghiseul.ro/servicii/extras-de-carte-funciara/galati/","https://eghiseul.ro/servicii/extras-de-carte-funciara/galati/"
"https://eghiseul.ro/servicii/extras-de-carte-funciara/timis/","text/html; charset=utf-8","200","OK","Indexable","","128b0aae450e6195ea4af2349a1e098","60","https://eghiseul.ro/servicii/extras-de-carte-funciara/timis/","https://eghiseul.ro/servicii/extras-de-carte-funciara/timis/"
"https://eghiseul.ro/servicii/extras-de-carte-funciara/caras-severin/","text/html; charset=utf-8","200","OK","Indexable","","6f12ef22e2a31fdb168234a216b88d2b","68","https://eghiseul.ro/servicii/extras-de-carte-funciara/caras-severin/","https://eghiseul.ro/servicii/extras-de-carte-funciara/caras-severin/"
"https://eghiseul.ro/servicii/extras-de-carte-funciara/bacau/","text/html; charset=utf-8","200","OK","Indexable","","dcbdc4d9dc51bd5327a52615170032e2","60","https://eghiseul.ro/servicii/extras-de-carte-funciara/bacau/","https://eghiseul.ro/servicii/extras-de-carte-funciara/bacau/"
"https://eghiseul.ro/servicii/extras-de-carte-funciara/covasna/","text/html; charset=utf-8","200","OK","Indexable","","6dcf92bb8c2596b56561e0dbd2f8b6a6","62","https://eghiseul.ro/servicii/extras-de-carte-funciara/covasna/","https://eghiseul.ro/servicii/extras-de-carte-funciara/covasna/"
"https://eghiseul.ro/_next/static/chunks/08635c9660ad96b8.js?dpl=dpl_67tH8DnrrsjBhYi55ERePfEYAbMi","application/javascript; charset=utf-8","200","OK","Indexable","","","96","","https://eghiseul.ro/_next/static/chunks/08635c9660ad96b8.js?dpl=dpl_67tH8DnrrsjBhYi55ERePfEYAbMi"
"https://eghiseul.ro/_next/image/?url=%2Fimages%2Fextras-cf-specimen.webp&w=3840&q=75","image/webp","200","OK","Indexable","","","84","","https://eghiseul.ro/_next/image/?url=%2Fimages%2Fextras-cf-specimen.webp&w=3840&q=75"
"https://eghiseul.ro/servicii/extras-de-carte-funciara/buzau/","text/html; charset=utf-8","200","OK","Indexable","","2f4e5272ce382d0e27fa50c922b5d84e","60","https://eghiseul.ro/servicii/extras-de-carte-funciara/buzau/","https://eghiseul.ro/servicii/extras-de-carte-funciara/buzau/"
"https://eghiseul.ro/servicii/extras-de-carte-funciara/dolj/","text/html; charset=utf-8","200","OK","Indexable","","cfd54409ca62043a1885e6ff3c30ff5a","59","https://eghiseul.ro/servicii/extras-de-carte-funciara/dolj/","https://eghiseul.ro/servicii/extras-de-carte-funciara/dolj/"
"https://eghiseul.ro/valabilitate-extras-de-carte-funciara/","text/html; charset=utf-8","200","OK","Indexable","","ebe40b7b76225ddf27c9275946085886","58","https://eghiseul.ro/valabilitate-extras-de-carte-funciara/","https://eghiseul.ro/valabilitate-extras-de-carte-funciara/"
"https://eghiseul.ro/servicii/extras-de-carte-funciara/ilfov/","text/html; charset=utf-8","200","OK","Indexable","","68b9f28242b548d1ae0cafa6b48647a6","60","https://eghiseul.ro/servicii/extras-de-carte-funciara/ilfov/","https://eghiseul.ro/servicii/extras-de-carte-funciara/ilfov/"
"https://eghiseul.ro/servicii/extras-de-carte-funciara/tulcea/","text/html; charset=utf-8","200","OK","Indexable","","2c11ace58856a48d7ea772a2cf821d5d","61","https://eghiseul.ro/servicii/extras-de-carte-funciara/tulcea/","https://eghiseul.ro/servicii/extras-de-carte-funciara/tulcea/"
"https://eghiseul.ro/servicii/extras-de-carte-funciara/satu-mare/","text/html; charset=utf-8","200","OK","Indexable","","b7145e774da37f2e4de2b22dd1e1be2","64","https://eghiseul.ro/servicii/extras-de-carte-funciara/satu-mare/","https://eghiseul.ro/servicii/extras-de-carte-funciara/satu-mare/"
"https://eghiseul.ro/servicii/extras-de-carte-funciara/teleorman/","text/html; charset=utf-8","200","OK","Indexable","","94e8ab132db2fb6dd50273c02f87660","64","https://eghiseul.ro/servicii/extras-de-carte-funciara/teleorman/","https://eghiseul.ro/servicii/extras-de-carte-funciara/teleorman/"
"https://eghiseul.ro/servicii/extras-de-carte-funciara/vrancea/","text/html; charset=utf-8","200","OK","Indexable","","13c0ef235a294aae34a06845740be3da","62","https://eghiseul.ro/servicii/extras-de-carte-funciara/vrancea/","https://eghiseul.ro/servicii/extras-de-carte-funciara/vrancea/"
"https://eghiseul.ro/servicii/extras-de-carte-funciara/bistrita-nasaud/","text/html; charset=utf-8","200","OK","Indexable","","ac906d7a1d35107a2d780711de4b9651","70","https://eghiseul.ro/servicii/extras-de-carte-funciara/bistrita-nasaud/","https://eghiseul.ro/servicii/extras-de-carte-funciara/bistrita-nasaud/"
"https://eghiseul.ro/servicii/extras-de-carte-funciara/arges/","text/html; charset=utf-8","200","OK","Indexable","","d230e8f3f5d53c095dccec2daf82f94c","60","https://eghiseul.ro/servicii/extras-de-carte-funciara/arges/","https://eghiseul.ro/servicii/extras-de-carte-funciara/arges/"
"https://eghiseul.ro/servicii/extras-de-carte-funciara/mures/","text/html; charset=utf-8","200","OK","Indexable","","1c80f24f598219632a445e42df5c4180","60","https://eghiseul.ro/servicii/extras-de-carte-funciara/mures/","https://eghiseul.ro/servicii/extras-de-carte-funciara/mures/"
"https://eghiseul.ro/servicii/extras-de-carte-funciara/bihor/","text/html; charset=utf-8","200","OK","Indexable","","91822e08cb98f6325a23f3e832f9531d","60","https://eghiseul.ro/servicii/extras-de-carte-funciara/bihor/","https://eghiseul.ro/servicii/extras-de-carte-funciara/bihor/"
"https://eghiseul.ro/servicii/extras-de-carte-funciara/suceava/","text/html; charset=utf-8","200","OK","Indexable","","afa656868fb4c0ee90ee81ec565907ae","62","https://eghiseul.ro/servicii/extras-de-carte-funciara/suceava/","https://eghiseul.ro/servicii/extras-de-carte-funciara/suceava/"
"https://eghiseul.ro/servicii/extras-de-carte-funciara/braila/","text/html; charset=utf-8","200","OK","Indexable","","eebfc179b0b0d050abf5c8e594882d16","61","https://eghiseul.ro/servicii/extras-de-carte-funciara/braila/","https://eghiseul.ro/servicii/extras-de-carte-funciara/braila/"
"https://eghiseul.ro/servicii/extras-de-carte-funciara/prahova/","text/html; charset=utf-8","200","OK","Indexable","","a6b820c9f13a15e5bc412b90994263dc","62","https://eghiseul.ro/servicii/extras-de-carte-funciara/prahova/","https://eghiseul.ro/servicii/extras-de-carte-funciara/prahova/"
"https://eghiseul.ro/tabel-varsta-pensionare-anticipata-femei/","text/html; charset=utf-8","200","OK","Indexable","","5a5c6d43f0d2b5f7a613de84a0be89ff","61","https://eghiseul.ro/tabel-varsta-pensionare-anticipata-femei/","https://eghiseul.ro/tabel-varsta-pensionare-anticipata-femei/"
"https://eghiseul.ro/cum-aflam-numarul-carte-functionara-si-nr-cadastral/","text/html; charset=utf-8","200","OK","Indexable","","fad2748ffd21d1614ac94437be5c7838","72","https://eghiseul.ro/cum-aflam-numarul-carte-functionara-si-nr-cadastral/","https://eghiseul.ro/cum-aflam-numarul-carte-functionara-si-nr-cadastral/"
"https://eghiseul.ro/servicii/extras-de-carte-funciara/calarasi/","text/html; charset=utf-8","200","OK","Indexable","","b7b9f4cccee55f8d64be6de2843b3dd3","63","https://eghiseul.ro/servicii/extras-de-carte-funciara/calarasi/","https://eghiseul.ro/servicii/extras-de-carte-funciara/calarasi/"
"https://eghiseul.ro/certificat-constatator-pentru-fonduri-europene/","text/html; charset=utf-8","200","OK","Indexable","","52e3f82d45c901aeb33f774d103ad367","67","https://eghiseul.ro/certificat-constatator-pentru-fonduri-europene/","https://eghiseul.ro/certificat-constatator-pentru-fonduri-europene/"
"https://eghiseul.ro/cazier-fiscal-fara-spv/","text/html; charset=utf-8","200","OK","Indexable","","7160a2bc378972b2efd5f16af1aea660","43","https://eghiseul.ro/cazier-fiscal-fara-spv/","https://eghiseul.ro/cazier-fiscal-fara-spv/"
"https://eghiseul.ro/_next/image/?url=%2Fimages%2Farticole%2Fcat-poti-construi-pe-teren.webp&w=3840&q=75","image/webp","200","OK","Indexable","","","103","","https://eghiseul.ro/_next/image/?url=%2Fimages%2Farticole%2Fcat-poti-construi-pe-teren.webp&w=3840&q=75"
"https://eghiseul.ro/_next/image/?url=%2Fimages%2Farticole%2Fanii-lucrati-in-strainatate-se-pun-la-pensie-in-romania.webp&w=3840&q=75","image/webp","200","OK","Indexable","","","132","","https://eghiseul.ro/_next/image/?url=%2Fimages%2Farticole%2Fanii-lucrati-in-strainatate-se-pun-la-pensie-in-romania.webp&w=3840&q=75"
"https://eghiseul.ro/sms-fals-amenda-ghiseul-ro/","text/html; charset=utf-8","200","OK","Indexable","","c1c545aadac3f1f82b8e82d145a04f09","47","https://eghiseul.ro/sms-fals-amenda-ghiseul-ro/","https://eghiseul.ro/sms-fals-amenda-ghiseul-ro/"
"https://eghiseul.ro/certificat-constatator-pentru-notar/","text/html; charset=utf-8","200","OK","Indexable","","480ab52ab2aedb191d57a2e4a3505851","56","https://eghiseul.ro/certificat-constatator-pentru-notar/","https://eghiseul.ro/certificat-constatator-pentru-notar/"
"https://eghiseul.ro/cazier-si-certificat-de-integritate-pentru-profesori/","text/html; charset=utf-8","200","OK","Indexable","","8876f484d3037c35d4349b2fd88bdebe","73","https://eghiseul.ro/cazier-si-certificat-de-integritate-pentru-profesori/","https://eghiseul.ro/cazier-si-certificat-de-integritate-pentru-profesori/"
"https://eghiseul.ro/_next/image/?url=%2Fimages%2Farticole%2Fghid-complet-certificat-de-integritate-comportamentala.webp&w=3840&q=75","image/webp","200","OK","Indexable","","","131","","https://eghiseul.ro/_next/image/?url=%2Fimages%2Farticole%2Fghid-complet-certificat-de-integritate-comportamentala.webp&w=3840&q=75"
"https://eghiseul.ro/certificat-constatator-pentru-banca/","text/html; charset=utf-8","200","OK","Indexable","","d0359870c33551d45164885d827f83e2","56","https://eghiseul.ro/certificat-constatator-pentru-banca/","https://eghiseul.ro/certificat-constatator-pentru-banca/"
"https://eghiseul.ro/_next/image/?url=%2Fimages%2Farticole%2Fcazier-si-certificat-de-integritate-pentru-profesori.webp&w=3840&q=75","image/webp","200","OK","Indexable","","","129","","https://eghiseul.ro/_next/image/?url=%2Fimages%2Farticole%2Fcazier-si-certificat-de-integritate-pentru-profesori.webp&w=3840&q=75"
"https://eghiseul.ro/cazier-judiciar-vs-certificat-integritate-comportamentala/","text/html; charset=utf-8","200","OK","Indexable","","91a97ddd4ba2b32b63f79438deabf65e","78","https://eghiseul.ro/cazier-judiciar-vs-certificat-integritate-comportamentala/","https://eghiseul.ro/cazier-judiciar-vs-certificat-integritate-comportamentala/"
"https://eghiseul.ro/verificare-cazier-fiscal/","text/html; charset=utf-8","200","OK","Indexable","","4b7d16ad09f53f3a7c8c28a7c6166e71","45","https://eghiseul.ro/verificare-cazier-fiscal/","https://eghiseul.ro/verificare-cazier-fiscal/"
"https://eghiseul.ro/ancpi-nu-functioneaza/","text/html; charset=utf-8","200","OK","Indexable","","2ab12ddb10424cf0d79e2e11532e5945","42","https://eghiseul.ro/ancpi-nu-functioneaza/","https://eghiseul.ro/ancpi-nu-functioneaza/"
"https://eghiseul.ro/cazier-fiscal-firma/","text/html; charset=utf-8","200","OK","Indexable","","29e72f5430c1f1a36f32c269106f984a","40","https://eghiseul.ro/cazier-fiscal-firma/","https://eghiseul.ro/cazier-fiscal-firma/"
"https://eghiseul.ro/_next/image/?url=%2Fimages%2Farticole%2Ftotul-despre-cartea-funciara-colectiva.webp&w=3840&q=75","image/webp","200","OK","Indexable","","","115","","https://eghiseul.ro/_next/image/?url=%2Fimages%2Farticole%2Ftotul-despre-cartea-funciara-colectiva.webp&w=3840&q=75"
"https://eghiseul.ro/tva-9-locuinte-31-iulie-2026/","text/html; charset=utf-8","200","OK","Indexable","","9d7080c6a4fd1dd557f55e452fe8bd08","49","https://eghiseul.ro/tva-9-locuinte-31-iulie-2026/","https://eghiseul.ro/tva-9-locuinte-31-iulie-2026/"
"https://eghiseul.ro/_next/image/?url=%2Fimages%2Farticole%2Fextras-carte-funciara-gratuit.webp&w=3840&q=75","image/webp","200","OK","Indexable","","","106","","https://eghiseul.ro/_next/image/?url=%2Fimages%2Farticole%2Fextras-carte-funciara-gratuit.webp&w=3840&q=75"
"https://eghiseul.ro/_next/image/?url=%2Fog%2Fservices%2Fcertificat-nastere.png&w=3840&q=75","image/png","200","OK","Indexable","","","90","","https://eghiseul.ro/_next/image/?url=%2Fog%2Fservices%2Fcertificat-nastere.png&w=3840&q=75"
"https://eghiseul.ro/_next/image/?url=%2Fimages%2Farticole%2Fcazier-fiscal-persoana-fizica.webp&w=3840&q=75","image/webp","200","OK","Indexable","","","106","","https://eghiseul.ro/_next/image/?url=%2Fimages%2Farticole%2Fcazier-fiscal-persoana-fizica.webp&w=3840&q=75"
"https://eghiseul.ro/certificat-de-nastere-pentru-buletin-pasaport/","text/html; charset=utf-8","200","OK","Indexable","","d06046c2b271ea60480afd72cc72b74f","66","https://eghiseul.ro/certificat-de-nastere-pentru-buletin-pasaport/","https://eghiseul.ro/certificat-de-nastere-pentru-buletin-pasaport/"
"https://eghiseul.ro/acte-necesare-casatorie/","text/html; charset=utf-8","200","OK","Indexable","","208f4a6cc9764e38925e429e3c2cb127","44","https://eghiseul.ro/acte-necesare-casatorie/","https://eghiseul.ro/acte-necesare-casatorie/"
"https://eghiseul.ro/certificat-constatator-pentru-licitatie/","text/html; charset=utf-8","200","OK","Indexable","","6f11d236b1bbd9901cfe320d47e7bdac","60","https://eghiseul.ro/certificat-constatator-pentru-licitatie/","https://eghiseul.ro/certificat-constatator-pentru-licitatie/"
"https://eghiseul.ro/_next/image/?url=%2Fimages%2Farticole%2Finformatii-cazier-auto-online.webp&w=3840&q=75","image/webp","200","OK","Indexable","","","106","","https://eghiseul.ro/_next/image/?url=%2Fimages%2Farticole%2Finformatii-cazier-auto-online.webp&w=3840&q=75"
"https://eghiseul.ro/_next/image/?url=%2Fimages%2Farticole%2Fcertificat-de-nastere-pentru-buletin-pasaport.webp&w=3840&q=75","image/webp","200","OK","Indexable","","","122","","https://eghiseul.ro/_next/image/?url=%2Fimages%2Farticole%2Fcertificat-de-nastere-pentru-buletin-pasaport.webp&w=3840&q=75"
"https://eghiseul.ro/amenda-rovinieta-2025-tarife-plata-online-ghid-complet/","text/html; charset=utf-8","200","OK","Indexable","","a923fa68d7f4d3d0f6a3949ad1a892fd","75","https://eghiseul.ro/amenda-rovinieta-2025-tarife-plata-online-ghid-complet/","https://eghiseul.ro/amenda-rovinieta-2025-tarife-plata-online-ghid-complet/"
"https://eghiseul.ro/_next/image/?url=%2Fog%2Fservices%2Fcertificat-casatorie.png&w=3840&q=75","image/png","200","OK","Indexable","","","92","","https://eghiseul.ro/_next/image/?url=%2Fog%2Fservices%2Fcertificat-casatorie.png&w=3840&q=75"
"https://eghiseul.ro/_next/image/?url=%2Fimages%2Farticole%2Ftaxa-cazier-judiciar.webp&w=3840&q=75","image/webp","200","OK","Indexable","","","97","","https://eghiseul.ro/_next/image/?url=%2Fimages%2Farticole%2Ftaxa-cazier-judiciar.webp&w=3840&q=75"
"https://eghiseul.ro/_next/image/?url=%2Fimages%2Farticole%2Frolul-si-atributiile-onrc-romania.webp&w=3840&q=75","image/webp","200","OK","Indexable","","","110","","https://eghiseul.ro/_next/image/?url=%2Fimages%2Farticole%2Frolul-si-atributiile-onrc-romania.webp&w=3840&q=75"
"https://eghiseul.ro/_next/image/?url=%2Fimages%2Farticole%2Fcum-aflam-numarul-carte-functionara-si-nr-cadastral.webp&w=3840&q=75","image/webp","200","OK","Indexable","","","128","","https://eghiseul.ro/_next/image/?url=%2Fimages%2Farticole%2Fcum-aflam-numarul-carte-functionara-si-nr-cadastral.webp&w=3840&q=75"
"https://eghiseul.ro/cazier-judiciar-online-gratuit/","text/html; charset=utf-8","200","OK","Indexable","","7b33b5463df210993a41d48ad79fff0f","51","https://eghiseul.ro/cazier-judiciar-online-gratuit/","https://eghiseul.ro/cazier-judiciar-online-gratuit/"
"https://eghiseul.ro/_next/image/?url=%2Fimages%2Farticole%2Fverificare-cazier-fiscal.webp&w=3840&q=75","image/webp","200","OK","Indexable","","","101","","https://eghiseul.ro/_next/image/?url=%2Fimages%2Farticole%2Fverificare-cazier-fiscal.webp&w=3840&q=75"
"https://eghiseul.ro/anii-lucrati-in-strainatate-se-pun-la-pensie-in-romania/","text/html; charset=utf-8","200","OK","Indexable","","b82c0e81d611eb7b60c8ddb129528684","76","https://eghiseul.ro/anii-lucrati-in-strainatate-se-pun-la-pensie-in-romania/","https://eghiseul.ro/anii-lucrati-in-strainatate-se-pun-la-pensie-in-romania/"
"https://eghiseul.ro/_next/image/?url=%2Fimages%2Farticole%2Fradiere-firma-srl-ghid.webp&w=3840&q=75","image/webp","200","OK","Indexable","","","99","","https://eghiseul.ro/_next/image/?url=%2Fimages%2Farticole%2Fradiere-firma-srl-ghid.webp&w=3840&q=75"
"https://eghiseul.ro/_next/image/?url=%2Fimages%2Farticole%2Fcertificat-constatator-cu-istoric.webp&w=3840&q=75","image/webp","200","OK","Indexable","","","110","","https://eghiseul.ro/_next/image/?url=%2Fimages%2Farticole%2Fcertificat-constatator-cu-istoric.webp&w=3840&q=75"
"https://eghiseul.ro/_next/image/?url=%2Fimages%2Farticole%2Fcat-costa-cadastrul-si-intabularea.webp&w=3840&q=75","image/webp","200","OK","Indexable","","","111","","https://eghiseul.ro/_next/image/?url=%2Fimages%2Farticole%2Fcat-costa-cadastrul-si-intabularea.webp&w=3840&q=75"
"https://eghiseul.ro/_next/image/?url=%2Fimages%2Farticole%2Fextras-de-carte-funciara-pentru-casa-verde.webp&w=3840&q=75","image/jpeg","200","OK","Indexable","","","119","","https://eghiseul.ro/_next/image/?url=%2Fimages%2Farticole%2Fextras-de-carte-funciara-pentru-casa-verde.webp&w=3840&q=75"
"https://eghiseul.ro/_next/image/?url=%2Fog%2Fservices%2Fcertificat-celibat.png&w=3840&q=75","image/png","200","OK","Indexable","","","90","","https://eghiseul.ro/_next/image/?url=%2Fog%2Fservices%2Fcertificat-celibat.png&w=3840&q=75"
"https://eghiseul.ro/extras-de-carte-funciara-pentru-casa-verde/","text/html; charset=utf-8","200","OK","Indexable","","d855f8f14aa5803dd3644464147e1809","63","https://eghiseul.ro/extras-de-carte-funciara-pentru-casa-verde/","https://eghiseul.ro/extras-de-carte-funciara-pentru-casa-verde/"
"https://eghiseul.ro/_next/image/?url=%2Fimages%2Farticole%2Fcele-4-tipuri-de-certificat-constatator-online.webp&w=3840&q=75","image/webp","200","OK","Indexable","","","123","","https://eghiseul.ro/_next/image/?url=%2Fimages%2Farticole%2Fcele-4-tipuri-de-certificat-constatator-online.webp&w=3840&q=75"
"https://eghiseul.ro/_next/image/?url=%2Fimages%2Farticole%2Ftva-9-locuinte-31-iulie-2026.webp&w=3840&q=75","image/webp","200","OK","Indexable","","","105","","https://eghiseul.ro/_next/image/?url=%2Fimages%2Farticole%2Ftva-9-locuinte-31-iulie-2026.webp&w=3840&q=75"
"https://eghiseul.ro/certificat-de-celibat/","text/html; charset=utf-8","200","OK","Indexable","","701e0fc4c3c360c26176dc10e0251915","42","https://eghiseul.ro/certificat-de-celibat/","https://eghiseul.ro/certificat-de-celibat/"
"https://eghiseul.ro/_next/image/?url=%2Fimages%2Farticole%2Ftabel-varsta-pensionare-anticipata-femei.webp&w=3840&q=75","image/webp","200","OK","Indexable","","","117","","https://eghiseul.ro/_next/image/?url=%2Fimages%2Farticole%2Ftabel-varsta-pensionare-anticipata-femei.webp&w=3840&q=75"
"https://eghiseul.ro/_next/static/chunks/90929e63aedc259f.js?dpl=dpl_67tH8DnrrsjBhYi55ERePfEYAbMi","application/javascript; charset=utf-8","200","OK","Indexable","","","96","","https://eghiseul.ro/_next/static/chunks/90929e63aedc259f.js?dpl=dpl_67tH8DnrrsjBhYi55ERePfEYAbMi"
"https://eghiseul.ro/cat-costa-cadastrul-si-intabularea/","text/html; charset=utf-8","200","OK","Indexable","","65b72b31fe4fd16f255c1cbd7a01a20e","55","https://eghiseul.ro/cat-costa-cadastrul-si-intabularea/","https://eghiseul.ro/cat-costa-cadastrul-si-intabularea/"
"https://eghiseul.ro/_next/static/chunks/9308008818ac942d.js?dpl=dpl_67tH8DnrrsjBhYi55ERePfEYAbMi","application/javascript; charset=utf-8","200","OK","Indexable","","","96","","https://eghiseul.ro/_next/static/chunks/9308008818ac942d.js?dpl=dpl_67tH8DnrrsjBhYi55ERePfEYAbMi"
"https://eghiseul.ro/_next/image/?url=%2Fimages%2Farticole%2Fverificare-proprietar-imobil.webp&w=3840&q=75","image/webp","200","OK","Indexable","","","105","","https://eghiseul.ro/_next/image/?url=%2Fimages%2Farticole%2Fverificare-proprietar-imobil.webp&w=3840&q=75"
"https://eghiseul.ro/_next/static/chunks/c8a9242780212853.js?dpl=dpl_67tH8DnrrsjBhYi55ERePfEYAbMi","application/javascript; charset=utf-8","200","OK","Indexable","","","96","","https://eghiseul.ro/_next/static/chunks/c8a9242780212853.js?dpl=dpl_67tH8DnrrsjBhYi55ERePfEYAbMi"
"https://eghiseul.ro/_next/image/?url=%2Fog%2Fservices%2Fcertificat-constatator.png&w=3840&q=75","image/png","200","OK","Indexable","","","94","","https://eghiseul.ro/_next/image/?url=%2Fog%2Fservices%2Fcertificat-constatator.png&w=3840&q=75"
"https://eghiseul.ro/informatii-cazier-auto-online/","text/html; charset=utf-8","200","OK","Indexable","","e5bb9814e622ae4e3061234c54d083eb","50","https://eghiseul.ro/informatii-cazier-auto-online/","https://eghiseul.ro/informatii-cazier-auto-online/"
"https://eghiseul.ro/_next/static/chunks/a499c6769e699d68.js?dpl=dpl_67tH8DnrrsjBhYi55ERePfEYAbMi","application/javascript; charset=utf-8","200","OK","Indexable","","","96","","https://eghiseul.ro/_next/static/chunks/a499c6769e699d68.js?dpl=dpl_67tH8DnrrsjBhYi55ERePfEYAbMi"
"https://eghiseul.ro/transcriere-certificat-de-nastere/","text/html; charset=utf-8","200","OK","Indexable","","919f1ecbc5c97ab3444332e366616b27","54","https://eghiseul.ro/transcriere-certificat-de-nastere/","https://eghiseul.ro/transcriere-certificat-de-nastere/"
"https://eghiseul.ro/duplicat-certificat-de-nastere/","text/html; charset=utf-8","200","OK","Indexable","","535f96206d6b624a9445ddc4ca92abcc","51","https://eghiseul.ro/duplicat-certificat-de-nastere/","https://eghiseul.ro/duplicat-certificat-de-nastere/"
"https://eghiseul.ro/certificat-de-nastere-pierdut/","text/html; charset=utf-8","200","OK","Indexable","","25f645566346220ffb9b52e84464c894","50","https://eghiseul.ro/certificat-de-nastere-pierdut/","https://eghiseul.ro/certificat-de-nastere-pierdut/"
"https://eghiseul.ro/tools/","text/html; charset=utf-8","200","OK","Indexable","","1885c7ec55d9f3ddcf152209bdd8a8b9","26","https://eghiseul.ro/tools/","https://eghiseul.ro/tools/"
"https://eghiseul.ro/_next/static/chunks/d747167f87c47725.js?dpl=dpl_67tH8DnrrsjBhYi55ERePfEYAbMi","application/javascript; charset=utf-8","200","OK","Indexable","","","96","","https://eghiseul.ro/_next/static/chunks/d747167f87c47725.js?dpl=dpl_67tH8DnrrsjBhYi55ERePfEYAbMi"
"https://eghiseul.ro/schimbare-certificat-de-nastere-vechi/","text/html; charset=utf-8","200","OK","Indexable","","566948e8e4ec8878f4ea03d43527501c","58","https://eghiseul.ro/schimbare-certificat-de-nastere-vechi/","https://eghiseul.ro/schimbare-certificat-de-nastere-vechi/"
"https://eghiseul.ro/_next/static/chunks/6c2a9ee50aba3d63.js?dpl=dpl_67tH8DnrrsjBhYi55ERePfEYAbMi","application/javascript; charset=utf-8","200","OK","Indexable","","","96","","https://eghiseul.ro/_next/static/chunks/6c2a9ee50aba3d63.js?dpl=dpl_67tH8DnrrsjBhYi55ERePfEYAbMi"
"https://eghiseul.ro/_next/static/chunks/c71dd8dc3cb8165d.js?dpl=dpl_67tH8DnrrsjBhYi55ERePfEYAbMi","application/javascript; charset=utf-8","200","OK","Indexable","","","96","","https://eghiseul.ro/_next/static/chunks/c71dd8dc3cb8165d.js?dpl=dpl_67tH8DnrrsjBhYi55ERePfEYAbMi"
"https://eghiseul.ro/_next/static/chunks/4ad51ec52db1d25a.js?dpl=dpl_67tH8DnrrsjBhYi55ERePfEYAbMi","application/javascript; charset=utf-8","200","OK","Indexable","","","96","","https://eghiseul.ro/_next/static/chunks/4ad51ec52db1d25a.js?dpl=dpl_67tH8DnrrsjBhYi55ERePfEYAbMi"
"https://eghiseul.ro/taxa-cazier-judiciar/","text/html; charset=utf-8","200","OK","Indexable","","515f20151d937054deec54536f7cfc24","41","https://eghiseul.ro/taxa-cazier-judiciar/","https://eghiseul.ro/taxa-cazier-judiciar/"
"https://eghiseul.ro/acte-necesare-certificat-de-nastere/","text/html; charset=utf-8","200","OK","Indexable","","b2bd241dcd42b066f234bb4c475900ef","56","https://eghiseul.ro/acte-necesare-certificat-de-nastere/","https://eghiseul.ro/acte-necesare-certificat-de-nastere/"
"https://eghiseul.ro/servicii/cazier-judiciar-online/piatra-neamt/","text/html; charset=utf-8","200","OK","Indexable","","f5e8e0a82d86601ac722df76d016e733","65","https://eghiseul.ro/servicii/cazier-judiciar-online/piatra-neamt/","https://eghiseul.ro/servicii/cazier-judiciar-online/piatra-neamt/"
"https://eghiseul.ro/servicii/cazier-judiciar-online/targu-mures/","text/html; charset=utf-8","200","OK","Non-Indexable","noindex","5e4d5fdc22a4716f3d24232d1466b375","64","https://eghiseul.ro/servicii/cazier-judiciar-online/targu-mures/","https://eghiseul.ro/servicii/cazier-judiciar-online/targu-mures/"
"https://eghiseul.ro/servicii/cazier-judiciar-online/resita/","text/html; charset=utf-8","200","OK","Non-Indexable","noindex","a2ef019c128ea4f9efc055cae4c42b70","59","https://eghiseul.ro/servicii/cazier-judiciar-online/resita/","https://eghiseul.ro/servicii/cazier-judiciar-online/resita/"
"https://eghiseul.ro/servicii/cazier-judiciar-online/bucuresti/","text/html; charset=utf-8","200","OK","Non-Indexable","noindex","2deca81c0806b8365f06d87ef5a7abd","62","https://eghiseul.ro/servicii/cazier-judiciar-online/bucuresti/","https://eghiseul.ro/servicii/cazier-judiciar-online/bucuresti/"
"https://eghiseul.ro/servicii/cazier-judiciar-online/slatina/","text/html; charset=utf-8","200","OK","Non-Indexable","noindex","494e8a3666feea6e70eb8f75fbb9f05b","60","https://eghiseul.ro/servicii/cazier-judiciar-online/slatina/","https://eghiseul.ro/servicii/cazier-judiciar-online/slatina/"
"https://eghiseul.ro/servicii/cazier-judiciar-online/tulcea/","text/html; charset=utf-8","200","OK","Non-Indexable","noindex","4045eb970ce57cc88be54cfe26fa6e5e","59","https://eghiseul.ro/servicii/cazier-judiciar-online/tulcea/","https://eghiseul.ro/servicii/cazier-judiciar-online/tulcea/"
"https://eghiseul.ro/servicii/cazier-judiciar-online/satu-mare/","text/html; charset=utf-8","200","OK","Indexable","","418064f72b854c87e08b70e314a9a1b1","62","https://eghiseul.ro/servicii/cazier-judiciar-online/satu-mare/","https://eghiseul.ro/servicii/cazier-judiciar-online/satu-mare/"
"https://eghiseul.ro/servicii/cazier-judiciar-online/buzau/","text/html; charset=utf-8","200","OK","Non-Indexable","noindex","ba5ccff26de49be1dc808e85f8b263b","58","https://eghiseul.ro/servicii/cazier-judiciar-online/buzau/","https://eghiseul.ro/servicii/cazier-judiciar-online/buzau/"
"https://eghiseul.ro/servicii/cazier-judiciar-online/suceava/","text/html; charset=utf-8","200","OK","Non-Indexable","noindex","f6ca05b13467e72155ad126d77812235","60","https://eghiseul.ro/servicii/cazier-judiciar-online/suceava/","https://eghiseul.ro/servicii/cazier-judiciar-online/suceava/"
"https://eghiseul.ro/servicii/cazier-judiciar-online/turda/","text/html; charset=utf-8","200","OK","Non-Indexable","noindex","cdc52630b339631c56b8675e96b3035b","58","https://eghiseul.ro/servicii/cazier-judiciar-online/turda/","https://eghiseul.ro/servicii/cazier-judiciar-online/turda/"
"https://eghiseul.ro/servicii/cazier-judiciar-online/timisoara/","text/html; charset=utf-8","200","OK","Indexable","","9b5cec3fb3d3c29388eec30ada45cb7f","62","https://eghiseul.ro/servicii/cazier-judiciar-online/timisoara/","https://eghiseul.ro/servicii/cazier-judiciar-online/timisoara/"
"https://eghiseul.ro/servicii/cazier-judiciar-online/bistrita/","text/html; charset=utf-8","200","OK","Non-Indexable","noindex","f8cc2071e61e4d6b55ebe3aaa3b76423","61","https://eghiseul.ro/servicii/cazier-judiciar-online/bistrita/","https://eghiseul.ro/servicii/cazier-judiciar-online/bistrita/"
"https://eghiseul.ro/servicii/cazier-judiciar-online/cluj-napoca/","text/html; charset=utf-8","200","OK","Indexable","","76b57f87cacd563d463f87428d48738f","64","https://eghiseul.ro/servicii/cazier-judiciar-online/cluj-napoca/","https://eghiseul.ro/servicii/cazier-judiciar-online/cluj-napoca/"
"https://eghiseul.ro/servicii/cazier-judiciar-online/alexandria/","text/html; charset=utf-8","200","OK","Non-Indexable","noindex","e33b1c5300436fcd2b943daef6e7fd5e","63","https://eghiseul.ro/servicii/cazier-judiciar-online/alexandria/","https://eghiseul.ro/servicii/cazier-judiciar-online/alexandria/"
"https://eghiseul.ro/servicii/cazier-judiciar-online/sibiu/","text/html; charset=utf-8","200","OK","Non-Indexable","noindex","86ae275a49442bd723eca394d4ae6c9f","58","https://eghiseul.ro/servicii/cazier-judiciar-online/sibiu/","https://eghiseul.ro/servicii/cazier-judiciar-online/sibiu/"
"https://eghiseul.ro/servicii/cazier-judiciar-online/ramnicu-valcea/","text/html; charset=utf-8","200","OK","Indexable","","42cffb2da83a724892084c6cd3976903","67","https://eghiseul.ro/servicii/cazier-judiciar-online/ramnicu-valcea/","https://eghiseul.ro/servicii/cazier-judiciar-online/ramnicu-valcea/"
"https://eghiseul.ro/servicii/cazier-judiciar-online/braila/","text/html; charset=utf-8","200","OK","Non-Indexable","noindex","17fb91d6e692b530ac2713722b6d745f","59","https://eghiseul.ro/servicii/cazier-judiciar-online/braila/","https://eghiseul.ro/servicii/cazier-judiciar-online/braila/"
"https://eghiseul.ro/servicii/cazier-judiciar-online/onesti/","text/html; charset=utf-8","200","OK","Non-Indexable","noindex","993116ad0bea95b66bf1e6f313b714d1","59","https://eghiseul.ro/servicii/cazier-judiciar-online/onesti/","https://eghiseul.ro/servicii/cazier-judiciar-online/onesti/"
"https://eghiseul.ro/servicii/cazier-judiciar-online/oradea/","text/html; charset=utf-8","200","OK","Non-Indexable","noindex","dcac511221746bcfe7a99eb65c7a9702","59","https://eghiseul.ro/servicii/cazier-judiciar-online/oradea/","https://eghiseul.ro/servicii/cazier-judiciar-online/oradea/"
"https://eghiseul.ro/servicii/cazier-judiciar-online/miercurea-ciuc/","text/html; charset=utf-8","200","OK","Non-Indexable","noindex","e2b0a847b971d419815265960aae78ea","67","https://eghiseul.ro/servicii/cazier-judiciar-online/miercurea-ciuc/","https://eghiseul.ro/servicii/cazier-judiciar-online/miercurea-ciuc/"
"https://eghiseul.ro/servicii/cazier-judiciar-online/targu-jiu/","text/html; charset=utf-8","200","OK","Non-Indexable","noindex","5f8972a0700aa14129eb8de0ae7f49fe","62","https://eghiseul.ro/servicii/cazier-judiciar-online/targu-jiu/","https://eghiseul.ro/servicii/cazier-judiciar-online/targu-jiu/"
"https://eghiseul.ro/servicii/cazier-judiciar-online/alba-iulia/","text/html; charset=utf-8","200","OK","Non-Indexable","noindex","870b2cecbaed4bddd848b83120ecd6a6","63","https://eghiseul.ro/servicii/cazier-judiciar-online/alba-iulia/","https://eghiseul.ro/servicii/cazier-judiciar-online/alba-iulia/"
"https://eghiseul.ro/servicii/cazier-judiciar-online/brasov/","text/html; charset=utf-8","200","OK","Non-Indexable","noindex","ea5ae9be0224c5c62cfe1d84ac936ada","59","https://eghiseul.ro/servicii/cazier-judiciar-online/brasov/","https://eghiseul.ro/servicii/cazier-judiciar-online/brasov/"
"https://eghiseul.ro/servicii/cazier-judiciar-online/constanta/","text/html; charset=utf-8","200","OK","Indexable","","9fc39cf582e846b2e59dea58c3ad576c","62","https://eghiseul.ro/servicii/cazier-judiciar-online/constanta/","https://eghiseul.ro/servicii/cazier-judiciar-online/constanta/"
"https://eghiseul.ro/comanda/cazier-judiciar-persoana-juridica/","","0","Blocked by robots.txt","Non-Indexable","Blocked by robots.txt","","62","","https://eghiseul.ro/comanda/cazier-judiciar-persoana-juridica/"
"https://eghiseul.ro/servicii/cazier-judiciar-online/vaslui/","text/html; charset=utf-8","200","OK","Non-Indexable","noindex","a0bec539734c6f8f80b79846da27483f","59","https://eghiseul.ro/servicii/cazier-judiciar-online/vaslui/","https://eghiseul.ro/servicii/cazier-judiciar-online/vaslui/"
"https://eghiseul.ro/servicii/cazier-judiciar-online/giurgiu/","text/html; charset=utf-8","200","OK","Non-Indexable","noindex","d242e4fc63469bf865e0c114526e5ad8","60","https://eghiseul.ro/servicii/cazier-judiciar-online/giurgiu/","https://eghiseul.ro/servicii/cazier-judiciar-online/giurgiu/"
"https://eghiseul.ro/servicii/cazier-judiciar-online/sfantu-gheorghe/","text/html; charset=utf-8","200","OK","Non-Indexable","noindex","7c3a172bde4ca57c16d7d395fea1de7e","68","https://eghiseul.ro/servicii/cazier-judiciar-online/sfantu-gheorghe/","https://eghiseul.ro/servicii/cazier-judiciar-online/sfantu-gheorghe/"
"https://eghiseul.ro/servicii/cazier-judiciar-online/lugoj/","text/html; charset=utf-8","200","OK","Non-Indexable","noindex","33228bbf639b0ef3cc7f7f7c0be1cba6","58","https://eghiseul.ro/servicii/cazier-judiciar-online/lugoj/","https://eghiseul.ro/servicii/cazier-judiciar-online/lugoj/"
"https://eghiseul.ro/_next/image/?url=%2Fimages%2Fcazier-judiciar-specimen.webp&w=3840&q=75","image/jpeg","200","OK","Indexable","","","90","","https://eghiseul.ro/_next/image/?url=%2Fimages%2Fcazier-judiciar-specimen.webp&w=3840&q=75"
"https://eghiseul.ro/servicii/cazier-judiciar-online/pitesti/","text/html; charset=utf-8","200","OK","Non-Indexable","noindex","b09e8fc37b3a81561edee741091bdc2f","60","https://eghiseul.ro/servicii/cazier-judiciar-online/pitesti/","https://eghiseul.ro/servicii/cazier-judiciar-online/pitesti/"
"https://eghiseul.ro/servicii/cazier-judiciar-online/zalau/","text/html; charset=utf-8","200","OK","Non-Indexable","noindex","a045b2f8ac3649acd0df849502bd6600","58","https://eghiseul.ro/servicii/cazier-judiciar-online/zalau/","https://eghiseul.ro/servicii/cazier-judiciar-online/zalau/"
"https://eghiseul.ro/servicii/cazier-judiciar-online/slobozia/","text/html; charset=utf-8","200","OK","Non-Indexable","noindex","3ab085a23faba377014976f57d4548c8","61","https://eghiseul.ro/servicii/cazier-judiciar-online/slobozia/","https://eghiseul.ro/servicii/cazier-judiciar-online/slobozia/"
"https://eghiseul.ro/servicii/cazier-judiciar-online/sebes/","text/html; charset=utf-8","200","OK","Non-Indexable","noindex","3714ec5b69bdbfd7a4b1b2fd5668eff0","58","https://eghiseul.ro/servicii/cazier-judiciar-online/sebes/","https://eghiseul.ro/servicii/cazier-judiciar-online/sebes/"
"https://eghiseul.ro/servicii/cazier-judiciar-online/targoviste/","text/html; charset=utf-8","200","OK","Non-Indexable","noindex","590afdb25c2d8146dce1a7e118f0e6ee","63","https://eghiseul.ro/servicii/cazier-judiciar-online/targoviste/","https://eghiseul.ro/servicii/cazier-judiciar-online/targoviste/"
"https://eghiseul.ro/servicii/cazier-judiciar-online/baia-mare/","text/html; charset=utf-8","200","OK","Non-Indexable","noindex","a8302e33d9d4f986b844031ccdf27807","62","https://eghiseul.ro/servicii/cazier-judiciar-online/baia-mare/","https://eghiseul.ro/servicii/cazier-judiciar-online/baia-mare/"
"https://eghiseul.ro/servicii/cazier-judiciar-online/focsani/","text/html; charset=utf-8","200","OK","Indexable","","bf016afbab51956d679aa31c8c97dfec","60","https://eghiseul.ro/servicii/cazier-judiciar-online/focsani/","https://eghiseul.ro/servicii/cazier-judiciar-online/focsani/"
"https://eghiseul.ro/servicii/cazier-judiciar-online/bacau/","text/html; charset=utf-8","200","OK","Non-Indexable","noindex","65bc692312b5c4aa09445939ebdda41f","58","https://eghiseul.ro/servicii/cazier-judiciar-online/bacau/","https://eghiseul.ro/servicii/cazier-judiciar-online/bacau/"
"https://eghiseul.ro/servicii/cazier-judiciar-online/ploiesti/","text/html; charset=utf-8","200","OK","Non-Indexable","noindex","2df2d51a2c5ac5e666f273bdfb276478","61","https://eghiseul.ro/servicii/cazier-judiciar-online/ploiesti/","https://eghiseul.ro/servicii/cazier-judiciar-online/ploiesti/"
"https://eghiseul.ro/servicii/cazier-judiciar-online/calarasi/","text/html; charset=utf-8","200","OK","Non-Indexable","noindex","e1ce6a9c539a56a728da7bdb2e892a8f","61","https://eghiseul.ro/servicii/cazier-judiciar-online/calarasi/","https://eghiseul.ro/servicii/cazier-judiciar-online/calarasi/"
"https://eghiseul.ro/servicii/cazier-judiciar-online/barlad/","text/html; charset=utf-8","200","OK","Non-Indexable","noindex","f574772047072872ad994c6e6943da48","59","https://eghiseul.ro/servicii/cazier-judiciar-online/barlad/","https://eghiseul.ro/servicii/cazier-judiciar-online/barlad/"
"https://eghiseul.ro/servicii/cazier-judiciar-online/galati/","text/html; charset=utf-8","200","OK","Non-Indexable","noindex","da3d3761bdd97f4effc04fc834eae6d","59","https://eghiseul.ro/servicii/cazier-judiciar-online/galati/","https://eghiseul.ro/servicii/cazier-judiciar-online/galati/"
"https://eghiseul.ro/servicii/cazier-judiciar-online/iasi/","text/html; charset=utf-8","200","OK","Indexable","","c6269028147de1ced02352da8ff2ca23","57","https://eghiseul.ro/servicii/cazier-judiciar-online/iasi/","https://eghiseul.ro/servicii/cazier-judiciar-online/iasi/"
"https://eghiseul.ro/servicii/cazier-judiciar-online/drobeta-turnu-severin/","text/html; charset=utf-8","200","OK","Non-Indexable","noindex","2ca5fc193e67f0609632b8f513d08b22","74","https://eghiseul.ro/servicii/cazier-judiciar-online/drobeta-turnu-severin/","https://eghiseul.ro/servicii/cazier-judiciar-online/drobeta-turnu-severin/"
"https://eghiseul.ro/servicii/cazier-judiciar-online/craiova/","text/html; charset=utf-8","200","OK","Non-Indexable","noindex","d74b5c7aba0570302c3a43ccf3331d2f","60","https://eghiseul.ro/servicii/cazier-judiciar-online/craiova/","https://eghiseul.ro/servicii/cazier-judiciar-online/craiova/"
"https://eghiseul.ro/servicii/cazier-judiciar-online/botosani/","text/html; charset=utf-8","200","OK","Non-Indexable","noindex","24eb1d342234ac012e249e6263a0744e","61","https://eghiseul.ro/servicii/cazier-judiciar-online/botosani/","https://eghiseul.ro/servicii/cazier-judiciar-online/botosani/"
"https://eghiseul.ro/_next/static/chunks/9b23adf40e997c2d.js?dpl=dpl_67tH8DnrrsjBhYi55ERePfEYAbMi","application/javascript; charset=utf-8","200","OK","Indexable","","","96","","https://eghiseul.ro/_next/static/chunks/9b23adf40e997c2d.js?dpl=dpl_67tH8DnrrsjBhYi55ERePfEYAbMi"
"https://eghiseul.ro/servicii/cazier-judiciar-online/medias/","text/html; charset=utf-8","200","OK","Non-Indexable","noindex","dc8730711b331e761cc2715275725249","59","https://eghiseul.ro/servicii/cazier-judiciar-online/medias/","https://eghiseul.ro/servicii/cazier-judiciar-online/medias/"
"https://eghiseul.ro/servicii/cazier-judiciar-online/arad/","text/html; charset=utf-8","200","OK","Non-Indexable","noindex","bd6c73a565be95f53325d4da343897e","57","https://eghiseul.ro/servicii/cazier-judiciar-online/arad/","https://eghiseul.ro/servicii/cazier-judiciar-online/arad/"
"https://eghiseul.ro/calculator/grad-indatorare/","text/html; charset=utf-8","200","OK","Indexable","","a44cd93b8771ceecff873f64014de467","47","https://eghiseul.ro/calculator/grad-indatorare/","https://eghiseul.ro/calculator/grad-indatorare/"
"https://eghiseul.ro/calculator/zile-concediu-odihna/","text/html; charset=utf-8","200","OK","Indexable","","6f8255964fe3c15a55e1bc9d457099e5","52","https://eghiseul.ro/calculator/zile-concediu-odihna/","https://eghiseul.ro/calculator/zile-concediu-odihna/"
"https://eghiseul.ro/calculator/diurna/","text/html; charset=utf-8","200","OK","Indexable","","26ad741be18f9e34ad2424bbd4fdf233","38","https://eghiseul.ro/calculator/diurna/","https://eghiseul.ro/calculator/diurna/"
"https://eghiseul.ro/calculator/concediu-paternal/","text/html; charset=utf-8","200","OK","Indexable","","2c69e39bd8e54c21e55f54971941637d","49","https://eghiseul.ro/calculator/concediu-paternal/","https://eghiseul.ro/calculator/concediu-paternal/"
"https://eghiseul.ro/calculator/cost-cadastru-intabulare/","text/html; charset=utf-8","200","OK","Indexable","","167cd6c225a54a61d1614238eb15c0d8","56","https://eghiseul.ro/calculator/cost-cadastru-intabulare/","https://eghiseul.ro/calculator/cost-cadastru-intabulare/"
"https://eghiseul.ro/calculator/zile-lucratoare/","text/html; charset=utf-8","200","OK","Indexable","","5e1e56d2d7bf2b616b0018fe3fd4f6c4","47","https://eghiseul.ro/calculator/zile-lucratoare/","https://eghiseul.ro/calculator/zile-lucratoare/"
"https://eghiseul.ro/calculator/calculator-data/","text/html; charset=utf-8","200","OK","Indexable","","a3c33286bdc3cfa7eea20bb8458bed69","47","https://eghiseul.ro/calculator/calculator-data/","https://eghiseul.ro/calculator/calculator-data/"
"https://eghiseul.ro/calculator/dobanda-legala/","text/html; charset=utf-8","200","OK","Indexable","","b68668f80b6fca7db225f74bc30fe8be","46","https://eghiseul.ro/calculator/dobanda-legala/","https://eghiseul.ro/calculator/dobanda-legala/"
"https://eghiseul.ro/calculator/concediu-maternitate/","text/html; charset=utf-8","200","OK","Indexable","","43d7e26a8a8733d2f0b23e2b2dd8d336","52","https://eghiseul.ro/calculator/concediu-maternitate/","https://eghiseul.ro/calculator/concediu-maternitate/"
"https://eghiseul.ro/calculator/pensie-invaliditate/","text/html; charset=utf-8","200","OK","Indexable","","7904dd1eec6885e259ca17c885fec1a0","51","https://eghiseul.ro/calculator/pensie-invaliditate/","https://eghiseul.ro/calculator/pensie-invaliditate/"
"https://eghiseul.ro/servicii/cazier-judiciar-online/deva/","text/html; charset=utf-8","200","OK","Non-Indexable","noindex","1481fb04a59b320af91c15b35bd02fbe","57","https://eghiseul.ro/servicii/cazier-judiciar-online/deva/","https://eghiseul.ro/servicii/cazier-judiciar-online/deva/"
"https://eghiseul.ro/servicii/cazier-judiciar-online/ilfov/","text/html; charset=utf-8","200","OK","Non-Indexable","noindex","fe43322e2f1b33ae225740c6719d3447","58","https://eghiseul.ro/servicii/cazier-judiciar-online/ilfov/","https://eghiseul.ro/servicii/cazier-judiciar-online/ilfov/"
"https://eghiseul.ro/_next/static/chunks/362268d20bab92de.js?dpl=dpl_67tH8DnrrsjBhYi55ERePfEYAbMi","application/javascript; charset=utf-8","200","OK","Indexable","","","96","","https://eghiseul.ro/_next/static/chunks/362268d20bab92de.js?dpl=dpl_67tH8DnrrsjBhYi55ERePfEYAbMi"
"https://eghiseul.ro/calculator/spor-salarial/","text/html; charset=utf-8","200","OK","Indexable","","4d27c0c254df1b4c0d43009bbf25bcbd","45","https://eghiseul.ro/calculator/spor-salarial/","https://eghiseul.ro/calculator/spor-salarial/"
"https://eghiseul.ro/calculator/inflatie/","text/html; charset=utf-8","200","OK","Indexable","","3979d50a58dccd04524b330bba1dedbe","40","https://eghiseul.ro/calculator/inflatie/","https://eghiseul.ro/calculator/inflatie/"
"https://eghiseul.ro/calculator/calculator-indemnizatie-crestere-copil/","text/html; charset=utf-8","200","OK","Indexable","","4be0758b30cfe753d8577aa9398609bd","70","https://eghiseul.ro/calculator/calculator-indemnizatie-crestere-copil/","https://eghiseul.ro/calculator/calculator-indemnizatie-crestere-copil/"
"https://eghiseul.ro/cat-poti-construi-pe-teren/","text/html; charset=utf-8","200","OK","Indexable","","897c03b7275f4c688380c74f6de006b0","47","https://eghiseul.ro/cat-poti-construi-pe-teren/","https://eghiseul.ro/cat-poti-construi-pe-teren/"
"https://eghiseul.ro/comanda/cazier-judiciar-persoana-fizica/","","0","Blocked by robots.txt","Non-Indexable","Blocked by robots.txt","","60","","https://eghiseul.ro/comanda/cazier-judiciar-persoana-fizica/"
"https://eghiseul.ro/_next/static/chunks/3316b15c0866c4f4.js?dpl=dpl_67tH8DnrrsjBhYi55ERePfEYAbMi","application/javascript; charset=utf-8","200","OK","Indexable","","","96","","https://eghiseul.ro/_next/static/chunks/3316b15c0866c4f4.js?dpl=dpl_67tH8DnrrsjBhYi55ERePfEYAbMi"
"https://eghiseul.ro/_next/static/chunks/fe40217e078eb787.js?dpl=dpl_67tH8DnrrsjBhYi55ERePfEYAbMi","application/javascript; charset=utf-8","200","OK","Indexable","","","96","","https://eghiseul.ro/_next/static/chunks/fe40217e078eb787.js?dpl=dpl_67tH8DnrrsjBhYi55ERePfEYAbMi"
"https://eghiseul.ro/_next/static/chunks/08dcd9547d848e3f.js?dpl=dpl_67tH8DnrrsjBhYi55ERePfEYAbMi","application/javascript; charset=utf-8","200","OK","Indexable","","","96","","https://eghiseul.ro/_next/static/chunks/08dcd9547d848e3f.js?dpl=dpl_67tH8DnrrsjBhYi55ERePfEYAbMi"
"https://eghiseul.ro/radiere-firma-srl-ghid/","text/html; charset=utf-8","200","OK","Indexable","","44221db728925cf0cf1e92ebbd6f2f14","43","https://eghiseul.ro/radiere-firma-srl-ghid/","https://eghiseul.ro/radiere-firma-srl-ghid/"
"https://eghiseul.ro/_next/static/chunks/fafd0d2baebcca76.js?dpl=dpl_67tH8DnrrsjBhYi55ERePfEYAbMi","application/javascript; charset=utf-8","200","OK","Indexable","","","96","","https://eghiseul.ro/_next/static/chunks/fafd0d2baebcca76.js?dpl=dpl_67tH8DnrrsjBhYi55ERePfEYAbMi"
"https://eghiseul.ro/_next/static/chunks/14d6c588e2f1286a.js?dpl=dpl_67tH8DnrrsjBhYi55ERePfEYAbMi","application/javascript; charset=utf-8","200","OK","Indexable","","","96","","https://eghiseul.ro/_next/static/chunks/14d6c588e2f1286a.js?dpl=dpl_67tH8DnrrsjBhYi55ERePfEYAbMi"
"https://eghiseul.ro/_next/static/chunks/28e6dde3a9e91a92.js?dpl=dpl_67tH8DnrrsjBhYi55ERePfEYAbMi","application/javascript; charset=utf-8","200","OK","Indexable","","","96","","https://eghiseul.ro/_next/static/chunks/28e6dde3a9e91a92.js?dpl=dpl_67tH8DnrrsjBhYi55ERePfEYAbMi"
"https://eghiseul.ro/_next/static/chunks/e01947ec9f0e371a.js?dpl=dpl_67tH8DnrrsjBhYi55ERePfEYAbMi","application/javascript; charset=utf-8","200","OK","Indexable","","","96","","https://eghiseul.ro/_next/static/chunks/e01947ec9f0e371a.js?dpl=dpl_67tH8DnrrsjBhYi55ERePfEYAbMi"
"https://eghiseul.ro/certificat-de-celibat-pentru-casatorie-in-strainatate/","text/html; charset=utf-8","200","OK","Indexable","","e679fe7bf0a706108e4c8f2202718be7","74","https://eghiseul.ro/certificat-de-celibat-pentru-casatorie-in-strainatate/","https://eghiseul.ro/certificat-de-celibat-pentru-casatorie-in-strainatate/"
"https://eghiseul.ro/certificat-de-nastere-din-strainatate/","text/html; charset=utf-8","200","OK","Indexable","","ff5ec9e0e197f9ea64dcafa379e3dd77","58","https://eghiseul.ro/certificat-de-nastere-din-strainatate/","https://eghiseul.ro/certificat-de-nastere-din-strainatate/"
"https://eghiseul.ro/_next/static/chunks/488f0eac569d4cb4.js?dpl=dpl_67tH8DnrrsjBhYi55ERePfEYAbMi","application/javascript; charset=utf-8","200","OK","Indexable","","","96","","https://eghiseul.ro/_next/static/chunks/488f0eac569d4cb4.js?dpl=dpl_67tH8DnrrsjBhYi55ERePfEYAbMi"
"https://eghiseul.ro/calculator/penalitati-anaf/","text/html; charset=utf-8","200","OK","Indexable","","9d35adc997dfb9f75953917b4a44eb2a","47","https://eghiseul.ro/calculator/penalitati-anaf/","https://eghiseul.ro/calculator/penalitati-anaf/"
"https://eghiseul.ro/_next/static/chunks/95d1fda2c512bd5f.js?dpl=dpl_67tH8DnrrsjBhYi55ERePfEYAbMi","application/javascript; charset=utf-8","200","OK","Indexable","","","96","","https://eghiseul.ro/_next/static/chunks/95d1fda2c512bd5f.js?dpl=dpl_67tH8DnrrsjBhYi55ERePfEYAbMi"
"https://eghiseul.ro/_next/static/chunks/bf187e995816e3cc.js?dpl=dpl_67tH8DnrrsjBhYi55ERePfEYAbMi","application/javascript; charset=utf-8","200","OK","Indexable","","","96","","https://eghiseul.ro/_next/static/chunks/bf187e995816e3cc.js?dpl=dpl_67tH8DnrrsjBhYi55ERePfEYAbMi"
"https://eghiseul.ro/cum-vor-arata-documentele-de-stare-civila-2025/","text/html; charset=utf-8","200","OK","Indexable","","440be448a248f049d8278f638cc90852","67","https://eghiseul.ro/cum-vor-arata-documentele-de-stare-civila-2025/","https://eghiseul.ro/cum-vor-arata-documentele-de-stare-civila-2025/"
"https://eghiseul.ro/calculator/vechime-in-munca/","text/html; charset=utf-8","200","OK","Indexable","","2ce39e2ad2335468af5edb51e96196aa","48","https://eghiseul.ro/calculator/vechime-in-munca/","https://eghiseul.ro/calculator/vechime-in-munca/"
"https://eghiseul.ro/model-certificat-de-casatorie/","text/html; charset=utf-8","200","OK","Indexable","","d61e8fe52ca6110cdf43d20f25bfc6d0","50","https://eghiseul.ro/model-certificat-de-casatorie/","https://eghiseul.ro/model-certificat-de-casatorie/"
"https://eghiseul.ro/certificat-constatator-de-baza/","text/html; charset=utf-8","200","OK","Indexable","","e610578e8b0d24c12457ac321944f6d4","51","https://eghiseul.ro/certificat-constatator-de-baza/","https://eghiseul.ro/certificat-constatator-de-baza/"
"https://eghiseul.ro/eliberare-certificat-constatator-onrc-ghid/","text/html; charset=utf-8","200","OK","Indexable","","67bd6ace392847e4a6e48f4019f3b6d1","63","https://eghiseul.ro/eliberare-certificat-constatator-onrc-ghid/","https://eghiseul.ro/eliberare-certificat-constatator-onrc-ghid/"
"https://eghiseul.ro/cele-4-tipuri-de-certificat-constatator-online/","text/html; charset=utf-8","200","OK","Indexable","","c0672c969a341ed43d41f9416544d498","67","https://eghiseul.ro/cele-4-tipuri-de-certificat-constatator-online/","https://eghiseul.ro/cele-4-tipuri-de-certificat-constatator-online/"
"https://eghiseul.ro/certificat-constatator-cu-istoric/","text/html; charset=utf-8","200","OK","Indexable","","af87b071d8814859e28943ff2920f4bb","54","https://eghiseul.ro/certificat-constatator-cu-istoric/","https://eghiseul.ro/certificat-constatator-cu-istoric/"
"https://eghiseul.ro/certificat-constatator-pfa/","text/html; charset=utf-8","200","OK","Indexable","","a05b68ec1239720a507c9f08580b9539","47","https://eghiseul.ro/certificat-constatator-pfa/","https://eghiseul.ro/certificat-constatator-pfa/"
"https://eghiseul.ro/rolul-si-atributiile-onrc-romania/","text/html; charset=utf-8","200","OK","Indexable","","659f2ed4074f5f93c483c1e5d5ba67d9","54","https://eghiseul.ro/rolul-si-atributiile-onrc-romania/","https://eghiseul.ro/rolul-si-atributiile-onrc-romania/"
"https://eghiseul.ro/_next/static/chunks/544debfd42dfa82d.js?dpl=dpl_67tH8DnrrsjBhYi55ERePfEYAbMi","application/javascript; charset=utf-8","200","OK","Indexable","","","96","","https://eghiseul.ro/_next/static/chunks/544debfd42dfa82d.js?dpl=dpl_67tH8DnrrsjBhYi55ERePfEYAbMi"
"https://eghiseul.ro/certificat-constatator-insolventa/","text/html; charset=utf-8","200","OK","Indexable","","7acc108b8c7cf0641eb8e5def478030f","54","https://eghiseul.ro/certificat-constatator-insolventa/","https://eghiseul.ro/certificat-constatator-insolventa/"
"https://eghiseul.ro/_next/static/chunks/1d0b8aa2855cfee4.js?dpl=dpl_67tH8DnrrsjBhYi55ERePfEYAbMi","application/javascript; charset=utf-8","200","OK","Indexable","","","96","","https://eghiseul.ro/_next/static/chunks/1d0b8aa2855cfee4.js?dpl=dpl_67tH8DnrrsjBhYi55ERePfEYAbMi"
"https://eghiseul.ro/servicii/extras-de-carte-funciara/bucuresti/","text/html; charset=utf-8","200","OK","Indexable","","2a43aba84b0d4d9be6dc69b00742b39d","64","https://eghiseul.ro/servicii/extras-de-carte-funciara/bucuresti/","https://eghiseul.ro/servicii/extras-de-carte-funciara/bucuresti/"
"https://eghiseul.ro/comanda/certificat-constatator/?tip=pf","","0","Blocked by robots.txt","Non-Indexable","Blocked by robots.txt","","58","","https://eghiseul.ro/comanda/certificat-constatator/?tip=pf"
"https://eghiseul.ro/comanda/certificat-constatator/?tip=insolventa","","0","Blocked by robots.txt","Non-Indexable","Blocked by robots.txt","","66","","https://eghiseul.ro/comanda/certificat-constatator/?tip=insolventa"
"https://eghiseul.ro/comanda/certificat-constatator/?tip=istoric","","0","Blocked by robots.txt","Non-Indexable","Blocked by robots.txt","","63","","https://eghiseul.ro/comanda/certificat-constatator/?tip=istoric"
"https://eghiseul.ro/comanda/certificat-constatator/?tip=imm","","0","Blocked by robots.txt","Non-Indexable","Blocked by robots.txt","","59","","https://eghiseul.ro/comanda/certificat-constatator/?tip=imm"
"https://eghiseul.ro/comanda/certificat-constatator/?tip=de-baza","","0","Blocked by robots.txt","Non-Indexable","Blocked by robots.txt","","63","","https://eghiseul.ro/comanda/certificat-constatator/?tip=de-baza"
"https://eghiseul.ro/servicii/extras-de-carte-funciara/salaj/","text/html; charset=utf-8","200","OK","Indexable","","1e6750c9d7f20711e7ce6ce1ca93e951","60","https://eghiseul.ro/servicii/extras-de-carte-funciara/salaj/","https://eghiseul.ro/servicii/extras-de-carte-funciara/salaj/"
"https://eghiseul.ro/calculator/rambursare-anticipata/","text/html; charset=utf-8","200","OK","Indexable","","5b88470b18af0419a5b07c8306e4caa3","53","https://eghiseul.ro/calculator/rambursare-anticipata/","https://eghiseul.ro/calculator/rambursare-anticipata/"
"https://eghiseul.ro/_next/static/chunks/4f3dd6403008fec5.js?dpl=dpl_67tH8DnrrsjBhYi55ERePfEYAbMi","application/javascript; charset=utf-8","200","OK","Indexable","","","96","","https://eghiseul.ro/_next/static/chunks/4f3dd6403008fec5.js?dpl=dpl_67tH8DnrrsjBhYi55ERePfEYAbMi"
"https://eghiseul.ro/_next/image/?url=%2Fimages%2Farticole%2Fmodel-certificat-de-casatorie.webp&w=3840&q=75","image/jpeg","200","OK","Indexable","","","106","","https://eghiseul.ro/_next/image/?url=%2Fimages%2Farticole%2Fmodel-certificat-de-casatorie.webp&w=3840&q=75"
"https://eghiseul.ro/_next/static/chunks/63097d857a5d48f1.js?dpl=dpl_67tH8DnrrsjBhYi55ERePfEYAbMi","application/javascript; charset=utf-8","200","OK","Indexable","","","96","","https://eghiseul.ro/_next/static/chunks/63097d857a5d48f1.js?dpl=dpl_67tH8DnrrsjBhYi55ERePfEYAbMi"
"https://eghiseul.ro/_next/static/chunks/ffdcad66b222777b.js?dpl=dpl_67tH8DnrrsjBhYi55ERePfEYAbMi","application/javascript; charset=utf-8","200","OK","Indexable","","","96","","https://eghiseul.ro/_next/static/chunks/ffdcad66b222777b.js?dpl=dpl_67tH8DnrrsjBhYi55ERePfEYAbMi"
"https://eghiseul.ro/_next/static/chunks/3ecb75b703034e86.js?dpl=dpl_67tH8DnrrsjBhYi55ERePfEYAbMi","application/javascript; charset=utf-8","200","OK","Indexable","","","96","","https://eghiseul.ro/_next/static/chunks/3ecb75b703034e86.js?dpl=dpl_67tH8DnrrsjBhYi55ERePfEYAbMi"
"https://eghiseul.ro/_next/static/chunks/5ddaed7daa2b709e.js?dpl=dpl_67tH8DnrrsjBhYi55ERePfEYAbMi","application/javascript; charset=utf-8","200","OK","Indexable","","","96","","https://eghiseul.ro/_next/static/chunks/5ddaed7daa2b709e.js?dpl=dpl_67tH8DnrrsjBhYi55ERePfEYAbMi"
"https://eghiseul.ro/_next/static/chunks/eb43911520c6405b.js?dpl=dpl_67tH8DnrrsjBhYi55ERePfEYAbMi","application/javascript; charset=utf-8","200","OK","Indexable","","","96","","https://eghiseul.ro/_next/static/chunks/eb43911520c6405b.js?dpl=dpl_67tH8DnrrsjBhYi55ERePfEYAbMi"
"https://eghiseul.ro/_next/static/chunks/cbf2c042bf7376dd.js?dpl=dpl_67tH8DnrrsjBhYi55ERePfEYAbMi","application/javascript; charset=utf-8","200","OK","Indexable","","","96","","https://eghiseul.ro/_next/static/chunks/cbf2c042bf7376dd.js?dpl=dpl_67tH8DnrrsjBhYi55ERePfEYAbMi"
"https://eghiseul.ro/_next/static/chunks/5be8a907228151d9.js?dpl=dpl_67tH8DnrrsjBhYi55ERePfEYAbMi","application/javascript; charset=utf-8","200","OK","Indexable","","","96","","https://eghiseul.ro/_next/static/chunks/5be8a907228151d9.js?dpl=dpl_67tH8DnrrsjBhYi55ERePfEYAbMi"
"https://eghiseul.ro/_next/static/chunks/8b7525acf2fe03bd.js?dpl=dpl_67tH8DnrrsjBhYi55ERePfEYAbMi","application/javascript; charset=utf-8","200","OK","Indexable","","","96","","https://eghiseul.ro/_next/static/chunks/8b7525acf2fe03bd.js?dpl=dpl_67tH8DnrrsjBhYi55ERePfEYAbMi"
"https://eghiseul.ro/_next/static/chunks/27b9932ab36cec04.js?dpl=dpl_67tH8DnrrsjBhYi55ERePfEYAbMi","application/javascript; charset=utf-8","200","OK","Indexable","","","96","","https://eghiseul.ro/_next/static/chunks/27b9932ab36cec04.js?dpl=dpl_67tH8DnrrsjBhYi55ERePfEYAbMi"
"https://eghiseul.ro/_next/static/chunks/5f65aec58a2c3092.js?dpl=dpl_67tH8DnrrsjBhYi55ERePfEYAbMi","application/javascript; charset=utf-8","200","OK","Indexable","","","96","","https://eghiseul.ro/_next/static/chunks/5f65aec58a2c3092.js?dpl=dpl_67tH8DnrrsjBhYi55ERePfEYAbMi"
"https://eghiseul.ro/_next/static/chunks/7eec2be971914e45.js?dpl=dpl_67tH8DnrrsjBhYi55ERePfEYAbMi","application/javascript; charset=utf-8","200","OK","Indexable","","","96","","https://eghiseul.ro/_next/static/chunks/7eec2be971914e45.js?dpl=dpl_67tH8DnrrsjBhYi55ERePfEYAbMi"
"https://eghiseul.ro/_next/static/chunks/5bb8d5666f40805d.js?dpl=dpl_67tH8DnrrsjBhYi55ERePfEYAbMi","application/javascript; charset=utf-8","200","OK","Indexable","","","96","","https://eghiseul.ro/_next/static/chunks/5bb8d5666f40805d.js?dpl=dpl_67tH8DnrrsjBhYi55ERePfEYAbMi"
"https://eghiseul.ro/_next/static/chunks/df759b31b89bcfb6.js?dpl=dpl_67tH8DnrrsjBhYi55ERePfEYAbMi","application/javascript; charset=utf-8","200","OK","Indexable","","","96","","https://eghiseul.ro/_next/static/chunks/df759b31b89bcfb6.js?dpl=dpl_67tH8DnrrsjBhYi55ERePfEYAbMi"
"https://eghiseul.ro/_next/static/chunks/65d5d14899535165.js?dpl=dpl_67tH8DnrrsjBhYi55ERePfEYAbMi","application/javascript; charset=utf-8","200","OK","Indexable","","","96","","https://eghiseul.ro/_next/static/chunks/65d5d14899535165.js?dpl=dpl_67tH8DnrrsjBhYi55ERePfEYAbMi"
"https://eghiseul.ro/_next/static/chunks/a7629f246ee8419d.js?dpl=dpl_67tH8DnrrsjBhYi55ERePfEYAbMi","application/javascript; charset=utf-8","200","OK","Indexable","","","96","","https://eghiseul.ro/_next/static/chunks/a7629f246ee8419d.js?dpl=dpl_67tH8DnrrsjBhYi55ERePfEYAbMi"
"https://eghiseul.ro/_next/image/?url=%2Fimages%2Farticole%2Facte-necesare-certificat-de-nastere.webp&w=3840&q=75","image/webp","200","OK","Indexable","","","112","","https://eghiseul.ro/_next/image/?url=%2Fimages%2Farticole%2Facte-necesare-certificat-de-nastere.webp&w=3840&q=75"
"https://eghiseul.ro/_next/image/?url=%2Fimages%2Farticole%2Fschimbare-certificat-de-nastere-vechi.webp&w=3840&q=75","image/jpeg","200","OK","Indexable","","","114","","https://eghiseul.ro/_next/image/?url=%2Fimages%2Farticole%2Fschimbare-certificat-de-nastere-vechi.webp&w=3840&q=75"
"https://eghiseul.ro/_next/image/?url=%2Fimages%2Farticole%2Fcertificat-de-nastere-pierdut.webp&w=3840&q=75","image/webp","200","OK","Indexable","","","106","","https://eghiseul.ro/_next/image/?url=%2Fimages%2Farticole%2Fcertificat-de-nastere-pierdut.webp&w=3840&q=75"
"https://eghiseul.ro/_next/image/?url=%2Fimages%2Farticole%2Fduplicat-certificat-de-nastere.webp&w=3840&q=75","image/webp","200","OK","Indexable","","","107","","https://eghiseul.ro/_next/image/?url=%2Fimages%2Farticole%2Fduplicat-certificat-de-nastere.webp&w=3840&q=75"
"https://eghiseul.ro/_next/static/chunks/fd520a155b5557e2.js?dpl=dpl_67tH8DnrrsjBhYi55ERePfEYAbMi","application/javascript; charset=utf-8","200","OK","Indexable","","","96","","https://eghiseul.ro/_next/static/chunks/fd520a155b5557e2.js?dpl=dpl_67tH8DnrrsjBhYi55ERePfEYAbMi"
"https://eghiseul.ro/_next/static/chunks/b982681752707b92.js?dpl=dpl_67tH8DnrrsjBhYi55ERePfEYAbMi","application/javascript; charset=utf-8","200","OK","Indexable","","","96","","https://eghiseul.ro/_next/static/chunks/b982681752707b92.js?dpl=dpl_67tH8DnrrsjBhYi55ERePfEYAbMi"
"https://eghiseul.ro/_next/image/?url=%2Fimages%2Farticole%2Ftranscriere-certificat-de-nastere.webp&w=3840&q=75","image/webp","200","OK","Indexable","","","110","","https://eghiseul.ro/_next/image/?url=%2Fimages%2Farticole%2Ftranscriere-certificat-de-nastere.webp&w=3840&q=75"
"https://eghiseul.ro/embed/ancpi/","text/html; charset=utf-8","200","OK","Non-Indexable","noindex","9cd016cb383ef07958674198d50d5e55","32","","https://eghiseul.ro/embed/ancpi/"
"https://eghiseul.ro/_next/image/?url=%2Fimages%2Farticole%2Fcertificat-de-celibat.webp&w=3840&q=75","image/jpeg","200","OK","Indexable","","","98","","https://eghiseul.ro/_next/image/?url=%2Fimages%2Farticole%2Fcertificat-de-celibat.webp&w=3840&q=75"
"https://eghiseul.ro/_next/image/?url=%2Fimages%2Farticole%2Fancpi-informare-oficiala-iulie-2026.webp&w=3840&q=75","image/webp","200","OK","Indexable","","","112","","https://eghiseul.ro/_next/image/?url=%2Fimages%2Farticole%2Fancpi-informare-oficiala-iulie-2026.webp&w=3840&q=75"
"https://eghiseul.ro/_next/image/?url=%2Fimages%2Farticole%2Fce-este-planul-cadastral.webp&w=3840&q=75","text/html; charset=utf-8","400","Bad Request","Non-Indexable","Client Error","","101","","https://eghiseul.ro/_next/image/?url=%2Fimages%2Farticole%2Fce-este-planul-cadastral.webp&w=3840&q=75"
"https://eghiseul.ro/_next/static/chunks/7213b96644f4bfa3.js?dpl=dpl_67tH8DnrrsjBhYi55ERePfEYAbMi","application/javascript; charset=utf-8","200","OK","Indexable","","","96","","https://eghiseul.ro/_next/static/chunks/7213b96644f4bfa3.js?dpl=dpl_67tH8DnrrsjBhYi55ERePfEYAbMi"
"https://eghiseul.ro/_next/image/?url=%2Fimages%2Farticole%2Fsms-fals-amenda-site-fals.webp&w=3840&q=75","image/webp","200","OK","Indexable","","","102","","https://eghiseul.ro/_next/image/?url=%2Fimages%2Farticole%2Fsms-fals-amenda-site-fals.webp&w=3840&q=75"
"https://eghiseul.ro/_next/static/chunks/9f01a629bd63a5c2.js?dpl=dpl_67tH8DnrrsjBhYi55ERePfEYAbMi","application/javascript; charset=utf-8","200","OK","Indexable","","","96","","https://eghiseul.ro/_next/static/chunks/9f01a629bd63a5c2.js?dpl=dpl_67tH8DnrrsjBhYi55ERePfEYAbMi"
"https://eghiseul.ro/_next/static/chunks/fb9d80d1294de5e9.js?dpl=dpl_67tH8DnrrsjBhYi55ERePfEYAbMi","application/javascript; charset=utf-8","200","OK","Indexable","","","96","","https://eghiseul.ro/_next/static/chunks/fb9d80d1294de5e9.js?dpl=dpl_67tH8DnrrsjBhYi55ERePfEYAbMi"
"https://eghiseul.ro/_next/static/chunks/48b78e95cf1a5717.js?dpl=dpl_67tH8DnrrsjBhYi55ERePfEYAbMi","application/javascript; charset=utf-8","200","OK","Indexable","","","96","","https://eghiseul.ro/_next/static/chunks/48b78e95cf1a5717.js?dpl=dpl_67tH8DnrrsjBhYi55ERePfEYAbMi"
"https://eghiseul.ro/_next/static/chunks/3386cb3fd32763d7.js?dpl=dpl_67tH8DnrrsjBhYi55ERePfEYAbMi","application/javascript; charset=utf-8","200","OK","Indexable","","","96","","https://eghiseul.ro/_next/static/chunks/3386cb3fd32763d7.js?dpl=dpl_67tH8DnrrsjBhYi55ERePfEYAbMi"
"https://eghiseul.ro/_next/static/chunks/363a556eb517555b.js?dpl=dpl_67tH8DnrrsjBhYi55ERePfEYAbMi","application/javascript; charset=utf-8","200","OK","Indexable","","","96","","https://eghiseul.ro/_next/static/chunks/363a556eb517555b.js?dpl=dpl_67tH8DnrrsjBhYi55ERePfEYAbMi"
"https://eghiseul.ro/_next/image/?url=%2Fimages%2Farticole%2Fce-este-un-releveu.webp&w=3840&q=75","text/html; charset=utf-8","400","Bad Request","Non-Indexable","Client Error","","95","","https://eghiseul.ro/_next/image/?url=%2Fimages%2Farticole%2Fce-este-un-releveu.webp&w=3840&q=75"
"https://eghiseul.ro/_next/image/?url=%2Fimages%2Farticole%2Finregistrare-nastere-copil-nou-nascut.webp&w=3840&q=75","image/webp","200","OK","Indexable","","","114","","https://eghiseul.ro/_next/image/?url=%2Fimages%2Farticole%2Finregistrare-nastere-copil-nou-nascut.webp&w=3840&q=75"
"https://eghiseul.ro/ancpi-nu-functioneaza/?utm_source=embed&utm_medium=widget&utm_campaign=ancpi-status","text/html; charset=utf-8","200","OK","Non-Indexable","Canonicalised","2ab12ddb10424cf0d79e2e11532e5945","103","https://eghiseul.ro/ancpi-nu-functioneaza/","https://eghiseul.ro/ancpi-nu-functioneaza/?utm_source=embed&utm_medium=widget&utm_campaign=ancpi-status"
