jaccard,a,b,classA,classB
0.7507,/servicii/extras-multilingv-certificat-casatorie,/servicii/extras-multilingv-certificat-nastere,service page,service page
0.7306,/servicii/cazier-judiciar-online/barlad,/servicii/cazier-judiciar-online/sebes,location: cazier oraș,location: cazier oraș
0.7292,/servicii/cazier-judiciar-online/barlad,/servicii/cazier-judiciar-online/lugoj,location: cazier oraș,location: cazier oraș
0.7268,/servicii/cazier-judiciar-online/lugoj,/servicii/cazier-judiciar-online/turda,location: cazier oraș,location: cazier oraș
0.7251,/servicii/cazier-judiciar-online/lugoj,/servicii/cazier-judiciar-online/onesti,location: cazier oraș,location: cazier oraș
0.723,/servicii/cazier-judiciar-online/barlad,/servicii/cazier-judiciar-online/turda,location: cazier oraș,location: cazier oraș
0.7228,/servicii/cazier-judiciar-online/lugoj,/servicii/cazier-judiciar-online/sebes,location: cazier oraș,location: cazier oraș
0.7224,/servicii/cazier-judiciar-online/barlad,/servicii/cazier-judiciar-online/onesti,location: cazier oraș,location: cazier oraș
0.7208,/servicii/cazier-judiciar-online/barlad,/servicii/cazier-judiciar-online/medias,location: cazier oraș,location: cazier oraș
0.719,/servicii/cazier-judiciar-online/sebes,/servicii/cazier-judiciar-online/turda,location: cazier oraș,location: cazier oraș
0.7184,/servicii/cazier-judiciar-online/onesti,/servicii/cazier-judiciar-online/sebes,location: cazier oraș,location: cazier oraș
0.7165,/servicii/cazier-judiciar-online/lugoj,/servicii/cazier-judiciar-online/medias,location: cazier oraș,location: cazier oraș
0.7156,/servicii/cazier-judiciar-online/medias,/servicii/cazier-judiciar-online/sebes,location: cazier oraș,location: cazier oraș
0.715,/servicii/cazier-judiciar-online/medias,/servicii/cazier-judiciar-online/turda,location: cazier oraș,location: cazier oraș
0.7143,/servicii/cazier-judiciar-online/onesti,/servicii/cazier-judiciar-online/turda,location: cazier oraș,location: cazier oraș
0.713,/servicii/extras-de-carte-funciara/alba,/servicii/extras-de-carte-funciara/arad,location: CF județ,location: CF județ
0.7121,/servicii/cazier-judiciar-online/medias,/servicii/cazier-judiciar-online/onesti,location: cazier oraș,location: cazier oraș
0.7121,/servicii/extras-de-carte-funciara/covasna,/servicii/extras-de-carte-funciara/dambovita,location: CF județ,location: CF județ
0.7118,/servicii/extras-de-carte-funciara/bistrita-nasaud,/servicii/extras-de-carte-funciara/botosani,location: CF județ,location: CF județ
0.7118,/servicii/extras-de-carte-funciara/tulcea,/servicii/extras-de-carte-funciara/vaslui,location: CF județ,location: CF județ
0.711,/servicii/extras-de-carte-funciara/olt,/servicii/extras-de-carte-funciara/salaj,location: CF județ,location: CF județ
0.7106,/servicii/extras-de-carte-funciara/botosani,/servicii/extras-de-carte-funciara/braila,location: CF județ,location: CF județ
0.7106,/servicii/extras-de-carte-funciara/teleorman,/servicii/extras-de-carte-funciara/tulcea,location: CF județ,location: CF județ
0.7101,/servicii/extras-de-carte-funciara/gorj,/servicii/extras-de-carte-funciara/harghita,location: CF județ,location: CF județ
0.7094,/servicii/extras-de-carte-funciara/teleorman,/servicii/extras-de-carte-funciara/vaslui,location: CF județ,location: CF județ
0.7088,/servicii/extras-de-carte-funciara/harghita,/servicii/extras-de-carte-funciara/hunedoara,location: CF județ,location: CF județ
0.7081,/servicii/extras-de-carte-funciara/bacau,/servicii/extras-de-carte-funciara/bistrita-nasaud,location: CF județ,location: CF județ
0.7081,/servicii/extras-de-carte-funciara/mehedinti,/servicii/extras-de-carte-funciara/olt,location: CF județ,location: CF județ
0.7077,/servicii/extras-de-carte-funciara/bistrita-nasaud,/servicii/extras-de-carte-funciara/braila,location: CF județ,location: CF județ
0.7076,/servicii/extras-de-carte-funciara/valcea,/servicii/extras-de-carte-funciara/vaslui,location: CF județ,location: CF județ
0.707,/servicii/cazier-judiciar-online/focsani,/servicii/cazier-judiciar-online/slobozia,location: cazier oraș,location: cazier oraș
0.7069,/servicii/extras-de-carte-funciara/bacau,/servicii/extras-de-carte-funciara/botosani,location: CF județ,location: CF județ
0.7064,/servicii/extras-de-carte-funciara/maramures,/servicii/extras-de-carte-funciara/neamt,location: CF județ,location: CF județ
0.7063,/servicii/extras-de-carte-funciara/maramures,/servicii/extras-de-carte-funciara/mehedinti,location: CF județ,location: CF județ
0.7063,/servicii/extras-de-carte-funciara/neamt,/servicii/extras-de-carte-funciara/olt,location: CF județ,location: CF județ
0.706,/servicii/extras-de-carte-funciara/giurgiu,/servicii/extras-de-carte-funciara/gorj,location: CF județ,location: CF județ
0.706,/servicii/extras-de-carte-funciara/harghita,/servicii/extras-de-carte-funciara/ialomita,location: CF județ,location: CF județ
0.7056,/servicii/extras-de-carte-funciara/gorj,/servicii/extras-de-carte-funciara/hunedoara,location: CF județ,location: CF județ
0.7055,/servicii/extras-de-carte-funciara/hunedoara,/servicii/extras-de-carte-funciara/ialomita,location: CF județ,location: CF județ
0.7048,/servicii/cazier-judiciar-online/botosani,/servicii/cazier-judiciar-online/targoviste,location: cazier oraș,location: cazier oraș
0.7048,/servicii/extras-de-carte-funciara/tulcea,/servicii/extras-de-carte-funciara/valcea,location: CF județ,location: CF județ
0.7042,/servicii/extras-de-carte-funciara/mehedinti,/servicii/extras-de-carte-funciara/salaj,location: CF județ,location: CF județ
0.704,/servicii/extras-de-carte-funciara/ialomita,/servicii/extras-de-carte-funciara/maramures,location: CF județ,location: CF județ
0.7036,/servicii/extras-de-carte-funciara/buzau,/servicii/extras-de-carte-funciara/caras-severin,location: CF județ,location: CF județ
0.7035,/servicii/extras-de-carte-funciara/braila,/servicii/extras-de-carte-funciara/buzau,location: CF județ,location: CF județ
0.7035,/servicii/extras-de-carte-funciara/mehedinti,/servicii/extras-de-carte-funciara/neamt,location: CF județ,location: CF județ
0.7033,/servicii/extras-de-carte-funciara/harghita,/servicii/extras-de-carte-funciara/maramures,location: CF județ,location: CF județ
0.7031,/servicii/extras-de-carte-funciara/giurgiu,/servicii/extras-de-carte-funciara/harghita,location: CF județ,location: CF județ
0.7029,/servicii/extras-de-carte-funciara/bacau,/servicii/extras-de-carte-funciara/braila,location: CF județ,location: CF județ
0.7028,/servicii/extras-de-carte-funciara/gorj,/servicii/extras-de-carte-funciara/ialomita,location: CF județ,location: CF județ
0.7028,/servicii/extras-de-carte-funciara/hunedoara,/servicii/extras-de-carte-funciara/maramures,location: CF județ,location: CF județ
0.7025,/servicii/extras-de-carte-funciara/teleorman,/servicii/extras-de-carte-funciara/valcea,location: CF județ,location: CF județ
0.7023,/servicii/cazier-judiciar-online/botosani,/servicii/cazier-judiciar-online/calarasi,location: cazier oraș,location: cazier oraș
0.7023,/servicii/extras-de-carte-funciara/braila,/servicii/extras-de-carte-funciara/calarasi,location: CF județ,location: CF județ
0.7023,/servicii/extras-de-carte-funciara/neamt,/servicii/extras-de-carte-funciara/salaj,location: CF județ,location: CF județ
0.702,/servicii/extras-de-carte-funciara/alba,/servicii/extras-de-carte-funciara/vrancea,location: CF județ,location: CF județ
0.7016,/servicii/extras-de-carte-funciara/salaj,/servicii/extras-de-carte-funciara/teleorman,location: CF județ,location: CF județ
0.7015,/servicii/cazier-judiciar-online/alexandria,/servicii/cazier-judiciar-online/resita,location: cazier oraș,location: cazier oraș
0.7012,/servicii/extras-de-carte-funciara/maramures,/servicii/extras-de-carte-funciara/olt,location: CF județ,location: CF județ
0.7008,/servicii/cazier-judiciar-online/calarasi,/servicii/cazier-judiciar-online/targoviste,location: cazier oraș,location: cazier oraș
0.7007,/servicii/extras-de-carte-funciara/vaslui,/servicii/extras-de-carte-funciara/vrancea,location: CF județ,location: CF județ
0.7003,/servicii/cazier-judiciar-online/alexandria,/servicii/cazier-judiciar-online/vaslui,location: cazier oraș,location: cazier oraș
0.7002,/servicii/cazier-judiciar-online/alexandria,/servicii/cazier-judiciar-online/bistrita,location: cazier oraș,location: cazier oraș
0.7001,/servicii/extras-de-carte-funciara/gorj,/servicii/extras-de-carte-funciara/maramures,location: CF județ,location: CF județ
0.7,/servicii/extras-de-carte-funciara/alba,/servicii/extras-de-carte-funciara/caras-severin,location: CF județ,location: CF județ
0.7,/servicii/extras-de-carte-funciara/arad,/servicii/extras-de-carte-funciara/caras-severin,location: CF județ,location: CF județ
0.7,/servicii/extras-de-carte-funciara/arad,/servicii/extras-de-carte-funciara/vrancea,location: CF județ,location: CF județ
0.7,/servicii/extras-de-carte-funciara/dambovita,/servicii/extras-de-carte-funciara/vrancea,location: CF județ,location: CF județ
0.6995,/servicii/extras-de-carte-funciara/botosani,/servicii/extras-de-carte-funciara/buzau,location: CF județ,location: CF județ
0.6994,/servicii/extras-de-carte-funciara/botosani,/servicii/extras-de-carte-funciara/teleorman,location: CF județ,location: CF județ
0.6994,/servicii/extras-de-carte-funciara/braila,/servicii/extras-de-carte-funciara/teleorman,location: CF județ,location: CF județ
0.6992,/servicii/cazier-judiciar-online/alexandria,/servicii/cazier-judiciar-online/deva,location: cazier oraș,location: cazier oraș
0.6992,/servicii/extras-de-carte-funciara/caras-severin,/servicii/extras-de-carte-funciara/covasna,location: CF județ,location: CF județ
0.6992,/servicii/extras-de-carte-funciara/covasna,/servicii/extras-de-carte-funciara/vrancea,location: CF județ,location: CF județ
0.6989,/servicii/extras-de-carte-funciara/bacau,/servicii/extras-de-carte-funciara/vaslui,location: CF județ,location: CF județ
0.6989,/servicii/extras-de-carte-funciara/neamt,/servicii/extras-de-carte-funciara/teleorman,location: CF județ,location: CF județ
0.6987,/servicii/extras-de-carte-funciara/braila,/servicii/extras-de-carte-funciara/caras-severin,location: CF județ,location: CF județ
0.6987,/servicii/extras-de-carte-funciara/giurgiu,/servicii/extras-de-carte-funciara/hunedoara,location: CF județ,location: CF județ
0.6986,/servicii/cazier-judiciar-online/resita,/servicii/cazier-judiciar-online/vaslui,location: cazier oraș,location: cazier oraș
0.6986,/servicii/extras-de-carte-funciara/bistrita-nasaud,/servicii/extras-de-carte-funciara/teleorman,location: CF județ,location: CF județ
0.6986,/servicii/extras-de-carte-funciara/botosani,/servicii/extras-de-carte-funciara/vaslui,location: CF județ,location: CF județ
0.6986,/servicii/extras-de-carte-funciara/braila,/servicii/extras-de-carte-funciara/vaslui,location: CF județ,location: CF județ
0.6986,/servicii/extras-de-carte-funciara/gorj,/servicii/extras-de-carte-funciara/teleorman,location: CF județ,location: CF județ
0.6984,/servicii/extras-de-carte-funciara/botosani,/servicii/extras-de-carte-funciara/calarasi,location: CF județ,location: CF județ
0.6983,/servicii/extras-de-carte-funciara/arad,/servicii/extras-de-carte-funciara/bacau,location: CF județ,location: CF județ
0.698,/servicii/extras-de-carte-funciara/caras-severin,/servicii/extras-de-carte-funciara/dambovita,location: CF județ,location: CF județ
0.6979,/servicii/extras-de-carte-funciara/giurgiu,/servicii/extras-de-carte-funciara/valcea,location: CF județ,location: CF județ
0.6979,/servicii/extras-de-carte-funciara/olt,/servicii/extras-de-carte-funciara/valcea,location: CF județ,location: CF județ
0.6979,/servicii/extras-de-carte-funciara/salaj,/servicii/extras-de-carte-funciara/valcea,location: CF județ,location: CF județ
0.6979,/servicii/extras-de-carte-funciara/tulcea,/servicii/extras-de-carte-funciara/vrancea,location: CF județ,location: CF județ
0.6978,/servicii/extras-de-carte-funciara/bacau,/servicii/extras-de-carte-funciara/teleorman,location: CF județ,location: CF județ
0.6978,/servicii/extras-de-carte-funciara/bistrita-nasaud,/servicii/extras-de-carte-funciara/vaslui,location: CF județ,location: CF județ
0.6978,/servicii/extras-de-carte-funciara/botosani,/servicii/extras-de-carte-funciara/gorj,location: CF județ,location: CF județ
0.6978,/servicii/extras-de-carte-funciara/botosani,/servicii/extras-de-carte-funciara/tulcea,location: CF județ,location: CF județ
0.6978,/servicii/extras-de-carte-funciara/braila,/servicii/extras-de-carte-funciara/gorj,location: CF județ,location: CF județ
0.6978,/servicii/extras-de-carte-funciara/braila,/servicii/extras-de-carte-funciara/tulcea,location: CF județ,location: CF județ
0.6978,/servicii/extras-de-carte-funciara/gorj,/servicii/extras-de-carte-funciara/vaslui,location: CF județ,location: CF județ
0.6978,/servicii/extras-de-carte-funciara/harghita,/servicii/extras-de-carte-funciara/teleorman,location: CF județ,location: CF județ
0.6978,/servicii/extras-de-carte-funciara/maramures,/servicii/extras-de-carte-funciara/teleorman,location: CF județ,location: CF județ
0.6978,/servicii/extras-de-carte-funciara/valcea,/servicii/extras-de-carte-funciara/vrancea,location: CF județ,location: CF județ
0.6977,/servicii/extras-de-carte-funciara/olt,/servicii/extras-de-carte-funciara/teleorman,location: CF județ,location: CF județ
0.6972,/servicii/extras-de-carte-funciara/ialomita,/servicii/extras-de-carte-funciara/neamt,location: CF județ,location: CF județ
0.6972,/servicii/extras-de-carte-funciara/maramures,/servicii/extras-de-carte-funciara/salaj,location: CF județ,location: CF județ
0.6971,/servicii/extras-de-carte-funciara/giurgiu,/servicii/extras-de-carte-funciara/olt,location: CF județ,location: CF județ
0.6971,/servicii/extras-de-carte-funciara/giurgiu,/servicii/extras-de-carte-funciara/salaj,location: CF județ,location: CF județ
0.6971,/servicii/extras-de-carte-funciara/ialomita,/servicii/extras-de-carte-funciara/mehedinti,location: CF județ,location: CF județ
0.6971,/servicii/extras-de-carte-funciara/mehedinti,/servicii/extras-de-carte-funciara/valcea,location: CF județ,location: CF județ
0.697,/servicii/extras-de-carte-funciara/bistrita-nasaud,/servicii/extras-de-carte-funciara/gorj,location: CF județ,location: CF județ
0.697,/servicii/extras-de-carte-funciara/bistrita-nasaud,/servicii/extras-de-carte-funciara/tulcea,location: CF județ,location: CF județ
0.697,/servicii/extras-de-carte-funciara/botosani,/servicii/extras-de-carte-funciara/harghita,location: CF județ,location: CF județ
0.697,/servicii/extras-de-carte-funciara/botosani,/servicii/extras-de-carte-funciara/maramures,location: CF județ,location: CF județ
0.697,/servicii/extras-de-carte-funciara/braila,/servicii/extras-de-carte-funciara/harghita,location: CF județ,location: CF județ
0.697,/servicii/extras-de-carte-funciara/braila,/servicii/extras-de-carte-funciara/maramures,location: CF județ,location: CF județ
0.697,/servicii/extras-de-carte-funciara/gorj,/servicii/extras-de-carte-funciara/tulcea,location: CF județ,location: CF județ
0.697,/servicii/extras-de-carte-funciara/harghita,/servicii/extras-de-carte-funciara/vaslui,location: CF județ,location: CF județ
0.697,/servicii/extras-de-carte-funciara/maramures,/servicii/extras-de-carte-funciara/vaslui,location: CF județ,location: CF județ
0.6968,/servicii/extras-de-carte-funciara/bistrita-nasaud,/servicii/extras-de-carte-funciara/buzau,location: CF județ,location: CF județ
0.6965,/servicii/cazier-judiciar-online/focsani,/servicii/cazier-judiciar-online/resita,location: cazier oraș,location: cazier oraș
0.6965,/servicii/extras-de-carte-funciara/harghita,/servicii/extras-de-carte-funciara/neamt,location: CF județ,location: CF județ
0.6964,/servicii/cazier-judiciar-online/focsani,/servicii/cazier-judiciar-online/ramnicu-valcea,location: cazier oraș,location: cazier oraș
0.6964,/servicii/extras-de-carte-funciara/harghita,/servicii/extras-de-carte-funciara/mehedinti,location: CF județ,location: CF județ
0.6963,/servicii/cazier-judiciar-online/bistrita,/servicii/cazier-judiciar-online/resita,location: cazier oraș,location: cazier oraș
0.6963,/servicii/cazier-judiciar-online/deva,/servicii/cazier-judiciar-online/vaslui,location: cazier oraș,location: cazier oraș
0.6963,/servicii/extras-de-carte-funciara/alba,/servicii/extras-de-carte-funciara/bacau,location: CF județ,location: CF județ
0.6963,/servicii/extras-de-carte-funciara/giurgiu,/servicii/extras-de-carte-funciara/mehedinti,location: CF județ,location: CF județ
0.6962,/servicii/cazier-judiciar-online/bistrita,/servicii/cazier-judiciar-online/vaslui,location: cazier oraș,location: cazier oraș
0.6962,/servicii/extras-de-carte-funciara/bacau,/servicii/extras-de-carte-funciara/gorj,location: CF județ,location: CF județ
0.6962,/servicii/extras-de-carte-funciara/bacau,/servicii/extras-de-carte-funciara/tulcea,location: CF județ,location: CF județ
0.6962,/servicii/extras-de-carte-funciara/bistrita-nasaud,/servicii/extras-de-carte-funciara/harghita,location: CF județ,location: CF județ
0.6962,/servicii/extras-de-carte-funciara/bistrita-nasaud,/servicii/extras-de-carte-funciara/maramures,location: CF județ,location: CF județ
0.6962,/servicii/extras-de-carte-funciara/botosani,/servicii/extras-de-carte-funciara/neamt,location: CF județ,location: CF județ
0.6962,/servicii/extras-de-carte-funciara/braila,/servicii/extras-de-carte-funciara/neamt,location: CF județ,location: CF județ
0.6962,/servicii/extras-de-carte-funciara/harghita,/servicii/extras-de-carte-funciara/tulcea,location: CF județ,location: CF județ
0.6962,/servicii/extras-de-carte-funciara/maramures,/servicii/extras-de-carte-funciara/tulcea,location: CF județ,location: CF județ
0.6962,/servicii/extras-de-carte-funciara/neamt,/servicii/extras-de-carte-funciara/vaslui,location: CF județ,location: CF județ
0.6961,/servicii/cazier-judiciar-online/alexandria,/servicii/cazier-judiciar-online/focsani,location: cazier oraș,location: cazier oraș
0.6961,/servicii/cazier-judiciar-online/resita,/servicii/cazier-judiciar-online/slobozia,location: cazier oraș,location: cazier oraș
0.6961,/servicii/extras-de-carte-funciara/bacau,/servicii/extras-de-carte-funciara/valcea,location: CF județ,location: CF județ
0.6961,/servicii/extras-de-carte-funciara/hunedoara,/servicii/extras-de-carte-funciara/neamt,location: CF județ,location: CF județ
0.6961,/servicii/extras-de-carte-funciara/salaj,/servicii/extras-de-carte-funciara/tulcea,location: CF județ,location: CF județ
0.696,/servicii/extras-de-carte-funciara/alba,/servicii/extras-de-carte-funciara/vaslui,location: CF județ,location: CF județ
0.696,/servicii/extras-de-carte-funciara/giurgiu,/servicii/extras-de-carte-funciara/ialomita,location: CF județ,location: CF județ
0.696,/servicii/extras-de-carte-funciara/hunedoara,/servicii/extras-de-carte-funciara/mehedinti,location: CF județ,location: CF județ
0.6958,/servicii/cazier-judiciar-online/alexandria,/servicii/cazier-judiciar-online/slobozia,location: cazier oraș,location: cazier oraș
0.6956,/servicii/extras-de-carte-funciara/bistrita-nasaud,/servicii/extras-de-carte-funciara/calarasi,location: CF județ,location: CF județ
0.6956,/servicii/extras-de-carte-funciara/salaj,/servicii/extras-de-carte-funciara/satu-mare,location: CF județ,location: CF județ
0.6956,/servicii/extras-de-carte-funciara/teleorman,/servicii/extras-de-carte-funciara/vrancea,location: CF județ,location: CF județ
0.6954,/servicii/extras-de-carte-funciara/buzau,/servicii/extras-de-carte-funciara/calarasi,location: CF județ,location: CF județ
0.6953,/servicii/cazier-judiciar-online/deva,/servicii/cazier-judiciar-online/resita,location: cazier oraș,location: cazier oraș
0.6953,/servicii/extras-de-carte-funciara/bacau,/servicii/extras-de-carte-funciara/harghita,location: CF județ,location: CF județ
0.6953,/servicii/extras-de-carte-funciara/bacau,/servicii/extras-de-carte-funciara/maramures,location: CF județ,location: CF județ
0.6953,/servicii/extras-de-carte-funciara/bistrita-nasaud,/servicii/extras-de-carte-funciara/neamt,location: CF județ,location: CF județ
0.6953,/servicii/extras-de-carte-funciara/gorj,/servicii/extras-de-carte-funciara/neamt,location: CF județ,location: CF județ
0.6953,/servicii/extras-de-carte-funciara/hunedoara,/servicii/extras-de-carte-funciara/teleorman,location: CF județ,location: CF județ
0.6953,/servicii/extras-de-carte-funciara/neamt,/servicii/extras-de-carte-funciara/tulcea,location: CF județ,location: CF județ
0.6952,/servicii/extras-de-carte-funciara/arad,/servicii/extras-de-carte-funciara/bistrita-nasaud,location: CF județ,location: CF județ
0.6952,/servicii/extras-de-carte-funciara/dambovita,/servicii/extras-de-carte-funciara/gorj,location: CF județ,location: CF județ
0.6951,/servicii/cazier-judiciar-online/braila,/servicii/cazier-judiciar-online/resita,location: cazier oraș,location: cazier oraș
0.6951,/servicii/extras-de-carte-funciara/alba,/servicii/extras-de-carte-funciara/valcea,location: CF județ,location: CF județ
0.6949,/servicii/extras-de-carte-funciara/salaj,/servicii/extras-de-carte-funciara/vaslui,location: CF județ,location: CF județ
0.6948,/servicii/extras-de-carte-funciara/botosani,/servicii/extras-de-carte-funciara/caras-severin,location: CF județ,location: CF județ
0.6947,/servicii/cazier-judiciar-online/alexandria,/servicii/cazier-judiciar-online/braila,location: cazier oraș,location: cazier oraș
0.6946,/servicii/extras-de-carte-funciara/calarasi,/servicii/extras-de-carte-funciara/caras-severin,location: CF județ,location: CF județ
0.6945,/servicii/extras-de-carte-funciara/bacau,/servicii/extras-de-carte-funciara/neamt,location: CF județ,location: CF județ
0.6945,/servicii/extras-de-carte-funciara/botosani,/servicii/extras-de-carte-funciara/hunedoara,location: CF județ,location: CF județ
0.6945,/servicii/extras-de-carte-funciara/braila,/servicii/extras-de-carte-funciara/hunedoara,location: CF județ,location: CF județ
0.6945,/servicii/extras-de-carte-funciara/hunedoara,/servicii/extras-de-carte-funciara/vaslui,location: CF județ,location: CF județ
0.6945,/servicii/extras-de-carte-funciara/ialomita,/servicii/extras-de-carte-funciara/teleorman,location: CF județ,location: CF județ
0.6943,/servicii/cazier-judiciar-online/focsani,/servicii/cazier-judiciar-online/vaslui,location: cazier oraș,location: cazier oraș
0.6942,/servicii/cazier-judiciar-online/bistrita,/servicii/cazier-judiciar-online/focsani,location: cazier oraș,location: cazier oraș
0.694,/servicii/cazier-judiciar-online/braila,/servicii/cazier-judiciar-online/vaslui,location: cazier oraș,location: cazier oraș
0.694,/servicii/extras-de-carte-funciara/arad,/servicii/extras-de-carte-funciara/botosani,location: CF județ,location: CF județ
0.694,/servicii/extras-de-carte-funciara/arad,/servicii/extras-de-carte-funciara/vaslui,location: CF județ,location: CF județ
0.6937,/servicii/extras-de-carte-funciara/bistrita-nasaud,/servicii/extras-de-carte-funciara/hunedoara,location: CF județ,location: CF județ
0.6937,/servicii/extras-de-carte-funciara/botosani,/servicii/extras-de-carte-funciara/ialomita,location: CF județ,location: CF județ
0.6937,/servicii/extras-de-carte-funciara/botosani,/servicii/extras-de-carte-funciara/valcea,location: CF județ,location: CF județ
0.6937,/servicii/extras-de-carte-funciara/braila,/servicii/extras-de-carte-funciara/ialomita,location: CF județ,location: CF județ
0.6937,/servicii/extras-de-carte-funciara/braila,/servicii/extras-de-carte-funciara/valcea,location: CF județ,location: CF județ
0.6937,/servicii/extras-de-carte-funciara/giurgiu,/servicii/extras-de-carte-funciara/teleorman,location: CF județ,location: CF județ
0.6937,/servicii/extras-de-carte-funciara/hunedoara,/servicii/extras-de-carte-funciara/tulcea,location: CF județ,location: CF județ
0.6937,/servicii/extras-de-carte-funciara/ialomita,/servicii/extras-de-carte-funciara/vaslui,location: CF județ,location: CF județ
0.6933,/servicii/extras-de-carte-funciara/giurgiu,/servicii/extras-de-carte-funciara/maramures,location: CF județ,location: CF județ
0.6933,/servicii/extras-de-carte-funciara/gorj,/servicii/extras-de-carte-funciara/mehedinti,location: CF județ,location: CF județ
0.6932,/servicii/cazier-judiciar-online/sfantu-gheorghe,/servicii/cazier-judiciar-online/slobozia,location: cazier oraș,location: cazier oraș
0.6932,/servicii/extras-de-carte-funciara/alba,/servicii/extras-de-carte-funciara/bistrita-nasaud,location: CF județ,location: CF județ
0.6932,/servicii/extras-de-carte-funciara/alba,/servicii/extras-de-carte-funciara/tulcea,location: CF județ,location: CF județ
0.6932,/servicii/extras-de-carte-funciara/bacau,/servicii/extras-de-carte-funciara/vrancea,location: CF județ,location: CF județ
0.6931,/servicii/extras-de-carte-funciara/arad,/servicii/extras-de-carte-funciara/valcea,location: CF județ,location: CF județ
0.693,/servicii/cazier-judiciar-online/focsani,/servicii/cazier-judiciar-online/giurgiu,location: cazier oraș,location: cazier oraș
0.6929,/servicii/cazier-judiciar-online/slobozia,/servicii/cazier-judiciar-online/vaslui,location: cazier oraș,location: cazier oraș
0.6929,/servicii/extras-de-carte-funciara/bacau,/servicii/extras-de-carte-funciara/hunedoara,location: CF județ,location: CF județ
0.6929,/servicii/extras-de-carte-funciara/bistrita-nasaud,/servicii/extras-de-carte-funciara/ialomita,location: CF județ,location: CF județ
0.6929,/servicii/extras-de-carte-funciara/bistrita-nasaud,/servicii/extras-de-carte-funciara/valcea,location: CF județ,location: CF județ
0.6929,/servicii/extras-de-carte-funciara/botosani,/servicii/extras-de-carte-funciara/giurgiu,location: CF județ,location: CF județ
0.6929,/servicii/extras-de-carte-funciara/botosani,/servicii/extras-de-carte-funciara/olt,location: CF județ,location: CF județ
0.6929,/servicii/extras-de-carte-funciara/botosani,/servicii/extras-de-carte-funciara/salaj,location: CF județ,location: CF județ
0.6929,/servicii/extras-de-carte-funciara/braila,/servicii/extras-de-carte-funciara/giurgiu,location: CF județ,location: CF județ
0.6929,/servicii/extras-de-carte-funciara/braila,/servicii/extras-de-carte-funciara/olt,location: CF județ,location: CF județ
0.6929,/servicii/extras-de-carte-funciara/braila,/servicii/extras-de-carte-funciara/salaj,location: CF județ,location: CF județ
0.6929,/servicii/extras-de-carte-funciara/giurgiu,/servicii/extras-de-carte-funciara/vaslui,location: CF județ,location: CF județ
0.6929,/servicii/extras-de-carte-funciara/gorj,/servicii/extras-de-carte-funciara/valcea,location: CF județ,location: CF județ
0.6929,/servicii/extras-de-carte-funciara/ialomita,/servicii/extras-de-carte-funciara/tulcea,location: CF județ,location: CF județ
0.6929,/servicii/extras-de-carte-funciara/mehedinti,/servicii/extras-de-carte-funciara/teleorman,location: CF județ,location: CF județ
0.6929,/servicii/extras-de-carte-funciara/olt,/servicii/extras-de-carte-funciara/vaslui,location: CF județ,location: CF județ
0.6926,/servicii/cazier-judiciar-online/braila,/servicii/cazier-judiciar-online/slobozia,location: cazier oraș,location: cazier oraș
0.6924,/servicii/extras-de-carte-funciara/covasna,/servicii/extras-de-carte-funciara/gorj,location: CF județ,location: CF județ
0.6924,/servicii/extras-de-carte-funciara/dambovita,/servicii/extras-de-carte-funciara/harghita,location: CF județ,location: CF județ
0.6923,/servicii/cazier-judiciar-online/calarasi,/servicii/cazier-judiciar-online/giurgiu,location: cazier oraș,location: cazier oraș
0.6923,/servicii/extras-de-carte-funciara/dambovita,/servicii/extras-de-carte-funciara/giurgiu,location: CF județ,location: CF județ
0.6921,/servicii/extras-de-carte-funciara/bacau,/servicii/extras-de-carte-funciara/ialomita,location: CF județ,location: CF județ
0.6921,/servicii/extras-de-carte-funciara/bistrita-nasaud,/servicii/extras-de-carte-funciara/giurgiu,location: CF județ,location: CF județ
0.6921,/servicii/extras-de-carte-funciara/bistrita-nasaud,/servicii/extras-de-carte-funciara/olt,location: CF județ,location: CF județ
0.6921,/servicii/extras-de-carte-funciara/bistrita-nasaud,/servicii/extras-de-carte-funciara/salaj,location: CF județ,location: CF județ
0.6921,/servicii/extras-de-carte-funciara/botosani,/servicii/extras-de-carte-funciara/mehedinti,location: CF județ,location: CF județ
0.6921,/servicii/extras-de-carte-funciara/braila,/servicii/extras-de-carte-funciara/mehedinti,location: CF județ,location: CF județ
0.6921,/servicii/extras-de-carte-funciara/giurgiu,/servicii/extras-de-carte-funciara/tulcea,location: CF județ,location: CF județ
0.6921,/servicii/extras-de-carte-funciara/gorj,/servicii/extras-de-carte-funciara/olt,location: CF județ,location: CF județ
0.6921,/servicii/extras-de-carte-funciara/gorj,/servicii/extras-de-carte-funciara/salaj,location: CF județ,location: CF județ
0.6921,/servicii/extras-de-carte-funciara/harghita,/servicii/extras-de-carte-funciara/valcea,location: CF județ,location: CF județ
0.6921,/servicii/extras-de-carte-funciara/maramures,/servicii/extras-de-carte-funciara/valcea,location: CF județ,location: CF județ
0.6921,/servicii/extras-de-carte-funciara/mehedinti,/servicii/extras-de-carte-funciara/vaslui,location: CF județ,location: CF județ
0.6921,/servicii/extras-de-carte-funciara/olt,/servicii/extras-de-carte-funciara/tulcea,location: CF județ,location: CF județ
0.692,/servicii/extras-de-carte-funciara/alba,/servicii/extras-de-carte-funciara/botosani,location: CF județ,location: CF județ
0.692,/servicii/extras-de-carte-funciara/bacau,/servicii/extras-de-carte-funciara/buzau,location: CF județ,location: CF județ
0.692,/servicii/extras-de-carte-funciara/bistrita-nasaud,/servicii/extras-de-carte-funciara/caras-severin,location: CF județ,location: CF județ
0.692,/servicii/extras-de-carte-funciara/ialomita,/servicii/extras-de-carte-funciara/olt,location: CF județ,location: CF județ
0.6919,/servicii/cazier-judiciar-online/bistrita,/servicii/cazier-judiciar-online/deva,location: cazier oraș,location: cazier oraș
0.6917,/servicii/cazier-judiciar-online/bistrita,/servicii/cazier-judiciar-online/slobozia,location: cazier oraș,location: cazier oraș
0.6917,/servicii/extras-de-carte-funciara/olt,/servicii/extras-de-carte-funciara/satu-mare,location: CF județ,location: CF județ
0.6916,/servicii/cazier-judiciar-online/calarasi,/servicii/cazier-judiciar-online/focsani,location: cazier oraș,location: cazier oraș
0.6915,/servicii/cazier-judiciar-online/alexandria,/servicii/cazier-judiciar-online/giurgiu,location: cazier oraș,location: cazier oraș
0.6915,/servicii/cazier-judiciar-online/giurgiu,/servicii/cazier-judiciar-online/slobozia,location: cazier oraș,location: cazier oraș
0.6914,/servicii/cazier-judiciar-online/sfantu-gheorghe,/servicii/cazier-judiciar-online/vaslui,location: cazier oraș,location: cazier oraș
0.6913,/servicii/extras-de-carte-funciara/bacau,/servicii/extras-de-carte-funciara/giurgiu,location: CF județ,location: CF județ
0.6913,/servicii/extras-de-carte-funciara/bacau,/servicii/extras-de-carte-funciara/olt,location: CF județ,location: CF județ
0.6913,/servicii/extras-de-carte-funciara/bacau,/servicii/extras-de-carte-funciara/salaj,location: CF județ,location: CF județ
0.6913,/servicii/extras-de-carte-funciara/bistrita-nasaud,/servicii/extras-de-carte-funciara/mehedinti,location: CF județ,location: CF județ
0.6913,/servicii/extras-de-carte-funciara/calarasi,/servicii/extras-de-carte-funciara/teleorman,location: CF județ,location: CF județ
0.6913,/servicii/extras-de-carte-funciara/harghita,/servicii/extras-de-carte-funciara/olt,location: CF județ,location: CF județ
0.6913,/servicii/extras-de-carte-funciara/harghita,/servicii/extras-de-carte-funciara/salaj,location: CF județ,location: CF județ
0.6913,/servicii/extras-de-carte-funciara/mehedinti,/servicii/extras-de-carte-funciara/tulcea,location: CF județ,location: CF județ
0.6913,/servicii/extras-de-carte-funciara/neamt,/servicii/extras-de-carte-funciara/valcea,location: CF județ,location: CF județ
0.6912,/servicii/extras-de-carte-funciara/arad,/servicii/extras-de-carte-funciara/tulcea,location: CF județ,location: CF județ
0.6912,/servicii/extras-de-carte-funciara/braila,/servicii/extras-de-carte-funciara/covasna,location: CF județ,location: CF județ
0.6911,/servicii/extras-de-carte-funciara/alba,/servicii/extras-de-carte-funciara/buzau,location: CF județ,location: CF județ
0.6911,/servicii/extras-de-carte-funciara/arad,/servicii/extras-de-carte-funciara/buzau,location: CF județ,location: CF județ
0.6911,/servicii/extras-de-carte-funciara/caras-severin,/servicii/extras-de-carte-funciara/vrancea,location: CF județ,location: CF județ
0.691,/servicii/cazier-judiciar-online/calarasi,/servicii/cazier-judiciar-online/miercurea-ciuc,location: cazier oraș,location: cazier oraș
0.691,/servicii/cazier-judiciar-online/slatina,/servicii/cazier-judiciar-online/slobozia,location: cazier oraș,location: cazier oraș
0.6909,/servicii/extras-de-carte-funciara/alba,/servicii/extras-de-carte-funciara/teleorman,location: CF județ,location: CF județ
0.6909,/servicii/extras-de-carte-funciara/bacau,/servicii/extras-de-carte-funciara/calarasi,location: CF județ,location: CF județ
0.6909,/servicii/extras-de-carte-funciara/hunedoara,/servicii/extras-de-carte-funciara/olt,location: CF județ,location: CF județ
0.6908,/servicii/cazier-judiciar-online/braila,/servicii/cazier-judiciar-online/deva,location: cazier oraș,location: cazier oraș
0.6905,/servicii/extras-de-carte-funciara/bacau,/servicii/extras-de-carte-funciara/mehedinti,location: CF județ,location: CF județ
0.6905,/servicii/extras-de-carte-funciara/buzau,/servicii/extras-de-carte-funciara/teleorman,location: CF județ,location: CF județ
0.6905,/servicii/extras-de-carte-funciara/calarasi,/servicii/extras-de-carte-funciara/vaslui,location: CF județ,location: CF județ
0.6905,/servicii/extras-de-carte-funciara/giurgiu,/servicii/extras-de-carte-funciara/neamt,location: CF județ,location: CF județ
0.6903,/servicii/cazier-judiciar-online/botosani,/servicii/cazier-judiciar-online/focsani,location: cazier oraș,location: cazier oraș
0.6903,/servicii/cazier-judiciar-online/miercurea-ciuc,/servicii/cazier-judiciar-online/targoviste,location: cazier oraș,location: cazier oraș
0.6901,/servicii/cazier-judiciar-online/calarasi,/servicii/cazier-judiciar-online/slobozia,location: cazier oraș,location: cazier oraș
0.6901,/servicii/extras-de-carte-funciara/arad,/servicii/extras-de-carte-funciara/braila,location: CF județ,location: CF județ
0.6901,/servicii/extras-de-carte-funciara/bistrita-nasaud,/servicii/extras-de-carte-funciara/vrancea,location: CF județ,location: CF județ
0.6901,/servicii/extras-de-carte-funciara/braila,/servicii/extras-de-carte-funciara/dambovita,location: CF județ,location: CF județ
0.69,/servicii/cazier-judiciar-online/deva,/servicii/cazier-judiciar-online/focsani,location: cazier oraș,location: cazier oraș
0.6898,/servicii/cazier-judiciar-online/bistrita,/servicii/cazier-judiciar-online/tulcea,location: cazier oraș,location: cazier oraș
0.6898,/servicii/cazier-judiciar-online/focsani,/servicii/cazier-judiciar-online/targoviste,location: cazier oraș,location: cazier oraș
0.6897,/servicii/cazier-judiciar-online/botosani,/servicii/cazier-judiciar-online/miercurea-ciuc,location: cazier oraș,location: cazier oraș
0.6897,/servicii/cazier-judiciar-online/deva,/servicii/cazier-judiciar-online/slobozia,location: cazier oraș,location: cazier oraș
0.6897,/servicii/extras-de-carte-funciara/buzau,/servicii/extras-de-carte-funciara/vaslui,location: CF județ,location: CF județ
0.6897,/servicii/extras-de-carte-funciara/calarasi,/servicii/extras-de-carte-funciara/gorj,location: CF județ,location: CF județ
0.6897,/servicii/extras-de-carte-funciara/calarasi,/servicii/extras-de-carte-funciara/tulcea,location: CF județ,location: CF județ
0.6897,/servicii/extras-de-carte-funciara/caras-severin,/servicii/extras-de-carte-funciara/teleorman,location: CF județ,location: CF județ
0.6897,/servicii/extras-de-carte-funciara/covasna,/servicii/extras-de-carte-funciara/harghita,location: CF județ,location: CF județ
0.6897,/servicii/extras-de-carte-funciara/hunedoara,/servicii/extras-de-carte-funciara/valcea,location: CF județ,location: CF județ
0.6896,/servicii/cazier-judiciar-online/bistrita,/servicii/cazier-judiciar-online/braila,location: cazier oraș,location: cazier oraș
0.6896,/servicii/extras-de-carte-funciara/covasna,/servicii/extras-de-carte-funciara/giurgiu,location: CF județ,location: CF județ
0.6895,/servicii/extras-de-carte-funciara/alba,/servicii/extras-de-carte-funciara/dambovita,location: CF județ,location: CF județ
0.6895,/servicii/extras-de-carte-funciara/arad,/servicii/extras-de-carte-funciara/dambovita,location: CF județ,location: CF județ
0.6893,/servicii/cazier-judiciar-online/focsani,/servicii/cazier-judiciar-online/slatina,location: cazier oraș,location: cazier oraș
0.6891,/servicii/cazier-judiciar-online/botosani,/servicii/cazier-judiciar-online/vaslui,location: cazier oraș,location: cazier oraș
0.6889,/servicii/extras-de-carte-funciara/arad,/servicii/extras-de-carte-funciara/teleorman,location: CF județ,location: CF județ
0.6889,/servicii/extras-de-carte-funciara/botosani,/servicii/extras-de-carte-funciara/vrancea,location: CF județ,location: CF județ
0.6889,/servicii/extras-de-carte-funciara/braila,/servicii/extras-de-carte-funciara/vrancea,location: CF județ,location: CF județ
0.6889,/servicii/extras-de-carte-funciara/buzau,/servicii/extras-de-carte-funciara/gorj,location: CF județ,location: CF județ
0.6889,/servicii/extras-de-carte-funciara/buzau,/servicii/extras-de-carte-funciara/tulcea,location: CF județ,location: CF județ
0.6889,/servicii/extras-de-carte-funciara/calarasi,/servicii/extras-de-carte-funciara/harghita,location: CF județ,location: CF județ
0.6889,/servicii/extras-de-carte-funciara/calarasi,/servicii/extras-de-carte-funciara/maramures,location: CF județ,location: CF județ
0.6889,/servicii/extras-de-carte-funciara/caras-severin,/servicii/extras-de-carte-funciara/vaslui,location: CF județ,location: CF județ
0.6889,/servicii/extras-de-carte-funciara/dambovita,/servicii/extras-de-carte-funciara/teleorman,location: CF județ,location: CF județ
0.6889,/servicii/extras-de-carte-funciara/hunedoara,/servicii/extras-de-carte-funciara/salaj,location: CF județ,location: CF județ
0.6889,/servicii/extras-de-carte-funciara/ialomita,/servicii/extras-de-carte-funciara/valcea,location: CF județ,location: CF județ
0.6888,/servicii/cazier-judiciar-online/alexandria,/servicii/cazier-judiciar-online/botosani,location: cazier oraș,location: cazier oraș
0.6888,/servicii/cazier-judiciar-online/alexandria,/servicii/cazier-judiciar-online/slatina,location: cazier oraș,location: cazier oraș
0.6888,/servicii/cazier-judiciar-online/botosani,/servicii/cazier-judiciar-online/giurgiu,location: cazier oraș,location: cazier oraș
0.6888,/servicii/cazier-judiciar-online/buzau,/servicii/cazier-judiciar-online/ploiesti,location: cazier oraș,location: cazier oraș
0.6887,/servicii/extras-de-carte-funciara/alba,/servicii/extras-de-carte-funciara/covasna,location: CF județ,location: CF județ
0.6887,/servicii/extras-de-carte-funciara/arad,/servicii/extras-de-carte-funciara/covasna,location: CF județ,location: CF județ
0.6886,/servicii/cazier-judiciar-online/alexandria,/servicii/cazier-judiciar-online/ramnicu-valcea,location: cazier oraș,location: cazier oraș
0.6886,/servicii/cazier-judiciar-online/ramnicu-valcea,/servicii/cazier-judiciar-online/slobozia,location: cazier oraș,location: cazier oraș
0.6884,/servicii/extras-de-carte-funciara/buzau,/servicii/extras-de-carte-funciara/covasna,location: CF județ,location: CF județ
0.6884,/servicii/extras-de-carte-funciara/satu-mare,/servicii/extras-de-carte-funciara/teleorman,location: CF județ,location: CF județ
0.6883,/servicii/cazier-judiciar-online/focsani,/servicii/cazier-judiciar-online/sfantu-gheorghe,location: cazier oraș,location: cazier oraș
0.6881,/servicii/extras-de-carte-funciara/alba,/servicii/extras-de-carte-funciara/braila,location: CF județ,location: CF județ
0.6881,/servicii/extras-de-carte-funciara/botosani,/servicii/extras-de-carte-funciara/dambovita,location: CF județ,location: CF județ
0.6881,/servicii/extras-de-carte-funciara/buzau,/servicii/extras-de-carte-funciara/harghita,location: CF județ,location: CF județ
0.6881,/servicii/extras-de-carte-funciara/buzau,/servicii/extras-de-carte-funciara/maramures,location: CF județ,location: CF județ
0.6881,/servicii/extras-de-carte-funciara/calarasi,/servicii/extras-de-carte-funciara/neamt,location: CF județ,location: CF județ
0.6881,/servicii/extras-de-carte-funciara/caras-severin,/servicii/extras-de-carte-funciara/gorj,location: CF județ,location: CF județ
0.6881,/servicii/extras-de-carte-funciara/caras-severin,/servicii/extras-de-carte-funciara/tulcea,location: CF județ,location: CF județ
0.6881,/servicii/extras-de-carte-funciara/covasna,/servicii/extras-de-carte-funciara/teleorman,location: CF județ,location: CF județ
0.6881,/servicii/extras-de-carte-funciara/dambovita,/servicii/extras-de-carte-funciara/hunedoara,location: CF județ,location: CF județ
0.6881,/servicii/extras-de-carte-funciara/dambovita,/servicii/extras-de-carte-funciara/vaslui,location: CF județ,location: CF județ
0.6881,/servicii/extras-de-carte-funciara/gorj,/servicii/extras-de-carte-funciara/vrancea,location: CF județ,location: CF județ
0.6881,/servicii/extras-de-carte-funciara/ialomita,/servicii/extras-de-carte-funciara/salaj,location: CF județ,location: CF județ
0.688,/servicii/cazier-judiciar-online/alexandria,/servicii/cazier-judiciar-online/calarasi,location: cazier oraș,location: cazier oraș
0.688,/servicii/cazier-judiciar-online/braila,/servicii/cazier-judiciar-online/galati,location: cazier oraș,location: cazier oraș
0.688,/servicii/cazier-judiciar-online/ploiesti,/servicii/cazier-judiciar-online/slobozia,location: cazier oraș,location: cazier oraș
0.6879,/servicii/cazier-judiciar-online/ramnicu-valcea,/servicii/cazier-judiciar-online/vaslui,location: cazier oraș,location: cazier oraș
0.6877,/servicii/cazier-judiciar-online/braila,/servicii/cazier-judiciar-online/focsani,location: cazier oraș,location: cazier oraș
0.6877,/servicii/cazier-judiciar-online/calarasi,/servicii/cazier-judiciar-online/ploiesti,location: cazier oraș,location: cazier oraș
0.6876,/servicii/cazier-judiciar-online/giurgiu,/servicii/cazier-judiciar-online/resita,location: cazier oraș,location: cazier oraș
0.6875,/servicii/cazier-judiciar-online/focsani,/servicii/cazier-judiciar-online/miercurea-ciuc,location: cazier oraș,location: cazier oraș
0.6874,/servicii/extras-de-carte-funciara/alba,/servicii/extras-de-carte-funciara/gorj,location: CF județ,location: CF județ
0.6874,/servicii/extras-de-carte-funciara/arad,/servicii/extras-de-carte-funciara/gorj,location: CF județ,location: CF județ
0.6874,/servicii/extras-de-carte-funciara/bacau,/servicii/extras-de-carte-funciara/caras-severin,location: CF județ,location: CF județ
0.6874,/servicii/extras-de-carte-funciara/bistrita-nasaud,/servicii/extras-de-carte-funciara/dambovita,location: CF județ,location: CF județ
0.6874,/servicii/extras-de-carte-funciara/botosani,/servicii/extras-de-carte-funciara/covasna,location: CF județ,location: CF județ
0.6874,/servicii/extras-de-carte-funciara/buzau,/servicii/extras-de-carte-funciara/neamt,location: CF județ,location: CF județ
0.6874,/servicii/extras-de-carte-funciara/caras-severin,/servicii/extras-de-carte-funciara/harghita,location: CF județ,location: CF județ
0.6874,/servicii/extras-de-carte-funciara/caras-severin,/servicii/extras-de-carte-funciara/maramures,location: CF județ,location: CF județ
0.6874,/servicii/extras-de-carte-funciara/covasna,/servicii/extras-de-carte-funciara/vaslui,location: CF județ,location: CF județ
0.6874,/servicii/extras-de-carte-funciara/dambovita,/servicii/extras-de-carte-funciara/tulcea,location: CF județ,location: CF județ
0.6874,/servicii/extras-de-carte-funciara/harghita,/servicii/extras-de-carte-funciara/vrancea,location: CF județ,location: CF județ
0.6874,/servicii/extras-de-carte-funciara/maramures,/servicii/extras-de-carte-funciara/vrancea,location: CF județ,location: CF județ
0.6873,/servicii/cazier-judiciar-online/giurgiu,/servicii/cazier-judiciar-online/targoviste,location: cazier oraș,location: cazier oraș
0.6873,/servicii/cazier-judiciar-online/slobozia,/servicii/cazier-judiciar-online/suceava,location: cazier oraș,location: cazier oraș
0.6873,/servicii/extras-de-carte-funciara/caras-severin,/servicii/extras-de-carte-funciara/giurgiu,location: CF județ,location: CF județ
0.6873,/servicii/extras-de-carte-funciara/dambovita,/servicii/extras-de-carte-funciara/ialomita,location: CF județ,location: CF județ
0.6872,/servicii/extras-de-carte-funciara/buzau,/servicii/extras-de-carte-funciara/dambovita,location: CF județ,location: CF județ
0.6872,/servicii/extras-de-carte-funciara/calarasi,/servicii/extras-de-carte-funciara/covasna,location: CF județ,location: CF județ
0.6871,/servicii/cazier-judiciar-online/buzau,/servicii/cazier-judiciar-online/suceava,location: cazier oraș,location: cazier oraș
0.6871,/servicii/cazier-judiciar-online/resita,/servicii/cazier-judiciar-online/slatina,location: cazier oraș,location: cazier oraș
0.687,/servicii/cazier-judiciar-online/calarasi,/servicii/cazier-judiciar-online/suceava,location: cazier oraș,location: cazier oraș
0.687,/servicii/cazier-judiciar-online/ploiesti,/servicii/cazier-judiciar-online/targoviste,location: cazier oraș,location: cazier oraș
0.6869,/servicii/extras-de-carte-funciara/buzau,/servicii/extras-de-carte-funciara/valcea,location: CF județ,location: CF județ
0.6868,/servicii/cazier-judiciar-online/alexandria,/servicii/cazier-judiciar-online/sfantu-gheorghe,location: cazier oraș,location: cazier oraș
0.6868,/servicii/cazier-judiciar-online/giurgiu,/servicii/cazier-judiciar-online/slatina,location: cazier oraș,location: cazier oraș
0.6868,/servicii/cazier-judiciar-online/ramnicu-valcea,/servicii/cazier-judiciar-online/resita,location: cazier oraș,location: cazier oraș
0.6867,/servicii/cazier-judiciar-online/botosani,/servicii/cazier-judiciar-online/slobozia,location: cazier oraș,location: cazier oraș
0.6867,/servicii/cazier-judiciar-online/botosani,/servicii/cazier-judiciar-online/suceava,location: cazier oraș,location: cazier oraș
0.6866,/servicii/extras-de-carte-funciara/alba,/servicii/extras-de-carte-funciara/harghita,location: CF județ,location: CF județ
0.6866,/servicii/extras-de-carte-funciara/alba,/servicii/extras-de-carte-funciara/maramures,location: CF județ,location: CF județ
0.6866,/servicii/extras-de-carte-funciara/arad,/servicii/extras-de-carte-funciara/harghita,location: CF județ,location: CF județ
0.6866,/servicii/extras-de-carte-funciara/arad,/servicii/extras-de-carte-funciara/maramures,location: CF județ,location: CF județ
0.6866,/servicii/extras-de-carte-funciara/bacau,/servicii/extras-de-carte-funciara/dambovita,location: CF județ,location: CF județ
0.6866,/servicii/extras-de-carte-funciara/bistrita-nasaud,/servicii/extras-de-carte-funciara/covasna,location: CF județ,location: CF județ
0.6866,/servicii/extras-de-carte-funciara/calarasi,/servicii/extras-de-carte-funciara/hunedoara,location: CF județ,location: CF județ
0.6866,/servicii/extras-de-carte-funciara/caras-severin,/servicii/extras-de-carte-funciara/neamt,location: CF județ,location: CF județ
0.6866,/servicii/extras-de-carte-funciara/covasna,/servicii/extras-de-carte-funciara/tulcea,location: CF județ,location: CF județ
0.6866,/servicii/extras-de-carte-funciara/dambovita,/servicii/extras-de-carte-funciara/maramures,location: CF județ,location: CF județ
0.6866,/servicii/extras-de-carte-funciara/neamt,/servicii/extras-de-carte-funciara/vrancea,location: CF județ,location: CF județ
0.6865,/servicii/cazier-judiciar-online/giurgiu,/servicii/cazier-judiciar-online/vaslui,location: cazier oraș,location: cazier oraș
0.6864,/servicii/cazier-judiciar-online/alexandria,/servicii/cazier-judiciar-online/tulcea,location: cazier oraș,location: cazier oraș
0.6864,/servicii/cazier-judiciar-online/botosani,/servicii/cazier-judiciar-online/ploiesti,location: cazier oraș,location: cazier oraș
0.6864,/servicii/cazier-judiciar-online/giurgiu,/servicii/cazier-judiciar-online/pitesti,location: cazier oraș,location: cazier oraș
0.6863,/servicii/cazier-judiciar-online/calarasi,/servicii/cazier-judiciar-online/resita,location: cazier oraș,location: cazier oraș
0.6862,/servicii/cazier-judiciar-online/calarasi,/servicii/cazier-judiciar-online/vaslui,location: cazier oraș,location: cazier oraș
0.6861,/servicii/cazier-judiciar-online/giurgiu,/servicii/cazier-judiciar-online/zalau,location: cazier oraș,location: cazier oraș
0.6861,/servicii/extras-de-carte-funciara/buzau,/servicii/extras-de-carte-funciara/giurgiu,location: CF județ,location: CF județ
0.6861,/servicii/extras-de-carte-funciara/buzau,/servicii/extras-de-carte-funciara/olt,location: CF județ,location: CF județ
0.6861,/servicii/extras-de-carte-funciara/buzau,/servicii/extras-de-carte-funciara/salaj,location: CF județ,location: CF județ
0.6861,/servicii/extras-de-carte-funciara/calarasi,/servicii/extras-de-carte-funciara/dambovita,location: CF județ,location: CF județ
0.6861,/servicii/extras-de-carte-funciara/caras-severin,/servicii/extras-de-carte-funciara/valcea,location: CF județ,location: CF județ
0.6861,/servicii/extras-de-carte-funciara/ialomita,/servicii/extras-de-carte-funciara/vrancea,location: CF județ,location: CF județ
0.686,/servicii/cazier-judiciar-online/buzau,/servicii/cazier-judiciar-online/slobozia,location: cazier oraș,location: cazier oraș
0.686,/servicii/cazier-judiciar-online/slatina,/servicii/cazier-judiciar-online/vaslui,location: cazier oraș,location: cazier oraș
0.6859,/servicii/cazier-judiciar-online/bistrita,/servicii/cazier-judiciar-online/sfantu-gheorghe,location: cazier oraș,location: cazier oraș
0.6858,/servicii/cazier-judiciar-online/bistrita,/servicii/cazier-judiciar-online/botosani,location: cazier oraș,location: cazier oraș
0.6858,/servicii/extras-de-carte-funciara/alba,/servicii/extras-de-carte-funciara/neamt,location: CF județ,location: CF județ
0.6858,/servicii/extras-de-carte-funciara/arad,/servicii/extras-de-carte-funciara/neamt,location: CF județ,location: CF județ
0.6858,/servicii/extras-de-carte-funciara/bacau,/servicii/extras-de-carte-funciara/covasna,location: CF județ,location: CF județ
0.6858,/servicii/extras-de-carte-funciara/buzau,/servicii/extras-de-carte-funciara/hunedoara,location: CF județ,location: CF județ
0.6858,/servicii/extras-de-carte-funciara/calarasi,/servicii/extras-de-carte-funciara/ialomita,location: CF județ,location: CF județ
0.6858,/servicii/extras-de-carte-funciara/calarasi,/servicii/extras-de-carte-funciara/valcea,location: CF județ,location: CF județ
0.6858,/servicii/extras-de-carte-funciara/covasna,/servicii/extras-de-carte-funciara/maramures,location: CF județ,location: CF județ
0.6858,/servicii/extras-de-carte-funciara/dambovita,/servicii/extras-de-carte-funciara/neamt,location: CF județ,location: CF județ
0.6856,/servicii/cazier-judiciar-online/targoviste,/servicii/cazier-judiciar-online/vaslui,location: cazier oraș,location: cazier oraș
0.6854,/servicii/cazier-judiciar-online/focsani,/servicii/cazier-judiciar-online/zalau,location: cazier oraș,location: cazier oraș
0.6854,/servicii/cazier-judiciar-online/giurgiu,/servicii/cazier-judiciar-online/ramnicu-valcea,location: cazier oraș,location: cazier oraș
0.6854,/servicii/extras-de-carte-funciara/buzau,/servicii/extras-de-carte-funciara/mehedinti,location: CF județ,location: CF județ
0.6854,/servicii/extras-de-carte-funciara/caras-severin,/servicii/extras-de-carte-funciara/olt,location: CF județ,location: CF județ
0.6854,/servicii/extras-de-carte-funciara/caras-severin,/servicii/extras-de-carte-funciara/salaj,location: CF județ,location: CF județ
0.6854,/servicii/extras-de-carte-funciara/covasna,/servicii/extras-de-carte-funciara/hunedoara,location: CF județ,location: CF județ
0.6853,/servicii/cazier-judiciar-online/suceava,/servicii/cazier-judiciar-online/targoviste,location: cazier oraș,location: cazier oraș
0.6852,/servicii/cazier-judiciar-online/alexandria,/servicii/cazier-judiciar-online/targoviste,location: cazier oraș,location: cazier oraș
0.6852,/servicii/cazier-judiciar-online/braila,/servicii/cazier-judiciar-online/giurgiu,location: cazier oraș,location: cazier oraș
0.6852,/servicii/cazier-judiciar-online/slobozia,/servicii/cazier-judiciar-online/targoviste,location: cazier oraș,location: cazier oraș
0.6852,/servicii/extras-de-carte-funciara/mehedinti,/servicii/extras-de-carte-funciara/satu-mare,location: CF județ,location: CF județ
0.685,/servicii/cazier-judiciar-online/bistrita,/servicii/cazier-judiciar-online/calarasi,location: cazier oraș,location: cazier oraș
0.685,/servicii/cazier-judiciar-online/botosani,/servicii/cazier-judiciar-online/resita,location: cazier oraș,location: cazier oraș
0.685,/servicii/cazier-judiciar-online/giurgiu,/servicii/cazier-judiciar-online/miercurea-ciuc,location: cazier oraș,location: cazier oraș
0.685,/servicii/extras-de-carte-funciara/buzau,/servicii/extras-de-carte-funciara/ialomita,location: CF județ,location: CF județ
0.685,/servicii/extras-de-carte-funciara/calarasi,/servicii/extras-de-carte-funciara/giurgiu,location: CF județ,location: CF județ
0.685,/servicii/extras-de-carte-funciara/calarasi,/servicii/extras-de-carte-funciara/olt,location: CF județ,location: CF județ
0.685,/servicii/extras-de-carte-funciara/calarasi,/servicii/extras-de-carte-funciara/salaj,location: CF județ,location: CF județ
0.685,/servicii/extras-de-carte-funciara/caras-severin,/servicii/extras-de-carte-funciara/hunedoara,location: CF județ,location: CF județ
0.685,/servicii/extras-de-carte-funciara/covasna,/servicii/extras-de-carte-funciara/neamt,location: CF județ,location: CF județ
0.685,/servicii/extras-de-carte-funciara/hunedoara,/servicii/extras-de-carte-funciara/vrancea,location: CF județ,location: CF județ
0.6848,/servicii/cazier-judiciar-online/ploiesti,/servicii/cazier-judiciar-online/suceava,location: cazier oraș,location: cazier oraș
0.6848,/servicii/extras-de-carte-funciara/satu-mare,/servicii/extras-de-carte-funciara/valcea,location: CF județ,location: CF județ
0.6847,/servicii/cazier-judiciar-online/deva,/servicii/cazier-judiciar-online/ramnicu-valcea,location: cazier oraș,location: cazier oraș
0.6847,/servicii/cazier-judiciar-online/resita,/servicii/cazier-judiciar-online/tulcea,location: cazier oraș,location: cazier oraș
0.6847,/servicii/cazier-judiciar-online/tulcea,/servicii/cazier-judiciar-online/vaslui,location: cazier oraș,location: cazier oraș
0.6846,/servicii/cazier-judiciar-online/bacau,/servicii/cazier-judiciar-online/slobozia,location: cazier oraș,location: cazier oraș
0.6846,/servicii/extras-de-carte-funciara/alba,/servicii/extras-de-carte-funciara/giurgiu,location: CF județ,location: CF județ
0.6846,/servicii/extras-de-carte-funciara/alba,/servicii/extras-de-carte-funciara/olt,location: CF județ,location: CF județ
0.6846,/servicii/extras-de-carte-funciara/alba,/servicii/extras-de-carte-funciara/salaj,location: CF județ,location: CF județ
0.6846,/servicii/extras-de-carte-funciara/arad,/servicii/extras-de-carte-funciara/giurgiu,location: CF județ,location: CF județ
0.6846,/servicii/extras-de-carte-funciara/arad,/servicii/extras-de-carte-funciara/olt,location: CF județ,location: CF județ
0.6846,/servicii/extras-de-carte-funciara/arad,/servicii/extras-de-carte-funciara/salaj,location: CF județ,location: CF județ
0.6846,/servicii/extras-de-carte-funciara/caras-severin,/servicii/extras-de-carte-funciara/mehedinti,location: CF județ,location: CF județ
0.6846,/servicii/extras-de-carte-funciara/covasna,/servicii/extras-de-carte-funciara/ialomita,location: CF județ,location: CF județ
0.6842,/servicii/cazier-judiciar-online/bistrita,/servicii/cazier-judiciar-online/giurgiu,location: cazier oraș,location: cazier oraș
0.6842,/servicii/extras-de-carte-funciara/alba,/servicii/extras-de-carte-funciara/hunedoara,location: CF județ,location: CF județ
0.6842,/servicii/extras-de-carte-funciara/arad,/servicii/extras-de-carte-funciara/hunedoara,location: CF județ,location: CF județ
0.6842,/servicii/extras-de-carte-funciara/buzau,/servicii/extras-de-carte-funciara/vrancea,location: CF județ,location: CF județ
0.6842,/servicii/extras-de-carte-funciara/calarasi,/servicii/extras-de-carte-funciara/mehedinti,location: CF județ,location: CF județ
0.6842,/servicii/extras-de-carte-funciara/caras-severin,/servicii/extras-de-carte-funciara/ialomita,location: CF județ,location: CF județ
0.6841,/servicii/cazier-judiciar-online/calarasi,/servicii/cazier-judiciar-online/ramnicu-valcea,location: cazier oraș,location: cazier oraș
0.684,/servicii/cazier-judiciar-online/slobozia,/servicii/cazier-judiciar-online/zalau,location: cazier oraș,location: cazier oraș
0.6839,/servicii/cazier-judiciar-online/botosani,/servicii/cazier-judiciar-online/ramnicu-valcea,location: cazier oraș,location: cazier oraș
0.6839,/servicii/cazier-judiciar-online/deva,/servicii/cazier-judiciar-online/slatina,location: cazier oraș,location: cazier oraș
0.6838,/servicii/cazier-judiciar-online/buzau,/servicii/cazier-judiciar-online/miercurea-ciuc,location: cazier oraș,location: cazier oraș
0.6838,/servicii/extras-de-carte-funciara/alba,/servicii/extras-de-carte-funciara/mehedinti,location: CF județ,location: CF județ
0.6838,/servicii/extras-de-carte-funciara/arad,/servicii/extras-de-carte-funciara/mehedinti,location: CF județ,location: CF județ
0.6837,/servicii/cazier-judiciar-online/bistrita,/servicii/cazier-judiciar-online/slatina,location: cazier oraș,location: cazier oraș
0.6837,/servicii/cazier-judiciar-online/calarasi,/servicii/cazier-judiciar-online/zalau,location: cazier oraș,location: cazier oraș
0.6837,/servicii/cazier-judiciar-online/giurgiu,/servicii/cazier-judiciar-online/ploiesti,location: cazier oraș,location: cazier oraș
0.6836,/servicii/cazier-judiciar-online/buzau,/servicii/cazier-judiciar-online/calarasi,location: cazier oraș,location: cazier oraș
0.6835,/servicii/cazier-judiciar-online/bacau,/servicii/cazier-judiciar-online/giurgiu,location: cazier oraș,location: cazier oraș
0.6835,/servicii/cazier-judiciar-online/bistrita,/servicii/cazier-judiciar-online/ramnicu-valcea,location: cazier oraș,location: cazier oraș
0.6835,/servicii/cazier-judiciar-online/focsani,/servicii/cazier-judiciar-online/suceava,location: cazier oraș,location: cazier oraș
0.6835,/servicii/cazier-judiciar-online/resita,/servicii/cazier-judiciar-online/targoviste,location: cazier oraș,location: cazier oraș
0.6834,/servicii/extras-de-carte-funciara/alba,/servicii/extras-de-carte-funciara/ialomita,location: CF județ,location: CF județ
0.6834,/servicii/extras-de-carte-funciara/arad,/servicii/extras-de-carte-funciara/ialomita,location: CF județ,location: CF județ
0.6834,/servicii/extras-de-carte-funciara/dambovita,/servicii/extras-de-carte-funciara/valcea,location: CF județ,location: CF județ
0.6834,/servicii/extras-de-carte-funciara/giurgiu,/servicii/extras-de-carte-funciara/vrancea,location: CF județ,location: CF județ
0.6834,/servicii/extras-de-carte-funciara/olt,/servicii/extras-de-carte-funciara/vrancea,location: CF județ,location: CF județ
0.6834,/servicii/extras-de-carte-funciara/salaj,/servicii/extras-de-carte-funciara/vrancea,location: CF județ,location: CF județ
0.6833,/servicii/cazier-judiciar-online/deva,/servicii/cazier-judiciar-online/giurgiu,location: cazier oraș,location: cazier oraș
0.6833,/servicii/extras-de-carte-funciara/neamt,/servicii/extras-de-carte-funciara/satu-mare,location: CF județ,location: CF județ
0.683,/servicii/cazier-judiciar-online/buzau,/servicii/cazier-judiciar-online/targoviste,location: cazier oraș,location: cazier oraș
0.683,/servicii/cazier-judiciar-online/resita,/servicii/cazier-judiciar-online/sfantu-gheorghe,location: cazier oraș,location: cazier oraș
0.683,/servicii/cazier-judiciar-online/targoviste,/servicii/cazier-judiciar-online/zalau,location: cazier oraș,location: cazier oraș
0.683,/servicii/extras-de-carte-funciara/satu-mare,/servicii/extras-de-carte-funciara/tulcea,location: CF județ,location: CF județ
0.6829,/servicii/cazier-judiciar-online/alexandria,/servicii/cazier-judiciar-online/miercurea-ciuc,location: cazier oraș,location: cazier oraș
0.6829,/servicii/cazier-judiciar-online/bacau,/servicii/cazier-judiciar-online/focsani,location: cazier oraș,location: cazier oraș
0.6829,/servicii/cazier-judiciar-online/miercurea-ciuc,/servicii/cazier-judiciar-online/slobozia,location: cazier oraș,location: cazier oraș
0.6829,/servicii/cazier-judiciar-online/miercurea-ciuc,/servicii/cazier-judiciar-online/suceava,location: cazier oraș,location: cazier oraș
0.6828,/servicii/cazier-judiciar-online/ramnicu-valcea,/servicii/cazier-judiciar-online/slatina,location: cazier oraș,location: cazier oraș
0.6826,/servicii/cazier-judiciar-online/braila,/servicii/cazier-judiciar-online/slatina,location: cazier oraș,location: cazier oraș
0.6826,/servicii/cazier-judiciar-online/miercurea-ciuc,/servicii/cazier-judiciar-online/ploiesti,location: cazier oraș,location: cazier oraș
0.6826,/servicii/extras-de-carte-funciara/covasna,/servicii/extras-de-carte-funciara/valcea,location: CF județ,location: CF județ
0.6826,/servicii/extras-de-carte-funciara/dambovita,/servicii/extras-de-carte-funciara/olt,location: CF județ,location: CF județ
0.6826,/servicii/extras-de-carte-funciara/dambovita,/servicii/extras-de-carte-funciara/salaj,location: CF județ,location: CF județ
0.6826,/servicii/extras-de-carte-funciara/mehedinti,/servicii/extras-de-carte-funciara/vrancea,location: CF județ,location: CF județ
0.6825,/servicii/cazier-judiciar-online/miercurea-ciuc,/servicii/cazier-judiciar-online/sfantu-gheorghe,location: cazier oraș,location: cazier oraș
0.6824,/servicii/cazier-judiciar-online/botosani,/servicii/cazier-judiciar-online/buzau,location: cazier oraș,location: cazier oraș
0.6824,/servicii/cazier-judiciar-online/botosani,/servicii/cazier-judiciar-online/zalau,location: cazier oraș,location: cazier oraș
0.6822,/servicii/cazier-judiciar-online/bistrita,/servicii/cazier-judiciar-online/targoviste,location: cazier oraș,location: cazier oraș
0.6822,/servicii/cazier-judiciar-online/calarasi,/servicii/cazier-judiciar-online/slatina,location: cazier oraș,location: cazier oraș
0.6822,/servicii/cazier-judiciar-online/miercurea-ciuc,/servicii/cazier-judiciar-online/vaslui,location: cazier oraș,location: cazier oraș
0.6821,/servicii/extras-de-carte-funciara/giurgiu,/servicii/extras-de-carte-funciara/satu-mare,location: CF județ,location: CF județ
0.682,/servicii/cazier-judiciar-online/alexandria,/servicii/cazier-judiciar-online/suceava,location: cazier oraș,location: cazier oraș
0.682,/servicii/cazier-judiciar-online/calarasi,/servicii/cazier-judiciar-online/deva,location: cazier oraș,location: cazier oraș
0.682,/servicii/cazier-judiciar-online/focsani,/servicii/cazier-judiciar-online/ploiesti,location: cazier oraș,location: cazier oraș
0.6819,/servicii/cazier-judiciar-online/giurgiu,/servicii/cazier-judiciar-online/sibiu,location: cazier oraș,location: cazier oraș
0.6819,/servicii/cazier-judiciar-online/sibiu,/servicii/cazier-judiciar-online/slobozia,location: cazier oraș,location: cazier oraș
0.6819,/servicii/extras-de-carte-funciara/covasna,/servicii/extras-de-carte-funciara/olt,location: CF județ,location: CF județ
0.6819,/servicii/extras-de-carte-funciara/covasna,/servicii/extras-de-carte-funciara/salaj,location: CF județ,location: CF județ
0.6819,/servicii/extras-de-carte-funciara/dambovita,/servicii/extras-de-carte-funciara/mehedinti,location: CF județ,location: CF județ
0.6818,/servicii/cazier-judiciar-online/buzau,/servicii/cazier-judiciar-online/giurgiu,location: cazier oraș,location: cazier oraș
0.6818,/servicii/cazier-judiciar-online/giurgiu,/servicii/cazier-judiciar-online/ilfov,location: cazier oraș,location: cazier oraș
0.6818,/servicii/cazier-judiciar-online/miercurea-ciuc,/servicii/cazier-judiciar-online/zalau,location: cazier oraș,location: cazier oraș
0.6818,/servicii/extras-de-carte-funciara/satu-mare,/servicii/extras-de-carte-funciara/vaslui,location: CF județ,location: CF județ
0.6816,/servicii/cazier-judiciar-online/focsani,/servicii/cazier-judiciar-online/tulcea,location: cazier oraș,location: cazier oraș
0.6816,/servicii/cazier-judiciar-online/galati,/servicii/cazier-judiciar-online/giurgiu,location: cazier oraș,location: cazier oraș
0.6816,/servicii/cazier-judiciar-online/galati,/servicii/cazier-judiciar-online/slobozia,location: cazier oraș,location: cazier oraș
0.6815,/servicii/cazier-judiciar-online/buzau,/servicii/cazier-judiciar-online/sfantu-gheorghe,location: cazier oraș,location: cazier oraș
0.6813,/servicii/cazier-judiciar-online/ramnicu-valcea,/servicii/cazier-judiciar-online/targoviste,location: cazier oraș,location: cazier oraș
0.6812,/servicii/cazier-judiciar-online/buzau,/servicii/cazier-judiciar-online/focsani,location: cazier oraș,location: cazier oraș
0.6812,/servicii/cazier-judiciar-online/focsani,/servicii/cazier-judiciar-online/ilfov,location: cazier oraș,location: cazier oraș
0.6812,/servicii/cazier-judiciar-online/miercurea-ciuc,/servicii/cazier-judiciar-online/resita,location: cazier oraș,location: cazier oraș
0.6812,/servicii/cazier-judiciar-online/vaslui,/servicii/cazier-judiciar-online/zalau,location: cazier oraș,location: cazier oraș
0.6811,/servicii/extras-de-carte-funciara/calarasi,/servicii/extras-de-carte-funciara/vrancea,location: CF județ,location: CF județ
0.6811,/servicii/extras-de-carte-funciara/covasna,/servicii/extras-de-carte-funciara/mehedinti,location: CF județ,location: CF județ
0.681,/servicii/cazier-judiciar-online/giurgiu,/servicii/cazier-judiciar-online/suceava,location: cazier oraș,location: cazier oraș
0.6809,/servicii/cazier-judiciar-online/galati,/servicii/cazier-judiciar-online/resita,location: cazier oraș,location: cazier oraș
0.6808,/servicii/cazier-judiciar-online/alexandria,/servicii/cazier-judiciar-online/zalau,location: cazier oraș,location: cazier oraș
0.6807,/servicii/cazier-judiciar-online/botosani,/servicii/cazier-judiciar-online/deva,location: cazier oraș,location: cazier oraș
0.6807,/servicii/cazier-judiciar-online/braila,/servicii/cazier-judiciar-online/calarasi,location: cazier oraș,location: cazier oraș
0.6806,/servicii/cazier-judiciar-online/alexandria,/servicii/cazier-judiciar-online/ploiesti,location: cazier oraș,location: cazier oraș
0.6806,/servicii/cazier-judiciar-online/sfantu-gheorghe,/servicii/cazier-judiciar-online/suceava,location: cazier oraș,location: cazier oraș
0.6805,/servicii/cazier-judiciar-online/botosani,/servicii/cazier-judiciar-online/braila,location: cazier oraș,location: cazier oraș
0.6805,/servicii/cazier-judiciar-online/deva,/servicii/cazier-judiciar-online/tulcea,location: cazier oraș,location: cazier oraș
0.6805,/servicii/cazier-judiciar-online/drobeta-turnu-severin,/servicii/cazier-judiciar-online/slobozia,location: cazier oraș,location: cazier oraș
0.6803,/servicii/cazier-judiciar-online/alexandria,/servicii/cazier-judiciar-online/bacau,location: cazier oraș,location: cazier oraș
0.6803,/servicii/cazier-judiciar-online/bacau,/servicii/cazier-judiciar-online/sibiu,location: cazier oraș,location: cazier oraș
0.6803,/servicii/cazier-judiciar-online/braila,/servicii/cazier-judiciar-online/ramnicu-valcea,location: cazier oraș,location: cazier oraș
0.6803,/servicii/cazier-judiciar-online/resita,/servicii/cazier-judiciar-online/suceava,location: cazier oraș,location: cazier oraș
0.6803,/servicii/extras-de-carte-funciara/alba,/servicii/extras-de-carte-funciara/calarasi,location: CF județ,location: CF județ
0.6803,/servicii/extras-de-carte-funciara/arad,/servicii/extras-de-carte-funciara/calarasi,location: CF județ,location: CF județ
0.6802,/servicii/cazier-judiciar-online/focsani,/servicii/cazier-judiciar-online/sibiu,location: cazier oraș,location: cazier oraș
0.6801,/servicii/cazier-judiciar-online/bacau,/servicii/cazier-judiciar-online/calarasi,location: cazier oraș,location: cazier oraș
0.6801,/servicii/cazier-judiciar-online/giurgiu,/servicii/cazier-judiciar-online/tulcea,location: cazier oraș,location: cazier oraș
0.6799,/servicii/cazier-judiciar-online/botosani,/servicii/cazier-judiciar-online/slatina,location: cazier oraș,location: cazier oraș
0.6799,/servicii/cazier-judiciar-online/focsani,/servicii/cazier-judiciar-online/galati,location: cazier oraș,location: cazier oraș
0.6799,/servicii/cazier-judiciar-online/ploiesti,/servicii/cazier-judiciar-online/vaslui,location: cazier oraș,location: cazier oraș
0.6798,/servicii/cazier-judiciar-online/alexandria,/servicii/cazier-judiciar-online/sibiu,location: cazier oraș,location: cazier oraș
0.6798,/servicii/cazier-judiciar-online/drobeta-turnu-severin,/servicii/cazier-judiciar-online/focsani,location: cazier oraș,location: cazier oraș
0.6796,/servicii/cazier-judiciar-online/cluj-napoca,/servicii/cazier-judiciar-online/craiova,location: cazier oraș,location: cazier oraș
0.6795,/servicii/cazier-judiciar-online/alexandria,/servicii/cazier-judiciar-online/galati,location: cazier oraș,location: cazier oraș
0.6795,/servicii/cazier-judiciar-online/calarasi,/servicii/cazier-judiciar-online/sibiu,location: cazier oraș,location: cazier oraș
0.6795,/servicii/cazier-judiciar-online/focsani,/servicii/cazier-judiciar-online/pitesti,location: cazier oraș,location: cazier oraș
0.6793,/servicii/cazier-judiciar-online/deva,/servicii/cazier-judiciar-online/targoviste,location: cazier oraș,location: cazier oraș
0.6792,/servicii/cazier-judiciar-online/calarasi,/servicii/cazier-judiciar-online/sfantu-gheorghe,location: cazier oraș,location: cazier oraș
0.6792,/servicii/cazier-judiciar-online/suceava,/servicii/cazier-judiciar-online/vaslui,location: cazier oraș,location: cazier oraș
0.6791,/servicii/cazier-judiciar-online/buzau,/servicii/cazier-judiciar-online/resita,location: cazier oraș,location: cazier oraș
0.6791,/servicii/cazier-judiciar-online/resita,/servicii/cazier-judiciar-online/zalau,location: cazier oraș,location: cazier oraș
0.6791,/servicii/cazier-judiciar-online/slobozia,/servicii/cazier-judiciar-online/tulcea,location: cazier oraș,location: cazier oraș
0.679,/servicii/cazier-judiciar-online/miercurea-ciuc,/servicii/cazier-judiciar-online/ramnicu-valcea,location: cazier oraș,location: cazier oraș
0.6789,/servicii/cazier-judiciar-online/bistrita,/servicii/cazier-judiciar-online/zalau,location: cazier oraș,location: cazier oraș
0.6789,/servicii/cazier-judiciar-online/cluj-napoca,/servicii/cazier-judiciar-online/giurgiu,location: cazier oraș,location: cazier oraș
0.6789,/servicii/cazier-judiciar-online/ploiesti,/servicii/cazier-judiciar-online/resita,location: cazier oraș,location: cazier oraș
0.6788,/servicii/cazier-judiciar-online/calarasi,/servicii/cazier-judiciar-online/tulcea,location: cazier oraș,location: cazier oraș
0.6788,/servicii/cazier-judiciar-online/cluj-napoca,/servicii/cazier-judiciar-online/sibiu,location: cazier oraș,location: cazier oraș
0.6788,/servicii/cazier-judiciar-online/deva,/servicii/cazier-judiciar-online/sfantu-gheorghe,location: cazier oraș,location: cazier oraș
0.6788,/servicii/cazier-judiciar-online/galati,/servicii/cazier-judiciar-online/vaslui,location: cazier oraș,location: cazier oraș
0.6788,/servicii/cazier-judiciar-online/giurgiu,/servicii/cazier-judiciar-online/targu-mures,location: cazier oraș,location: cazier oraș
0.6788,/servicii/cazier-judiciar-online/ramnicu-valcea,/servicii/cazier-judiciar-online/sfantu-gheorghe,location: cazier oraș,location: cazier oraș
0.6787,/servicii/cazier-judiciar-online/alexandria,/servicii/cazier-judiciar-online/buzau,location: cazier oraș,location: cazier oraș
0.6787,/servicii/cazier-judiciar-online/bacau,/servicii/cazier-judiciar-online/resita,location: cazier oraș,location: cazier oraș
0.6786,/servicii/cazier-judiciar-online/sfantu-gheorghe,/servicii/cazier-judiciar-online/targoviste,location: cazier oraș,location: cazier oraș
0.6785,/servicii/cazier-judiciar-online/bacau,/servicii/cazier-judiciar-online/baia-mare,location: cazier oraș,location: cazier oraș
0.6785,/servicii/cazier-judiciar-online/craiova,/servicii/cazier-judiciar-online/giurgiu,location: cazier oraș,location: cazier oraș
0.6785,/servicii/cazier-judiciar-online/giurgiu,/servicii/cazier-judiciar-online/sfantu-gheorghe,location: cazier oraș,location: cazier oraș
0.6785,/servicii/cazier-judiciar-online/slatina,/servicii/cazier-judiciar-online/targoviste,location: cazier oraș,location: cazier oraș
0.6784,/servicii/cazier-judiciar-online/bacau,/servicii/cazier-judiciar-online/suceava,location: cazier oraș,location: cazier oraș
0.6784,/servicii/extras-de-carte-funciara/maramures,/servicii/extras-de-carte-funciara/satu-mare,location: CF județ,location: CF județ
0.6782,/servicii/cazier-judiciar-online/braila,/servicii/cazier-judiciar-online/tulcea,location: cazier oraș,location: cazier oraș
0.6781,/servicii/cazier-judiciar-online/resita,/servicii/cazier-judiciar-online/sibiu,location: cazier oraș,location: cazier oraș
0.678,/servicii/cazier-judiciar-online/botosani,/servicii/cazier-judiciar-online/sfantu-gheorghe,location: cazier oraș,location: cazier oraș
0.678,/servicii/cazier-judiciar-online/buzau,/servicii/cazier-judiciar-online/vaslui,location: cazier oraș,location: cazier oraș
0.678,/servicii/cazier-judiciar-online/pitesti,/servicii/cazier-judiciar-online/slobozia,location: cazier oraș,location: cazier oraș
0.678,/servicii/cazier-judiciar-online/ploiesti,/servicii/cazier-judiciar-online/slatina,location: cazier oraș,location: cazier oraș
0.678,/servicii/cazier-judiciar-online/sfantu-gheorghe,/servicii/cazier-judiciar-online/slatina,location: cazier oraș,location: cazier oraș
0.678,/servicii/cazier-judiciar-online/sibiu,/servicii/cazier-judiciar-online/vaslui,location: cazier oraș,location: cazier oraș
0.678,/servicii/extras-de-carte-funciara/botosani,/servicii/extras-de-carte-funciara/satu-mare,location: CF județ,location: CF județ
0.678,/servicii/extras-de-carte-funciara/braila,/servicii/extras-de-carte-funciara/satu-mare,location: CF județ,location: CF județ
0.6778,/servicii/cazier-judiciar-online/bacau,/servicii/cazier-judiciar-online/slatina,location: cazier oraș,location: cazier oraș
0.6778,/servicii/cazier-judiciar-online/bistrita,/servicii/cazier-judiciar-online/miercurea-ciuc,location: cazier oraș,location: cazier oraș
0.6778,/servicii/cazier-judiciar-online/cluj-napoca,/servicii/cazier-judiciar-online/slobozia,location: cazier oraș,location: cazier oraș
0.6777,/servicii/cazier-judiciar-online/drobeta-turnu-severin,/servicii/cazier-judiciar-online/vaslui,location: cazier oraș,location: cazier oraș
0.6776,/servicii/cazier-judiciar-online/bacau,/servicii/cazier-judiciar-online/vaslui,location: cazier oraș,location: cazier oraș
0.6776,/servicii/cazier-judiciar-online/ilfov,/servicii/cazier-judiciar-online/slobozia,location: cazier oraș,location: cazier oraș
0.6776,/servicii/cazier-judiciar-online/ilfov,/servicii/cazier-judiciar-online/zalau,location: cazier oraș,location: cazier oraș
0.6774,/servicii/cazier-judiciar-online/bacau,/servicii/cazier-judiciar-online/braila,location: cazier oraș,location: cazier oraș
0.6774,/servicii/cazier-judiciar-online/calarasi,/servicii/cazier-judiciar-online/ilfov,location: cazier oraș,location: cazier oraș
0.6774,/servicii/cazier-judiciar-online/craiova,/servicii/cazier-judiciar-online/slobozia,location: cazier oraș,location: cazier oraș
0.6774,/servicii/cazier-judiciar-online/sfantu-gheorghe,/servicii/cazier-judiciar-online/zalau,location: cazier oraș,location: cazier oraș
0.6773,/servicii/cazier-judiciar-online/bacau,/servicii/cazier-judiciar-online/cluj-napoca,location: cazier oraș,location: cazier oraș
0.6772,/servicii/cazier-judiciar-online/botosani,/servicii/cazier-judiciar-online/sibiu,location: cazier oraș,location: cazier oraș
0.6772,/servicii/cazier-judiciar-online/focsani,/servicii/cazier-judiciar-online/targu-mures,location: cazier oraș,location: cazier oraș
0.6772,/servicii/cazier-judiciar-online/galati,/servicii/cazier-judiciar-online/ploiesti,location: cazier oraș,location: cazier oraș
0.6772,/servicii/cazier-judiciar-online/sibiu,/servicii/cazier-judiciar-online/slatina,location: cazier oraș,location: cazier oraș
0.6772,/servicii/cazier-judiciar-online/slatina,/servicii/cazier-judiciar-online/zalau,location: cazier oraș,location: cazier oraș
0.6772,/servicii/extras-de-carte-funciara/bistrita-nasaud,/servicii/extras-de-carte-funciara/satu-mare,location: CF județ,location: CF județ
0.6772,/servicii/extras-de-carte-funciara/gorj,/servicii/extras-de-carte-funciara/satu-mare,location: CF județ,location: CF județ
0.6771,/servicii/cazier-judiciar-online/baia-mare,/servicii/cazier-judiciar-online/suceava,location: cazier oraș,location: cazier oraș
0.6771,/servicii/cazier-judiciar-online/craiova,/servicii/cazier-judiciar-online/galati,location: cazier oraș,location: cazier oraș
0.6771,/servicii/cazier-judiciar-online/ploiesti,/servicii/cazier-judiciar-online/sfantu-gheorghe,location: cazier oraș,location: cazier oraș
0.677,/servicii/cazier-judiciar-online/bacau,/servicii/cazier-judiciar-online/ploiesti,location: cazier oraș,location: cazier oraș
0.677,/servicii/cazier-judiciar-online/bistrita,/servicii/cazier-judiciar-online/suceava,location: cazier oraș,location: cazier oraș
0.677,/servicii/cazier-judiciar-online/braila,/servicii/cazier-judiciar-online/targoviste,location: cazier oraș,location: cazier oraș
0.677,/servicii/cazier-judiciar-online/deva,/servicii/cazier-judiciar-online/miercurea-ciuc,location: cazier oraș,location: cazier oraș
0.677,/servicii/cazier-judiciar-online/galati,/servicii/cazier-judiciar-online/slatina,location: cazier oraș,location: cazier oraș
0.677,/servicii/cazier-judiciar-online/ramnicu-valcea,/servicii/cazier-judiciar-online/zalau,location: cazier oraș,location: cazier oraș
0.6769,/servicii/cazier-judiciar-online/alexandria,/servicii/cazier-judiciar-online/baia-mare,location: cazier oraș,location: cazier oraș
0.6768,/servicii/cazier-judiciar-online/arad,/servicii/cazier-judiciar-online/slobozia,location: cazier oraș,location: cazier oraș
0.6768,/servicii/cazier-judiciar-online/bacau,/servicii/cazier-judiciar-online/botosani,location: cazier oraș,location: cazier oraș
0.6768,/servicii/cazier-judiciar-online/bistrita,/servicii/cazier-judiciar-online/sibiu,location: cazier oraș,location: cazier oraș
0.6768,/servicii/cazier-judiciar-online/braila,/servicii/cazier-judiciar-online/miercurea-ciuc,location: cazier oraș,location: cazier oraș
0.6767,/servicii/cazier-judiciar-online/calarasi,/servicii/cazier-judiciar-online/pitesti,location: cazier oraș,location: cazier oraș
0.6765,/servicii/cazier-judiciar-online/braila,/servicii/cazier-judiciar-online/sfantu-gheorghe,location: cazier oraș,location: cazier oraș
0.6765,/servicii/cazier-judiciar-online/buzau,/servicii/cazier-judiciar-online/zalau,location: cazier oraș,location: cazier oraș
0.6765,/servicii/extras-de-carte-funciara/bacau,/servicii/extras-de-carte-funciara/satu-mare,location: CF județ,location: CF județ
0.6765,/servicii/extras-de-carte-funciara/harghita,/servicii/extras-de-carte-funciara/satu-mare,location: CF județ,location: CF județ
0.6764,/servicii/cazier-judiciar-online/alexandria,/servicii/cazier-judiciar-online/craiova,location: cazier oraș,location: cazier oraș
0.6764,/servicii/cazier-judiciar-online/ploiesti,/servicii/cazier-judiciar-online/zalau,location: cazier oraș,location: cazier oraș
0.6762,/servicii/cazier-judiciar-online/cluj-napoca,/servicii/cazier-judiciar-online/focsani,location: cazier oraș,location: cazier oraș
0.6762,/servicii/cazier-judiciar-online/miercurea-ciuc,/servicii/cazier-judiciar-online/slatina,location: cazier oraș,location: cazier oraș
0.6761,/servicii/cazier-judiciar-online/bacau,/servicii/cazier-judiciar-online/zalau,location: cazier oraș,location: cazier oraș
0.6761,/servicii/cazier-judiciar-online/botosani,/servicii/cazier-judiciar-online/ilfov,location: cazier oraș,location: cazier oraș
0.6761,/servicii/cazier-judiciar-online/buzau,/servicii/cazier-judiciar-online/slatina,location: cazier oraș,location: cazier oraș
0.6761,/servicii/cazier-judiciar-online/calarasi,/servicii/cazier-judiciar-online/galati,location: cazier oraș,location: cazier oraș
0.6761,/servicii/cazier-judiciar-online/deva,/servicii/cazier-judiciar-online/suceava,location: cazier oraș,location: cazier oraș
0.6761,/servicii/cazier-judiciar-online/ramnicu-valcea,/servicii/cazier-judiciar-online/suceava,location: cazier oraș,location: cazier oraș
0.6761,/servicii/cazier-judiciar-online/targoviste,/servicii/cazier-judiciar-online/tulcea,location: cazier oraș,location: cazier oraș
0.6759,/servicii/cazier-judiciar-online/alexandria,/servicii/cazier-judiciar-online/pitesti,location: cazier oraș,location: cazier oraș
0.6757,/servicii/cazier-judiciar-online/alexandria,/servicii/cazier-judiciar-online/cluj-napoca,location: cazier oraș,location: cazier oraș
0.6757,/servicii/cazier-judiciar-online/braila,/servicii/cazier-judiciar-online/zalau,location: cazier oraș,location: cazier oraș
0.6757,/servicii/cazier-judiciar-online/craiova,/servicii/cazier-judiciar-online/focsani,location: cazier oraș,location: cazier oraș
0.6757,/servicii/cazier-judiciar-online/deva,/servicii/cazier-judiciar-online/galati,location: cazier oraș,location: cazier oraș
0.6757,/servicii/cazier-judiciar-online/drobeta-turnu-severin,/servicii/cazier-judiciar-online/resita,location: cazier oraș,location: cazier oraș
0.6757,/servicii/cazier-judiciar-online/ilfov,/servicii/cazier-judiciar-online/targoviste,location: cazier oraș,location: cazier oraș
0.6757,/servicii/cazier-judiciar-online/sibiu,/servicii/cazier-judiciar-online/targoviste,location: cazier oraș,location: cazier oraș
0.6756,/servicii/cazier-judiciar-online/arad,/servicii/cazier-judiciar-online/buzau,location: cazier oraș,location: cazier oraș
0.6756,/servicii/cazier-judiciar-online/bistrita,/servicii/cazier-judiciar-online/ploiesti,location: cazier oraș,location: cazier oraș
0.6755,/servicii/cazier-judiciar-online/alexandria,/servicii/cazier-judiciar-online/ilfov,location: cazier oraș,location: cazier oraș
0.6755,/servicii/cazier-judiciar-online/botosani,/servicii/cazier-judiciar-online/pitesti,location: cazier oraș,location: cazier oraș
0.6755,/servicii/cazier-judiciar-online/botosani,/servicii/cazier-judiciar-online/tulcea,location: cazier oraș,location: cazier oraș
0.6755,/servicii/cazier-judiciar-online/ilfov,/servicii/cazier-judiciar-online/miercurea-ciuc,location: cazier oraș,location: cazier oraș
0.6753,/servicii/cazier-judiciar-online/alexandria,/servicii/cazier-judiciar-online/drobeta-turnu-severin,location: cazier oraș,location: cazier oraș
0.6753,/servicii/cazier-judiciar-online/bacau,/servicii/cazier-judiciar-online/bistrita,location: cazier oraș,location: cazier oraș
0.6753,/servicii/cazier-judiciar-online/bacau,/servicii/cazier-judiciar-online/targoviste,location: cazier oraș,location: cazier oraș
0.6753,/servicii/cazier-judiciar-online/baia-mare,/servicii/cazier-judiciar-online/focsani,location: cazier oraș,location: cazier oraș
0.6753,/servicii/cazier-judiciar-online/drobeta-turnu-severin,/servicii/cazier-judiciar-online/giurgiu,location: cazier oraș,location: cazier oraș
0.6753,/servicii/cazier-judiciar-online/pitesti,/servicii/cazier-judiciar-online/resita,location: cazier oraș,location: cazier oraș
0.6753,/servicii/cazier-judiciar-online/slatina,/servicii/cazier-judiciar-online/suceava,location: cazier oraș,location: cazier oraș
0.6751,/servicii/cazier-judiciar-online/bacau,/servicii/cazier-judiciar-online/buzau,location: cazier oraș,location: cazier oraș
0.6749,/servicii/cazier-judiciar-online/baia-mare,/servicii/cazier-judiciar-online/slobozia,location: cazier oraș,location: cazier oraș
0.6749,/servicii/cazier-judiciar-online/botosani,/servicii/cazier-judiciar-online/galati,location: cazier oraș,location: cazier oraș
0.6749,/servicii/cazier-judiciar-online/deva,/servicii/cazier-judiciar-online/zalau,location: cazier oraș,location: cazier oraș
0.6747,/servicii/cazier-judiciar-online/craiova,/servicii/cazier-judiciar-online/resita,location: cazier oraș,location: cazier oraș
0.6747,/servicii/cazier-judiciar-online/deva,/servicii/cazier-judiciar-online/ploiesti,location: cazier oraș,location: cazier oraș
0.6746,/servicii/cazier-judiciar-online/targu-mures,/servicii/cazier-judiciar-online/zalau,location: cazier oraș,location: cazier oraș
0.6745,/servicii/cazier-judiciar-online/bacau,/servicii/cazier-judiciar-online/deva,location: cazier oraș,location: cazier oraș
0.6745,/servicii/cazier-judiciar-online/bistrita,/servicii/cazier-judiciar-online/galati,location: cazier oraș,location: cazier oraș
0.6745,/servicii/cazier-judiciar-online/braila,/servicii/cazier-judiciar-online/ploiesti,location: cazier oraș,location: cazier oraș
0.6745,/servicii/cazier-judiciar-online/sibiu,/servicii/cazier-judiciar-online/zalau,location: cazier oraș,location: cazier oraș
0.6743,/servicii/cazier-judiciar-online/giurgiu,/servicii/cazier-judiciar-online/targu-jiu,location: cazier oraș,location: cazier oraș
0.6742,/servicii/cazier-judiciar-online/alba-iulia,/servicii/cazier-judiciar-online/bistrita,location: cazier oraș,location: cazier oraș
0.6742,/servicii/cazier-judiciar-online/baia-mare,/servicii/cazier-judiciar-online/resita,location: cazier oraș,location: cazier oraș
0.6742,/servicii/extras-de-carte-funciara/hunedoara,/servicii/extras-de-carte-funciara/satu-mare,location: CF județ,location: CF județ
0.6741,/servicii/cazier-judiciar-online/cluj-napoca,/servicii/cazier-judiciar-online/resita,location: cazier oraș,location: cazier oraș
0.674,/servicii/cazier-judiciar-online/alba-iulia,/servicii/cazier-judiciar-online/slobozia,location: cazier oraș,location: cazier oraș
0.674,/servicii/cazier-judiciar-online/pitesti,/servicii/cazier-judiciar-online/targoviste,location: cazier oraș,location: cazier oraș
0.6739,/servicii/cazier-judiciar-online/baia-mare,/servicii/cazier-judiciar-online/giurgiu,location: cazier oraș,location: cazier oraș
0.6739,/servicii/cazier-judiciar-online/deva,/servicii/cazier-judiciar-online/sibiu,location: cazier oraș,location: cazier oraș
0.6739,/servicii/cazier-judiciar-online/ilfov,/servicii/cazier-judiciar-online/resita,location: cazier oraș,location: cazier oraș
0.6739,/servicii/cazier-judiciar-online/ilfov,/servicii/cazier-judiciar-online/vaslui,location: cazier oraș,location: cazier oraș
0.6738,/servicii/cazier-judiciar-online/arad,/servicii/cazier-judiciar-online/suceava,location: cazier oraș,location: cazier oraș
0.6738,/servicii/cazier-judiciar-online/braila,/servicii/cazier-judiciar-online/suceava,location: cazier oraș,location: cazier oraș
0.6738,/servicii/cazier-judiciar-online/slatina,/servicii/cazier-judiciar-online/targu-jiu,location: cazier oraș,location: cazier oraș
0.6737,/servicii/cazier-judiciar-online/bistrita,/servicii/cazier-judiciar-online/buzau,location: cazier oraș,location: cazier oraș
0.6737,/servicii/cazier-judiciar-online/braila,/servicii/cazier-judiciar-online/sibiu,location: cazier oraș,location: cazier oraș
0.6737,/servicii/cazier-judiciar-online/ploiesti,/servicii/cazier-judiciar-online/ramnicu-valcea,location: cazier oraș,location: cazier oraș
0.6737,/servicii/cazier-judiciar-online/slobozia,/servicii/cazier-judiciar-online/targu-mures,location: cazier oraș,location: cazier oraș
0.6736,/servicii/cazier-judiciar-online/cluj-napoca,/servicii/cazier-judiciar-online/zalau,location: cazier oraș,location: cazier oraș
0.6736,/servicii/cazier-judiciar-online/craiova,/servicii/cazier-judiciar-online/vaslui,location: cazier oraș,location: cazier oraș
0.6736,/servicii/cazier-judiciar-online/drobeta-turnu-severin,/servicii/cazier-judiciar-online/ramnicu-valcea,location: cazier oraș,location: cazier oraș
0.6734,/servicii/cazier-judiciar-online/arad,/servicii/cazier-judiciar-online/ploiesti,location: cazier oraș,location: cazier oraș
0.6734,/servicii/cazier-judiciar-online/bacau,/servicii/cazier-judiciar-online/ramnicu-valcea,location: cazier oraș,location: cazier oraș
0.6734,/servicii/cazier-judiciar-online/calarasi,/servicii/cazier-judiciar-online/cluj-napoca,location: cazier oraș,location: cazier oraș
0.6734,/servicii/cazier-judiciar-online/calarasi,/servicii/cazier-judiciar-online/targu-mures,location: cazier oraș,location: cazier oraș
0.6734,/servicii/cazier-judiciar-online/galati,/servicii/cazier-judiciar-online/targoviste,location: cazier oraș,location: cazier oraș
0.6734,/servicii/cazier-judiciar-online/pitesti,/servicii/cazier-judiciar-online/slatina,location: cazier oraș,location: cazier oraș
0.6734,/servicii/extras-de-carte-funciara/ialomita,/servicii/extras-de-carte-funciara/satu-mare,location: CF județ,location: CF județ
0.6733,/servicii/cazier-judiciar-online/ploiesti,/servicii/cazier-judiciar-online/sibiu,location: cazier oraș,location: cazier oraș
0.6732,/servicii/cazier-judiciar-online/baia-mare,/servicii/cazier-judiciar-online/vaslui,location: cazier oraș,location: cazier oraș
0.6732,/servicii/cazier-judiciar-online/cluj-napoca,/servicii/cazier-judiciar-online/slatina,location: cazier oraș,location: cazier oraș
0.6732,/servicii/cazier-judiciar-online/galati,/servicii/cazier-judiciar-online/zalau,location: cazier oraș,location: cazier oraș
0.6732,/servicii/cazier-judiciar-online/pitesti,/servicii/cazier-judiciar-online/vaslui,location: cazier oraș,location: cazier oraș
0.6732,/servicii/cazier-judiciar-online/slobozia,/servicii/cazier-judiciar-online/targu-jiu,location: cazier oraș,location: cazier oraș
0.673,/servicii/cazier-judiciar-online/bacau,/servicii/cazier-judiciar-online/miercurea-ciuc,location: cazier oraș,location: cazier oraș
0.673,/servicii/cazier-judiciar-online/calarasi,/servicii/cazier-judiciar-online/craiova,location: cazier oraș,location: cazier oraș
0.673,/servicii/cazier-judiciar-online/cluj-napoca,/servicii/cazier-judiciar-online/vaslui,location: cazier oraș,location: cazier oraș
0.673,/servicii/cazier-judiciar-online/ilfov,/servicii/cazier-judiciar-online/slatina,location: cazier oraș,location: cazier oraș
0.6728,/servicii/cazier-judiciar-online/bacau,/servicii/cazier-judiciar-online/galati,location: cazier oraș,location: cazier oraș
0.6728,/servicii/cazier-judiciar-online/buzau,/servicii/cazier-judiciar-online/deva,location: cazier oraș,location: cazier oraș
0.6728,/servicii/cazier-judiciar-online/buzau,/servicii/cazier-judiciar-online/ramnicu-valcea,location: cazier oraș,location: cazier oraș
0.6728,/servicii/cazier-judiciar-online/craiova,/servicii/cazier-judiciar-online/slatina,location: cazier oraș,location: cazier oraș
0.6728,/servicii/cazier-judiciar-online/pitesti,/servicii/cazier-judiciar-online/zalau,location: cazier oraș,location: cazier oraș
0.6728,/servicii/cazier-judiciar-online/ramnicu-valcea,/servicii/cazier-judiciar-online/sibiu,location: cazier oraș,location: cazier oraș
0.6728,/servicii/cazier-judiciar-online/targoviste,/servicii/cazier-judiciar-online/targu-mures,location: cazier oraș,location: cazier oraș
0.6726,/servicii/cazier-judiciar-online/alexandria,/servicii/cazier-judiciar-online/targu-mures,location: cazier oraș,location: cazier oraș
0.6726,/servicii/cazier-judiciar-online/arad,/servicii/cazier-judiciar-online/giurgiu,location: cazier oraș,location: cazier oraș
0.6726,/servicii/cazier-judiciar-online/baia-mare,/servicii/cazier-judiciar-online/calarasi,location: cazier oraș,location: cazier oraș
0.6726,/servicii/cazier-judiciar-online/braila,/servicii/cazier-judiciar-online/buzau,location: cazier oraș,location: cazier oraș
0.6726,/servicii/cazier-judiciar-online/galati,/servicii/cazier-judiciar-online/ramnicu-valcea,location: cazier oraș,location: cazier oraș
0.6726,/servicii/cazier-judiciar-online/suceava,/servicii/cazier-judiciar-online/zalau,location: cazier oraș,location: cazier oraș
0.6724,/servicii/cazier-judiciar-online/alba-iulia,/servicii/cazier-judiciar-online/focsani,location: cazier oraș,location: cazier oraș
0.6724,/servicii/cazier-judiciar-online/bacau,/servicii/cazier-judiciar-online/pitesti,location: cazier oraș,location: cazier oraș
0.6724,/servicii/cazier-judiciar-online/braila,/servicii/cazier-judiciar-online/drobeta-turnu-severin,location: cazier oraș,location: cazier oraș
0.6724,/servicii/cazier-judiciar-online/buzau,/servicii/cazier-judiciar-online/ilfov,location: cazier oraș,location: cazier oraș
0.6724,/servicii/cazier-judiciar-online/cluj-napoca,/servicii/cazier-judiciar-online/galati,location: cazier oraș,location: cazier oraș
0.6724,/servicii/cazier-judiciar-online/slatina,/servicii/cazier-judiciar-online/tulcea,location: cazier oraș,location: cazier oraș
0.6723,/servicii/cazier-judiciar-online/targu-jiu,/servicii/cazier-judiciar-online/targu-mures,location: cazier oraș,location: cazier oraș
0.6722,/servicii/cazier-judiciar-online/botosani,/servicii/cazier-judiciar-online/cluj-napoca,location: cazier oraș,location: cazier oraș
0.6722,/servicii/cazier-judiciar-online/botosani,/servicii/cazier-judiciar-online/targu-mures,location: cazier oraș,location: cazier oraș
0.6722,/servicii/cazier-judiciar-online/craiova,/servicii/cazier-judiciar-online/zalau,location: cazier oraș,location: cazier oraș
0.6722,/servicii/cazier-judiciar-online/drobeta-turnu-severin,/servicii/cazier-judiciar-online/miercurea-ciuc,location: cazier oraș,location: cazier oraș
0.6722,/servicii/cazier-judiciar-online/drobeta-turnu-severin,/servicii/cazier-judiciar-online/zalau,location: cazier oraș,location: cazier oraș
0.6722,/servicii/cazier-judiciar-online/galati,/servicii/cazier-judiciar-online/sibiu,location: cazier oraș,location: cazier oraș
0.6722,/servicii/cazier-judiciar-online/ilfov,/servicii/cazier-judiciar-online/ploiesti,location: cazier oraș,location: cazier oraș
0.6722,/servicii/cazier-judiciar-online/pitesti,/servicii/cazier-judiciar-online/ramnicu-valcea,location: cazier oraș,location: cazier oraș
0.6722,/servicii/cazier-judiciar-online/ramnicu-valcea,/servicii/cazier-judiciar-online/tulcea,location: cazier oraș,location: cazier oraș
0.672,/servicii/cazier-judiciar-online/arad,/servicii/cazier-judiciar-online/focsani,location: cazier oraș,location: cazier oraș
0.672,/servicii/cazier-judiciar-online/giurgiu,/servicii/cazier-judiciar-online/oradea,location: cazier oraș,location: cazier oraș
0.672,/servicii/cazier-judiciar-online/targu-mures,/servicii/cazier-judiciar-online/vaslui,location: cazier oraș,location: cazier oraș
0.6718,/servicii/cazier-judiciar-online/botosani,/servicii/cazier-judiciar-online/craiova,location: cazier oraș,location: cazier oraș
0.6718,/servicii/cazier-judiciar-online/cluj-napoca,/servicii/cazier-judiciar-online/targoviste,location: cazier oraș,location: cazier oraș
0.6718,/servicii/cazier-judiciar-online/drobeta-turnu-severin,/servicii/cazier-judiciar-online/slatina,location: cazier oraș,location: cazier oraș
0.6718,/servicii/cazier-judiciar-online/ilfov,/servicii/cazier-judiciar-online/ramnicu-valcea,location: cazier oraș,location: cazier oraș
0.6718,/servicii/cazier-judiciar-online/miercurea-ciuc,/servicii/cazier-judiciar-online/pitesti,location: cazier oraș,location: cazier oraș
0.6718,/servicii/cazier-judiciar-online/miercurea-ciuc,/servicii/cazier-judiciar-online/tulcea,location: cazier oraș,location: cazier oraș
0.6716,/servicii/cazier-judiciar-online/braila,/servicii/cazier-judiciar-online/ilfov,location: cazier oraș,location: cazier oraș
0.6716,/servicii/cazier-judiciar-online/focsani,/servicii/cazier-judiciar-online/targu-jiu,location: cazier oraș,location: cazier oraș
0.6716,/servicii/cazier-judiciar-online/miercurea-ciuc,/servicii/cazier-judiciar-online/targu-mures,location: cazier oraș,location: cazier oraș
0.6715,/servicii/extras-de-carte-funciara/buzau,/servicii/extras-de-carte-funciara/satu-mare,location: CF județ,location: CF județ
0.6714,/servicii/cazier-judiciar-online/arad,/servicii/cazier-judiciar-online/calarasi,location: cazier oraș,location: cazier oraș
0.6714,/servicii/cazier-judiciar-online/bacau,/servicii/cazier-judiciar-online/tulcea,location: cazier oraș,location: cazier oraș
0.6714,/servicii/cazier-judiciar-online/baia-mare,/servicii/cazier-judiciar-online/botosani,location: cazier oraș,location: cazier oraș
0.6714,/servicii/cazier-judiciar-online/bistrita,/servicii/cazier-judiciar-online/craiova,location: cazier oraș,location: cazier oraș
0.6714,/servicii/cazier-judiciar-online/braila,/servicii/cazier-judiciar-online/craiova,location: cazier oraș,location: cazier oraș
0.6714,/servicii/cazier-judiciar-online/buzau,/servicii/cazier-judiciar-online/sibiu,location: cazier oraș,location: cazier oraș
0.6714,/servicii/cazier-judiciar-online/miercurea-ciuc,/servicii/cazier-judiciar-online/sibiu,location: cazier oraș,location: cazier oraș
0.6712,/servicii/cazier-judiciar-online/alexandria,/servicii/cazier-judiciar-online/targu-jiu,location: cazier oraș,location: cazier oraș
0.6712,/servicii/cazier-judiciar-online/buzau,/servicii/cazier-judiciar-online/galati,location: cazier oraș,location: cazier oraș
0.6712,/servicii/cazier-judiciar-online/galati,/servicii/cazier-judiciar-online/miercurea-ciuc,location: cazier oraș,location: cazier oraș
0.6712,/servicii/cazier-judiciar-online/sfantu-gheorghe,/servicii/cazier-judiciar-online/sibiu,location: cazier oraș,location: cazier oraș
0.6711,/servicii/cazier-judiciar-online/baia-mare,/servicii/cazier-judiciar-online/deva,location: cazier oraș,location: cazier oraș
0.671,/servicii/cazier-judiciar-online/alba-iulia,/servicii/cazier-judiciar-online/alexandria,location: cazier oraș,location: cazier oraș
0.671,/servicii/cazier-judiciar-online/baia-mare,/servicii/cazier-judiciar-online/bistrita,location: cazier oraș,location: cazier oraș
0.671,/servicii/cazier-judiciar-online/bistrita,/servicii/cazier-judiciar-online/pitesti,location: cazier oraș,location: cazier oraș
0.671,/servicii/cazier-judiciar-online/braila,/servicii/cazier-judiciar-online/pitesti,location: cazier oraș,location: cazier oraș
0.671,/servicii/cazier-judiciar-online/oradea,/servicii/cazier-judiciar-online/slobozia,location: cazier oraș,location: cazier oraș
0.671,/servicii/cazier-judiciar-online/resita,/servicii/cazier-judiciar-online/targu-mures,location: cazier oraș,location: cazier oraș
0.671,/servicii/cazier-judiciar-online/suceava,/servicii/cazier-judiciar-online/tulcea,location: cazier oraș,location: cazier oraș
0.6709,/servicii/cazier-judiciar-online/calarasi,/servicii/cazier-judiciar-online/drobeta-turnu-severin,location: cazier oraș,location: cazier oraș
0.6709,/servicii/cazier-judiciar-online/drobeta-turnu-severin,/servicii/cazier-judiciar-online/sfantu-gheorghe,location: cazier oraș,location: cazier oraș
0.6708,/servicii/cazier-judiciar-online/bistrita,/servicii/cazier-judiciar-online/cluj-napoca,location: cazier oraș,location: cazier oraș
0.6708,/servicii/cazier-judiciar-online/braila,/servicii/cazier-judiciar-online/cluj-napoca,location: cazier oraș,location: cazier oraș
0.6708,/servicii/extras-de-carte-funciara/caras-severin,/servicii/extras-de-carte-funciara/satu-mare,location: CF județ,location: CF județ
0.6706,/servicii/cazier-judiciar-online/bistrita,/servicii/cazier-judiciar-online/ilfov,location: cazier oraș,location: cazier oraș
0.6706,/servicii/cazier-judiciar-online/craiova,/servicii/cazier-judiciar-online/deva,location: cazier oraș,location: cazier oraș
0.6706,/servicii/cazier-judiciar-online/pitesti,/servicii/cazier-judiciar-online/ploiesti,location: cazier oraș,location: cazier oraș
0.6706,/servicii/cazier-judiciar-online/sibiu,/servicii/cazier-judiciar-online/suceava,location: cazier oraș,location: cazier oraș
0.6705,/servicii/cazier-judiciar-online/galati,/servicii/cazier-judiciar-online/pitesti,location: cazier oraș,location: cazier oraș
0.6704,/servicii/extras-de-carte-funciara/calarasi,/servicii/extras-de-carte-funciara/satu-mare,location: CF județ,location: CF județ
0.6703,/servicii/cazier-judiciar-online/alba-iulia,/servicii/cazier-judiciar-online/deva,location: cazier oraș,location: cazier oraș
0.6703,/servicii/cazier-judiciar-online/arad,/servicii/cazier-judiciar-online/sfantu-gheorghe,location: cazier oraș,location: cazier oraș
0.6703,/servicii/cazier-judiciar-online/bistrita,/servicii/cazier-judiciar-online/drobeta-turnu-severin,location: cazier oraș,location: cazier oraș
0.6703,/servicii/cazier-judiciar-online/cluj-napoca,/servicii/cazier-judiciar-online/ploiesti,location: cazier oraș,location: cazier oraș
0.6703,/servicii/cazier-judiciar-online/craiova,/servicii/cazier-judiciar-online/targoviste,location: cazier oraș,location: cazier oraș
0.6703,/servicii/cazier-judiciar-online/drobeta-turnu-severin,/servicii/cazier-judiciar-online/targoviste,location: cazier oraș,location: cazier oraș
0.6703,/servicii/cazier-judiciar-online/galati,/servicii/cazier-judiciar-online/suceava,location: cazier oraș,location: cazier oraș
0.6701,/servicii/cazier-judiciar-online/buzau,/servicii/cazier-judiciar-online/drobeta-turnu-severin,location: cazier oraș,location: cazier oraș
0.6701,/servicii/cazier-judiciar-online/craiova,/servicii/cazier-judiciar-online/sibiu,location: cazier oraș,location: cazier oraș
0.6701,/servicii/cazier-judiciar-online/deva,/servicii/cazier-judiciar-online/pitesti,location: cazier oraș,location: cazier oraș
0.6701,/servicii/cazier-judiciar-online/drobeta-turnu-severin,/servicii/cazier-judiciar-online/ilfov,location: cazier oraș,location: cazier oraș
0.67,/servicii/extras-de-carte-funciara/alba,/servicii/extras-de-carte-funciara/satu-mare,location: CF județ,location: CF județ
0.67,/servicii/extras-de-carte-funciara/arad,/servicii/extras-de-carte-funciara/satu-mare,location: CF județ,location: CF județ
0.6699,/servicii/cazier-judiciar-online/alexandria,/servicii/cazier-judiciar-online/oradea,location: cazier oraș,location: cazier oraș
0.6699,/servicii/cazier-judiciar-online/bacau,/servicii/cazier-judiciar-online/ilfov,location: cazier oraș,location: cazier oraș
0.6699,/servicii/cazier-judiciar-online/baia-mare,/servicii/cazier-judiciar-online/targoviste,location: cazier oraș,location: cazier oraș
0.6699,/servicii/cazier-judiciar-online/cluj-napoca,/servicii/cazier-judiciar-online/deva,location: cazier oraș,location: cazier oraș
0.6699,/servicii/cazier-judiciar-online/craiova,/servicii/cazier-judiciar-online/ploiesti,location: cazier oraș,location: cazier oraș
0.6697,/servicii/cazier-judiciar-online/alba-iulia,/servicii/cazier-judiciar-online/calarasi,location: cazier oraș,location: cazier oraș
0.6697,/servicii/cazier-judiciar-online/arad,/servicii/cazier-judiciar-online/targoviste,location: cazier oraș,location: cazier oraș
0.6697,/servicii/cazier-judiciar-online/bacau,/servicii/cazier-judiciar-online/craiova,location: cazier oraș,location: cazier oraș
0.6697,/servicii/cazier-judiciar-online/bacau,/servicii/cazier-judiciar-online/sfantu-gheorghe,location: cazier oraș,location: cazier oraș
0.6697,/servicii/cazier-judiciar-online/botosani,/servicii/cazier-judiciar-online/drobeta-turnu-severin,location: cazier oraș,location: cazier oraș
0.6697,/servicii/cazier-judiciar-online/buzau,/servicii/cazier-judiciar-online/pitesti,location: cazier oraș,location: cazier oraș
0.6697,/servicii/cazier-judiciar-online/deva,/servicii/cazier-judiciar-online/ilfov,location: cazier oraș,location: cazier oraș
0.6697,/servicii/cazier-judiciar-online/tulcea,/servicii/cazier-judiciar-online/zalau,location: cazier oraș,location: cazier oraș
0.6695,/servicii/cazier-judiciar-online/alexandria,/servicii/cazier-judiciar-online/arad,location: cazier oraș,location: cazier oraș
0.6695,/servicii/cazier-judiciar-online/buzau,/servicii/cazier-judiciar-online/targu-mures,location: cazier oraș,location: cazier oraș
0.6695,/servicii/cazier-judiciar-online/deva,/servicii/cazier-judiciar-online/drobeta-turnu-severin,location: cazier oraș,location: cazier oraș
0.6695,/servicii/cazier-judiciar-online/ploiesti,/servicii/cazier-judiciar-online/tulcea,location: cazier oraș,location: cazier oraș
0.6695,/servicii/cazier-judiciar-online/resita,/servicii/cazier-judiciar-online/targu-jiu,location: cazier oraș,location: cazier oraș
0.6693,/servicii/cazier-judiciar-online/craiova,/servicii/cazier-judiciar-online/suceava,location: cazier oraș,location: cazier oraș
0.6693,/servicii/cazier-judiciar-online/focsani,/servicii/cazier-judiciar-online/oradea,location: cazier oraș,location: cazier oraș
0.6693,/servicii/cazier-judiciar-online/ilfov,/servicii/cazier-judiciar-online/sibiu,location: cazier oraș,location: cazier oraș
0.6691,/servicii/cazier-judiciar-online/bacau,/servicii/cazier-judiciar-online/targu-mures,location: cazier oraș,location: cazier oraș
0.6691,/servicii/cazier-judiciar-online/galati,/servicii/cazier-judiciar-online/ilfov,location: cazier oraș,location: cazier oraș
0.6691,/servicii/cazier-judiciar-online/slatina,/servicii/cazier-judiciar-online/targu-mures,location: cazier oraș,location: cazier oraș
0.6689,/servicii/cazier-judiciar-online/arad,/servicii/cazier-judiciar-online/vaslui,location: cazier oraș,location: cazier oraș
0.6689,/servicii/cazier-judiciar-online/calarasi,/servicii/cazier-judiciar-online/targu-jiu,location: cazier oraș,location: cazier oraș
0.6689,/servicii/cazier-judiciar-online/cluj-napoca,/servicii/cazier-judiciar-online/ramnicu-valcea,location: cazier oraș,location: cazier oraș
0.6689,/servicii/cazier-judiciar-online/galati,/servicii/cazier-judiciar-online/sfantu-gheorghe,location: cazier oraș,location: cazier oraș
0.6689,/servicii/cazier-judiciar-online/ramnicu-valcea,/servicii/cazier-judiciar-online/targu-mures,location: cazier oraș,location: cazier oraș
0.6689,/servicii/extras-de-carte-funciara/satu-mare,/servicii/extras-de-carte-funciara/vrancea,location: CF județ,location: CF județ
0.6687,/servicii/cazier-judiciar-online/cluj-napoca,/servicii/cazier-judiciar-online/suceava,location: cazier oraș,location: cazier oraș
0.6687,/servicii/cazier-judiciar-online/ilfov,/servicii/cazier-judiciar-online/pitesti,location: cazier oraș,location: cazier oraș
0.6687,/servicii/cazier-judiciar-online/pitesti,/servicii/cazier-judiciar-online/sibiu,location: cazier oraș,location: cazier oraș
0.6687,/servicii/cazier-judiciar-online/suceava,/servicii/cazier-judiciar-online/targu-mures,location: cazier oraș,location: cazier oraș
0.6685,/servicii/cazier-judiciar-online/alba-iulia,/servicii/cazier-judiciar-online/botosani,location: cazier oraș,location: cazier oraș
0.6685,/servicii/cazier-judiciar-online/buzau,/servicii/cazier-judiciar-online/cluj-napoca,location: cazier oraș,location: cazier oraș
0.6685,/servicii/cazier-judiciar-online/cluj-napoca,/servicii/cazier-judiciar-online/miercurea-ciuc,location: cazier oraș,location: cazier oraș
0.6685,/servicii/cazier-judiciar-online/craiova,/servicii/cazier-judiciar-online/ramnicu-valcea,location: cazier oraș,location: cazier oraș
0.6685,/servicii/cazier-judiciar-online/ilfov,/servicii/cazier-judiciar-online/suceava,location: cazier oraș,location: cazier oraș
0.6685,/servicii/cazier-judiciar-online/sfantu-gheorghe,/servicii/cazier-judiciar-online/tulcea,location: cazier oraș,location: cazier oraș
0.6685,/servicii/cazier-judiciar-online/targu-jiu,/servicii/cazier-judiciar-online/vaslui,location: cazier oraș,location: cazier oraș
0.6683,/servicii/cazier-judiciar-online/baia-mare,/servicii/cazier-judiciar-online/slatina,location: cazier oraș,location: cazier oraș
0.6683,/servicii/cazier-judiciar-online/oradea,/servicii/cazier-judiciar-online/resita,location: cazier oraș,location: cazier oraș
0.6683,/servicii/cazier-judiciar-online/ploiesti,/servicii/cazier-judiciar-online/targu-mures,location: cazier oraș,location: cazier oraș
0.6683,/servicii/cazier-judiciar-online/targoviste,/servicii/cazier-judiciar-online/targu-jiu,location: cazier oraș,location: cazier oraș
0.6682,/servicii/extras-de-carte-funciara/dambovita,/servicii/extras-de-carte-funciara/satu-mare,location: CF județ,location: CF județ
0.6681,/servicii/cazier-judiciar-online/alba-iulia,/servicii/cazier-judiciar-online/braila,location: cazier oraș,location: cazier oraș
0.6681,/servicii/cazier-judiciar-online/alba-iulia,/servicii/cazier-judiciar-online/targoviste,location: cazier oraș,location: cazier oraș
0.6681,/servicii/cazier-judiciar-online/arad,/servicii/cazier-judiciar-online/botosani,location: cazier oraș,location: cazier oraș
0.6681,/servicii/cazier-judiciar-online/arad,/servicii/cazier-judiciar-online/slatina,location: cazier oraș,location: cazier oraș
0.6681,/servicii/cazier-judiciar-online/baia-mare,/servicii/cazier-judiciar-online/ramnicu-valcea,location: cazier oraș,location: cazier oraș
0.6681,/servicii/cazier-judiciar-online/buzau,/servicii/cazier-judiciar-online/craiova,location: cazier oraș,location: cazier oraș
0.6681,/servicii/cazier-judiciar-online/craiova,/servicii/cazier-judiciar-online/miercurea-ciuc,location: cazier oraș,location: cazier oraș
0.6681,/servicii/cazier-judiciar-online/ilfov,/servicii/cazier-judiciar-online/sfantu-gheorghe,location: cazier oraș,location: cazier oraș
0.6679,/servicii/cazier-judiciar-online/alba-iulia,/servicii/cazier-judiciar-online/giurgiu,location: cazier oraș,location: cazier oraș
0.6679,/servicii/cazier-judiciar-online/arad,/servicii/cazier-judiciar-online/resita,location: cazier oraș,location: cazier oraș
0.6679,/servicii/cazier-judiciar-online/baia-mare,/servicii/cazier-judiciar-online/braila,location: cazier oraș,location: cazier oraș
0.6679,/servicii/cazier-judiciar-online/piatra-neamt,/servicii/cazier-judiciar-online/slobozia,location: cazier oraș,location: cazier oraș
0.6679,/servicii/cazier-judiciar-online/pitesti,/servicii/cazier-judiciar-online/suceava,location: cazier oraș,location: cazier oraș
0.6679,/servicii/cazier-judiciar-online/pitesti,/servicii/cazier-judiciar-online/targu-mures,location: cazier oraș,location: cazier oraș
0.6679,/servicii/cazier-judiciar-online/ploiesti,/servicii/cazier-judiciar-online/targu-jiu,location: cazier oraș,location: cazier oraș
0.6677,/servicii/cazier-judiciar-online/baia-mare,/servicii/cazier-judiciar-online/miercurea-ciuc,location: cazier oraș,location: cazier oraș
0.6677,/servicii/cazier-judiciar-online/bistrita,/servicii/cazier-judiciar-online/targu-mures,location: cazier oraș,location: cazier oraș
0.6677,/servicii/cazier-judiciar-online/botosani,/servicii/cazier-judiciar-online/targu-jiu,location: cazier oraș,location: cazier oraș
0.6677,/servicii/cazier-judiciar-online/braila,/servicii/cazier-judiciar-online/satu-mare,location: cazier oraș,location: cazier oraș
0.6677,/servicii/cazier-judiciar-online/buzau,/servicii/cazier-judiciar-online/tulcea,location: cazier oraș,location: cazier oraș
0.6677,/servicii/cazier-judiciar-online/sibiu,/servicii/cazier-judiciar-online/tulcea,location: cazier oraș,location: cazier oraș
0.6675,/servicii/cazier-judiciar-online/galati,/servicii/cazier-judiciar-online/tulcea,location: cazier oraș,location: cazier oraș
0.6675,/servicii/cazier-judiciar-online/satu-mare,/servicii/cazier-judiciar-online/slobozia,location: cazier oraș,location: cazier oraș
0.6674,/servicii/extras-de-carte-funciara/covasna,/servicii/extras-de-carte-funciara/satu-mare,location: CF județ,location: CF județ
0.6673,/servicii/cazier-judiciar-online/alba-iulia,/servicii/cazier-judiciar-online/resita,location: cazier oraș,location: cazier oraș
0.6673,/servicii/cazier-judiciar-online/oradea,/servicii/cazier-judiciar-online/vaslui,location: cazier oraș,location: cazier oraș
0.6671,/servicii/cazier-judiciar-online/braila,/servicii/cazier-judiciar-online/oradea,location: cazier oraș,location: cazier oraș
0.6671,/servicii/cazier-judiciar-online/pitesti,/servicii/cazier-judiciar-online/tulcea,location: cazier oraș,location: cazier oraș
0.6669,/servicii/cazier-judiciar-online/deva,/servicii/cazier-judiciar-online/targu-mures,location: cazier oraș,location: cazier oraș
0.6667,/servicii/cazier-judiciar-online/baia-mare,/servicii/cazier-judiciar-online/sibiu,location: cazier oraș,location: cazier oraș
0.6667,/servicii/cazier-judiciar-online/calarasi,/servicii/cazier-judiciar-online/oradea,location: cazier oraș,location: cazier oraș
0.6667,/servicii/cazier-judiciar-online/medias,/servicii/cazier-judiciar-online/sibiu,location: cazier oraș,location: cazier oraș
0.6665,/servicii/cazier-judiciar-online/arad,/servicii/cazier-judiciar-online/miercurea-ciuc,location: cazier oraș,location: cazier oraș
0.6665,/servicii/cazier-judiciar-online/baia-mare,/servicii/cazier-judiciar-online/galati,location: cazier oraș,location: cazier oraș
0.6665,/servicii/cazier-judiciar-online/cluj-napoca,/servicii/cazier-judiciar-online/ilfov,location: cazier oraș,location: cazier oraș
0.6665,/servicii/cazier-judiciar-online/oradea,/servicii/cazier-judiciar-online/slatina,location: cazier oraș,location: cazier oraș
0.6663,/servicii/cazier-judiciar-online/alba-iulia,/servicii/cazier-judiciar-online/vaslui,location: cazier oraș,location: cazier oraș
0.6663,/servicii/cazier-judiciar-online/bistrita,/servicii/cazier-judiciar-online/targu-jiu,location: cazier oraș,location: cazier oraș
0.6663,/servicii/cazier-judiciar-online/giurgiu,/servicii/cazier-judiciar-online/timisoara,location: cazier oraș,location: cazier oraș
0.6661,/servicii/cazier-judiciar-online/craiova,/servicii/cazier-judiciar-online/ilfov,location: cazier oraș,location: cazier oraș
0.6659,/servicii/cazier-judiciar-online/cluj-napoca,/servicii/cazier-judiciar-online/pitesti,location: cazier oraș,location: cazier oraș
0.6659,/servicii/cazier-judiciar-online/drobeta-turnu-severin,/servicii/cazier-judiciar-online/ploiesti,location: cazier oraș,location: cazier oraș
0.6659,/servicii/cazier-judiciar-online/giurgiu,/servicii/cazier-judiciar-online/iasi,location: cazier oraș,location: cazier oraș
0.6659,/servicii/cazier-judiciar-online/oradea,/servicii/cazier-judiciar-online/sibiu,location: cazier oraș,location: cazier oraș
0.6658,/servicii/cazier-judiciar-online/giurgiu,/servicii/cazier-judiciar-online/piatra-neamt,location: cazier oraș,location: cazier oraș
0.6657,/servicii/cazier-judiciar-online/bacau,/servicii/cazier-judiciar-online/drobeta-turnu-severin,location: cazier oraș,location: cazier oraș
0.6657,/servicii/cazier-judiciar-online/bacau,/servicii/cazier-judiciar-online/targu-jiu,location: cazier oraș,location: cazier oraș
0.6656,/servicii/cazier-judiciar-online/bacau,/servicii/cazier-judiciar-online/onesti,location: cazier oraș,location: cazier oraș
0.6656,/servicii/cazier-judiciar-online/baia-mare,/servicii/cazier-judiciar-online/zalau,location: cazier oraș,location: cazier oraș
0.6656,/servicii/cazier-judiciar-online/braila,/servicii/cazier-judiciar-online/targu-mures,location: cazier oraș,location: cazier oraș
0.6655,/servicii/cazier-judiciar-online/ilfov,/servicii/cazier-judiciar-online/targu-mures,location: cazier oraș,location: cazier oraș
0.6654,/servicii/cazier-judiciar-online/arad,/servicii/cazier-judiciar-online/sibiu,location: cazier oraș,location: cazier oraș
0.6654,/servicii/cazier-judiciar-online/arad,/servicii/cazier-judiciar-online/zalau,location: cazier oraș,location: cazier oraș
0.6654,/servicii/cazier-judiciar-online/baia-mare,/servicii/cazier-judiciar-online/ploiesti,location: cazier oraș,location: cazier oraș
0.6654,/servicii/cazier-judiciar-online/botosani,/servicii/cazier-judiciar-online/oradea,location: cazier oraș,location: cazier oraș
0.6654,/servicii/cazier-judiciar-online/craiova,/servicii/cazier-judiciar-online/pitesti,location: cazier oraș,location: cazier oraș
0.6654,/servicii/cazier-judiciar-online/craiova,/servicii/cazier-judiciar-online/tulcea,location: cazier oraș,location: cazier oraș
0.6654,/servicii/cazier-judiciar-online/deva,/servicii/cazier-judiciar-online/targu-jiu,location: cazier oraș,location: cazier oraș
0.6654,/servicii/cazier-judiciar-online/giurgiu,/servicii/cazier-judiciar-online/satu-mare,location: cazier oraș,location: cazier oraș
0.6654,/servicii/cazier-judiciar-online/pitesti,/servicii/cazier-judiciar-online/sfantu-gheorghe,location: cazier oraș,location: cazier oraș
0.6652,/servicii/cazier-judiciar-online/alba-iulia,/servicii/cazier-judiciar-online/ramnicu-valcea,location: cazier oraș,location: cazier oraș
0.6652,/servicii/cazier-judiciar-online/alexandria,/servicii/cazier-judiciar-online/timisoara,location: cazier oraș,location: cazier oraș
0.6652,/servicii/cazier-judiciar-online/braila,/servicii/cazier-judiciar-online/targu-jiu,location: cazier oraș,location: cazier oraș
0.6652,/servicii/cazier-judiciar-online/cluj-napoca,/servicii/cazier-judiciar-online/sfantu-gheorghe,location: cazier oraș,location: cazier oraș
0.6652,/servicii/cazier-judiciar-online/constanta,/servicii/cazier-judiciar-online/giurgiu,location: cazier oraș,location: cazier oraș
0.6652,/servicii/cazier-judiciar-online/focsani,/servicii/cazier-judiciar-online/piatra-neamt,location: cazier oraș,location: cazier oraș
0.6652,/servicii/cazier-judiciar-online/galati,/servicii/cazier-judiciar-online/targu-mures,location: cazier oraș,location: cazier oraș
0.6652,/servicii/cazier-judiciar-online/slobozia,/servicii/cazier-judiciar-online/timisoara,location: cazier oraș,location: cazier oraș
0.665,/servicii/cazier-judiciar-online/baia-mare,/servicii/cazier-judiciar-online/tulcea,location: cazier oraș,location: cazier oraș
0.665,/servicii/cazier-judiciar-online/bistrita,/servicii/cazier-judiciar-online/oradea,location: cazier oraș,location: cazier oraș
0.665,/servicii/cazier-judiciar-online/oradea,/servicii/cazier-judiciar-online/targoviste,location: cazier oraș,location: cazier oraș
0.665,/servicii/cazier-judiciar-online/targu-jiu,/servicii/cazier-judiciar-online/zalau,location: cazier oraș,location: cazier oraș
0.6648,/servicii/cazier-judiciar-online/alexandria,/servicii/cazier-judiciar-online/iasi,location: cazier oraș,location: cazier oraș
0.6648,/servicii/cazier-judiciar-online/alexandria,/servicii/cazier-judiciar-online/piatra-neamt,location: cazier oraș,location: cazier oraș
0.6648,/servicii/cazier-judiciar-online/cluj-napoca,/servicii/cazier-judiciar-online/tulcea,location: cazier oraș,location: cazier oraș
0.6648,/servicii/cazier-judiciar-online/cluj-napoca,/servicii/cazier-judiciar-online/turda,location: cazier oraș,location: cazier oraș
0.6648,/servicii/cazier-judiciar-online/craiova,/servicii/cazier-judiciar-online/sfantu-gheorghe,location: cazier oraș,location: cazier oraș
0.6648,/servicii/cazier-judiciar-online/focsani,/servicii/cazier-judiciar-online/satu-mare,location: cazier oraș,location: cazier oraș
0.6648,/servicii/cazier-judiciar-online/iasi,/servicii/cazier-judiciar-online/slobozia,location: cazier oraș,location: cazier oraș
0.6648,/servicii/cazier-judiciar-online/oradea,/servicii/cazier-judiciar-online/zalau,location: cazier oraș,location: cazier oraș
0.6648,/servicii/cazier-judiciar-online/resita,/servicii/cazier-judiciar-online/satu-mare,location: cazier oraș,location: cazier oraș
0.6646,/servicii/cazier-judiciar-online/arad,/servicii/cazier-judiciar-online/bistrita,location: cazier oraș,location: cazier oraș
0.6646,/servicii/cazier-judiciar-online/ilfov,/servicii/cazier-judiciar-online/tulcea,location: cazier oraș,location: cazier oraș
0.6645,/servicii/cazier-judiciar-online/arad,/servicii/cazier-judiciar-online/brasov,location: cazier oraș,location: cazier oraș
0.6644,/servicii/cazier-judiciar-online/alba-iulia,/servicii/cazier-judiciar-online/slatina,location: cazier oraș,location: cazier oraș
0.6644,/servicii/cazier-judiciar-online/alexandria,/servicii/cazier-judiciar-online/satu-mare,location: cazier oraș,location: cazier oraș
0.6644,/servicii/cazier-judiciar-online/baia-mare,/servicii/cazier-judiciar-online/sfantu-gheorghe,location: cazier oraș,location: cazier oraș
0.6644,/servicii/cazier-judiciar-online/ramnicu-valcea,/servicii/cazier-judiciar-online/targu-jiu,location: cazier oraș,location: cazier oraș
0.6644,/servicii/cazier-judiciar-online/sibiu,/servicii/cazier-judiciar-online/targu-mures,location: cazier oraș,location: cazier oraș
0.6642,/servicii/cazier-judiciar-online/deva,/servicii/cazier-judiciar-online/oradea,location: cazier oraș,location: cazier oraș
0.6642,/servicii/cazier-judiciar-online/sfantu-gheorghe,/servicii/cazier-judiciar-online/targu-mures,location: cazier oraș,location: cazier oraș
0.664,/servicii/cazier-judiciar-online/arad,/servicii/cazier-judiciar-online/bacau,location: cazier oraș,location: cazier oraș
0.664,/servicii/cazier-judiciar-online/baia-mare,/servicii/cazier-judiciar-online/pitesti,location: cazier oraș,location: cazier oraș
0.664,/servicii/cazier-judiciar-online/buzau,/servicii/cazier-judiciar-online/targu-jiu,location: cazier oraș,location: cazier oraș
0.664,/servicii/cazier-judiciar-online/miercurea-ciuc,/servicii/cazier-judiciar-online/targu-jiu,location: cazier oraș,location: cazier oraș
0.664,/servicii/cazier-judiciar-online/sibiu,/servicii/cazier-judiciar-online/targu-jiu,location: cazier oraș,location: cazier oraș
0.6639,/servicii/cazier-judiciar-online/baia-mare,/servicii/cazier-judiciar-online/satu-mare,location: cazier oraș,location: cazier oraș
0.6638,/servicii/cazier-judiciar-online/arad,/servicii/cazier-judiciar-online/deva,location: cazier oraș,location: cazier oraș
0.6638,/servicii/cazier-judiciar-online/arad,/servicii/cazier-judiciar-online/ramnicu-valcea,location: cazier oraș,location: cazier oraș
0.6638,/servicii/cazier-judiciar-online/botosani,/servicii/cazier-judiciar-online/timisoara,location: cazier oraș,location: cazier oraș
0.6638,/servicii/cazier-judiciar-online/galati,/servicii/cazier-judiciar-online/targu-jiu,location: cazier oraș,location: cazier oraș
0.6638,/servicii/cazier-judiciar-online/iasi,/servicii/cazier-judiciar-online/sibiu,location: cazier oraș,location: cazier oraș
0.6638,/servicii/cazier-judiciar-online/satu-mare,/servicii/cazier-judiciar-online/vaslui,location: cazier oraș,location: cazier oraș
0.6636,/servicii/cazier-judiciar-online/arad,/servicii/cazier-judiciar-online/braila,location: cazier oraș,location: cazier oraș
0.6636,/servicii/cazier-judiciar-online/baia-mare,/servicii/cazier-judiciar-online/buzau,location: cazier oraș,location: cazier oraș
0.6636,/servicii/cazier-judiciar-online/focsani,/servicii/cazier-judiciar-online/timisoara,location: cazier oraș,location: cazier oraș
0.6636,/servicii/cazier-judiciar-online/oradea,/servicii/cazier-judiciar-online/ploiesti,location: cazier oraș,location: cazier oraș
0.6634,/servicii/cazier-judiciar-online/bacau,/servicii/cazier-judiciar-online/oradea,location: cazier oraș,location: cazier oraș
0.6634,/servicii/cazier-judiciar-online/bacau,/servicii/cazier-judiciar-online/piatra-neamt,location: cazier oraș,location: cazier oraș
0.6634,/servicii/cazier-judiciar-online/bistrita,/servicii/cazier-judiciar-online/timisoara,location: cazier oraș,location: cazier oraș
0.6634,/servicii/cazier-judiciar-online/drobeta-turnu-severin,/servicii/cazier-judiciar-online/pitesti,location: cazier oraș,location: cazier oraș
0.6634,/servicii/cazier-judiciar-online/piatra-neamt,/servicii/cazier-judiciar-online/slatina,location: cazier oraș,location: cazier oraș
0.6632,/servicii/cazier-judiciar-online/baia-mare,/servicii/cazier-judiciar-online/oradea,location: cazier oraș,location: cazier oraș
0.6632,/servicii/cazier-judiciar-online/craiova,/servicii/cazier-judiciar-online/targu-mures,location: cazier oraș,location: cazier oraș
0.6632,/servicii/cazier-judiciar-online/drobeta-turnu-severin,/servicii/cazier-judiciar-online/suceava,location: cazier oraș,location: cazier oraș
0.6632,/servicii/cazier-judiciar-online/focsani,/servicii/cazier-judiciar-online/iasi,location: cazier oraș,location: cazier oraș
0.6632,/servicii/cazier-judiciar-online/piatra-neamt,/servicii/cazier-judiciar-online/resita,location: cazier oraș,location: cazier oraș
0.6632,/servicii/cazier-judiciar-online/suceava,/servicii/cazier-judiciar-online/targu-jiu,location: cazier oraș,location: cazier oraș
0.6631,/servicii/cazier-judiciar-online/piatra-neamt,/servicii/cazier-judiciar-online/satu-mare,location: cazier oraș,location: cazier oraș
0.663,/servicii/cazier-judiciar-online/calarasi,/servicii/cazier-judiciar-online/timisoara,location: cazier oraș,location: cazier oraș
0.663,/servicii/cazier-judiciar-online/drobeta-turnu-severin,/servicii/cazier-judiciar-online/sibiu,location: cazier oraș,location: cazier oraș
0.663,/servicii/cazier-judiciar-online/satu-mare,/servicii/cazier-judiciar-online/slatina,location: cazier oraș,location: cazier oraș
0.6629,/servicii/cazier-judiciar-online/barlad,/servicii/cazier-judiciar-online/vaslui,location: cazier oraș,location: cazier oraș
0.6628,/servicii/cazier-judiciar-online/drobeta-turnu-severin,/servicii/cazier-judiciar-online/galati,location: cazier oraș,location: cazier oraș
0.6628,/servicii/cazier-judiciar-online/piatra-neamt,/servicii/cazier-judiciar-online/sibiu,location: cazier oraș,location: cazier oraș
0.6628,/servicii/cazier-judiciar-online/targu-mures,/servicii/cazier-judiciar-online/tulcea,location: cazier oraș,location: cazier oraș
0.6626,/servicii/cazier-judiciar-online/calarasi,/servicii/cazier-judiciar-online/piatra-neamt,location: cazier oraș,location: cazier oraș
0.6626,/servicii/cazier-judiciar-online/galati,/servicii/cazier-judiciar-online/oradea,location: cazier oraș,location: cazier oraș
0.6624,/servicii/cazier-judiciar-online/baia-mare,/servicii/cazier-judiciar-online/craiova,location: cazier oraș,location: cazier oraș
0.6622,/servicii/cazier-judiciar-online/arad,/servicii/cazier-judiciar-online/galati,location: cazier oraș,location: cazier oraș
0.6622,/servicii/cazier-judiciar-online/calarasi,/servicii/cazier-judiciar-online/satu-mare,location: cazier oraș,location: cazier oraș
0.6622,/servicii/cazier-judiciar-online/deva,/servicii/cazier-judiciar-online/iasi,location: cazier oraș,location: cazier oraș
0.6622,/servicii/cazier-judiciar-online/galati,/servicii/cazier-judiciar-online/satu-mare,location: cazier oraș,location: cazier oraș
0.6622,/servicii/cazier-judiciar-online/oradea,/servicii/cazier-judiciar-online/ramnicu-valcea,location: cazier oraș,location: cazier oraș
0.6622,/servicii/cazier-judiciar-online/piatra-neamt,/servicii/cazier-judiciar-online/vaslui,location: cazier oraș,location: cazier oraș
0.662,/servicii/cazier-judiciar-online/braila,/servicii/cazier-judiciar-online/piatra-neamt,location: cazier oraș,location: cazier oraș
0.662,/servicii/cazier-judiciar-online/oradea,/servicii/cazier-judiciar-online/suceava,location: cazier oraș,location: cazier oraș
0.6618,/servicii/cazier-judiciar-online/baia-mare,/servicii/cazier-judiciar-online/cluj-napoca,location: cazier oraș,location: cazier oraș
0.6618,/servicii/cazier-judiciar-online/baia-mare,/servicii/cazier-judiciar-online/targu-mures,location: cazier oraș,location: cazier oraș
0.6618,/servicii/cazier-judiciar-online/buzau,/servicii/cazier-judiciar-online/oradea,location: cazier oraș,location: cazier oraș
0.6618,/servicii/cazier-judiciar-online/miercurea-ciuc,/servicii/cazier-judiciar-online/oradea,location: cazier oraș,location: cazier oraș
0.6616,/servicii/cazier-judiciar-online/cluj-napoca,/servicii/cazier-judiciar-online/targu-mures,location: cazier oraș,location: cazier oraș
0.6616,/servicii/cazier-judiciar-online/constanta,/servicii/cazier-judiciar-online/focsani,location: cazier oraș,location: cazier oraș
0.6616,/servicii/cazier-judiciar-online/resita,/servicii/cazier-judiciar-online/timisoara,location: cazier oraș,location: cazier oraș
0.6614,/servicii/cazier-judiciar-online/arad,/servicii/cazier-judiciar-online/ilfov,location: cazier oraș,location: cazier oraș
0.6614,/servicii/cazier-judiciar-online/botosani,/servicii/cazier-judiciar-online/piatra-neamt,location: cazier oraș,location: cazier oraș
0.6614,/servicii/cazier-judiciar-online/pitesti,/servicii/cazier-judiciar-online/targu-jiu,location: cazier oraș,location: cazier oraș
0.6612,/servicii/cazier-judiciar-online/alba-iulia,/servicii/cazier-judiciar-online/tulcea,location: cazier oraș,location: cazier oraș
0.6612,/servicii/cazier-judiciar-online/cluj-napoca,/servicii/cazier-judiciar-online/targu-jiu,location: cazier oraș,location: cazier oraș
0.6612,/servicii/cazier-judiciar-online/drobeta-turnu-severin,/servicii/cazier-judiciar-online/targu-mures,location: cazier oraș,location: cazier oraș
0.6612,/servicii/cazier-judiciar-online/iasi,/servicii/cazier-judiciar-online/resita,location: cazier oraș,location: cazier oraș
0.661,/servicii/cazier-judiciar-online/botosani,/servicii/cazier-judiciar-online/satu-mare,location: cazier oraș,location: cazier oraș
0.661,/servicii/cazier-judiciar-online/cluj-napoca,/servicii/cazier-judiciar-online/oradea,location: cazier oraș,location: cazier oraș
0.661,/servicii/cazier-judiciar-online/ilfov,/servicii/cazier-judiciar-online/targu-jiu,location: cazier oraș,location: cazier oraș
0.661,/servicii/cazier-judiciar-online/ploiesti,/servicii/cazier-judiciar-online/timisoara,location: cazier oraș,location: cazier oraș
0.6608,/servicii/cazier-judiciar-online/alba-iulia,/servicii/cazier-judiciar-online/zalau,location: cazier oraș,location: cazier oraș
0.6608,/servicii/cazier-judiciar-online/craiova,/servicii/cazier-judiciar-online/targu-jiu,location: cazier oraș,location: cazier oraș
0.6608,/servicii/cazier-judiciar-online/deva,/servicii/cazier-judiciar-online/satu-mare,location: cazier oraș,location: cazier oraș
0.6608,/servicii/cazier-judiciar-online/ilfov,/servicii/cazier-judiciar-online/oradea,location: cazier oraș,location: cazier oraș
0.6608,/servicii/cazier-judiciar-online/piatra-neamt,/servicii/cazier-judiciar-online/zalau,location: cazier oraș,location: cazier oraș
0.6608,/servicii/cazier-judiciar-online/sfantu-gheorghe,/servicii/cazier-judiciar-online/targu-jiu,location: cazier oraș,location: cazier oraș
0.6607,/servicii/cazier-judiciar-online/slatina,/servicii/cazier-judiciar-online/timisoara,location: cazier oraș,location: cazier oraș
0.6606,/servicii/cazier-judiciar-online/arad,/servicii/cazier-judiciar-online/cluj-napoca,location: cazier oraș,location: cazier oraș
0.6606,/servicii/cazier-judiciar-online/baia-mare,/servicii/cazier-judiciar-online/ilfov,location: cazier oraș,location: cazier oraș
0.6606,/servicii/cazier-judiciar-online/calarasi,/servicii/cazier-judiciar-online/iasi,location: cazier oraș,location: cazier oraș
0.6606,/servicii/cazier-judiciar-online/timisoara,/servicii/cazier-judiciar-online/vaslui,location: cazier oraș,location: cazier oraș
0.6604,/servicii/cazier-judiciar-online/iasi,/servicii/cazier-judiciar-online/slatina,location: cazier oraș,location: cazier oraș
0.6604,/servicii/cazier-judiciar-online/targoviste,/servicii/cazier-judiciar-online/timisoara,location: cazier oraș,location: cazier oraș
0.6604,/servicii/cazier-judiciar-online/targu-jiu,/servicii/cazier-judiciar-online/tulcea,location: cazier oraș,location: cazier oraș
0.6602,/servicii/cazier-judiciar-online/iasi,/servicii/cazier-judiciar-online/vaslui,location: cazier oraș,location: cazier oraș
0.6601,/servicii/cazier-judiciar-online/constanta,/servicii/cazier-judiciar-online/slobozia,location: cazier oraș,location: cazier oraș
0.6601,/servicii/cazier-judiciar-online/sibiu,/servicii/cazier-judiciar-online/timisoara,location: cazier oraș,location: cazier oraș
0.66,/servicii/cazier-judiciar-online/bistrita,/servicii/cazier-judiciar-online/piatra-neamt,location: cazier oraș,location: cazier oraș
0.66,/servicii/cazier-judiciar-online/brasov,/servicii/cazier-judiciar-online/calarasi,location: cazier oraș,location: cazier oraș
0.66,/servicii/cazier-judiciar-online/piatra-neamt,/servicii/cazier-judiciar-online/targoviste,location: cazier oraș,location: cazier oraș
0.6598,/servicii/cazier-judiciar-online/alba-iulia,/servicii/cazier-judiciar-online/miercurea-ciuc,location: cazier oraș,location: cazier oraș
0.6598,/servicii/cazier-judiciar-online/arad,/servicii/cazier-judiciar-online/pitesti,location: cazier oraș,location: cazier oraș
0.6598,/servicii/cazier-judiciar-online/miercurea-ciuc,/servicii/cazier-judiciar-online/piatra-neamt,location: cazier oraș,location: cazier oraș
0.6596,/servicii/cazier-judiciar-online/bistrita,/servicii/cazier-judiciar-online/satu-mare,location: cazier oraș,location: cazier oraș
0.6596,/servicii/cazier-judiciar-online/craiova,/servicii/cazier-judiciar-online/oradea,location: cazier oraș,location: cazier oraș
0.6596,/servicii/cazier-judiciar-online/satu-mare,/servicii/cazier-judiciar-online/targoviste,location: cazier oraș,location: cazier oraș
0.6594,/servicii/cazier-judiciar-online/botosani,/servicii/cazier-judiciar-online/iasi,location: cazier oraș,location: cazier oraș
0.6594,/servicii/cazier-judiciar-online/drobeta-turnu-severin,/servicii/cazier-judiciar-online/tulcea,location: cazier oraș,location: cazier oraș
0.6594,/servicii/cazier-judiciar-online/satu-mare,/servicii/cazier-judiciar-online/sibiu,location: cazier oraș,location: cazier oraș
0.6593,/servicii/cazier-judiciar-online/braila,/servicii/cazier-judiciar-online/timisoara,location: cazier oraș,location: cazier oraș
0.6592,/servicii/cazier-judiciar-online/arad,/servicii/cazier-judiciar-online/craiova,location: cazier oraș,location: cazier oraș
0.6592,/servicii/cazier-judiciar-online/cluj-napoca,/servicii/cazier-judiciar-online/drobeta-turnu-severin,location: cazier oraș,location: cazier oraș
0.6592,/servicii/cazier-judiciar-online/deva,/servicii/cazier-judiciar-online/piatra-neamt,location: cazier oraș,location: cazier oraș
0.6592,/servicii/cazier-judiciar-online/oradea,/servicii/cazier-judiciar-online/pitesti,location: cazier oraș,location: cazier oraș
0.6592,/servicii/cazier-judiciar-online/oradea,/servicii/cazier-judiciar-online/tulcea,location: cazier oraș,location: cazier oraș
0.6591,/servicii/cazier-judiciar-online/timisoara,/servicii/cazier-judiciar-online/zalau,location: cazier oraș,location: cazier oraș
0.659,/servicii/cazier-judiciar-online/alba-iulia,/servicii/cazier-judiciar-online/suceava,location: cazier oraș,location: cazier oraș
0.659,/servicii/cazier-judiciar-online/calarasi,/servicii/cazier-judiciar-online/constanta,location: cazier oraș,location: cazier oraș
0.659,/servicii/cazier-judiciar-online/galati,/servicii/cazier-judiciar-online/timisoara,location: cazier oraș,location: cazier oraș
0.659,/servicii/cazier-judiciar-online/iasi,/servicii/cazier-judiciar-online/targoviste,location: cazier oraș,location: cazier oraș
0.6588,/servicii/cazier-judiciar-online/arad,/servicii/cazier-judiciar-online/tulcea,location: cazier oraș,location: cazier oraș
0.6588,/servicii/cazier-judiciar-online/craiova,/servicii/cazier-judiciar-online/drobeta-turnu-severin,location: cazier oraș,location: cazier oraș
0.6588,/servicii/cazier-judiciar-online/ilfov,/servicii/cazier-judiciar-online/piatra-neamt,location: cazier oraș,location: cazier oraș
0.6586,/servicii/cazier-judiciar-online/alba-iulia,/servicii/cazier-judiciar-online/ploiesti,location: cazier oraș,location: cazier oraș
0.6586,/servicii/cazier-judiciar-online/alba-iulia,/servicii/cazier-judiciar-online/sfantu-gheorghe,location: cazier oraș,location: cazier oraș
0.6586,/servicii/cazier-judiciar-online/galati,/servicii/cazier-judiciar-online/iasi,location: cazier oraș,location: cazier oraș
0.6586,/servicii/cazier-judiciar-online/oradea,/servicii/cazier-judiciar-online/sfantu-gheorghe,location: cazier oraș,location: cazier oraș
0.6585,/servicii/cazier-judiciar-online/lugoj,/servicii/cazier-judiciar-online/timisoara,location: cazier oraș,location: cazier oraș
0.6584,/servicii/cazier-judiciar-online/alba-iulia,/servicii/cazier-judiciar-online/bacau,location: cazier oraș,location: cazier oraș
0.6584,/servicii/cazier-judiciar-online/ilfov,/servicii/cazier-judiciar-online/satu-mare,location: cazier oraș,location: cazier oraș
0.6584,/servicii/cazier-judiciar-online/satu-mare,/servicii/cazier-judiciar-online/zalau,location: cazier oraș,location: cazier oraș
0.6582,/servicii/cazier-judiciar-online/buzau,/servicii/cazier-judiciar-online/timisoara,location: cazier oraș,location: cazier oraș
0.6582,/servicii/cazier-judiciar-online/constanta,/servicii/cazier-judiciar-online/timisoara,location: cazier oraș,location: cazier oraș
0.6582,/servicii/cazier-judiciar-online/piatra-neamt,/servicii/cazier-judiciar-online/ramnicu-valcea,location: cazier oraș,location: cazier oraș
0.6581,/servicii/cazier-judiciar-online/alexandria,/servicii/cazier-judiciar-online/constanta,location: cazier oraș,location: cazier oraș
0.6581,/servicii/cazier-judiciar-online/miercurea-ciuc,/servicii/cazier-judiciar-online/timisoara,location: cazier oraș,location: cazier oraș
0.658,/servicii/cazier-judiciar-online/bistrita,/servicii/cazier-judiciar-online/iasi,location: cazier oraș,location: cazier oraș
0.658,/servicii/cazier-judiciar-online/braila,/servicii/cazier-judiciar-online/iasi,location: cazier oraș,location: cazier oraș
0.658,/servicii/cazier-judiciar-online/iasi,/servicii/cazier-judiciar-online/suceava,location: cazier oraș,location: cazier oraș
0.6578,/servicii/cazier-judiciar-online/botosani,/servicii/cazier-judiciar-online/constanta,location: cazier oraș,location: cazier oraș
0.6578,/servicii/cazier-judiciar-online/buzau,/servicii/cazier-judiciar-online/piatra-neamt,location: cazier oraș,location: cazier oraș
0.6578,/servicii/cazier-judiciar-online/iasi,/servicii/cazier-judiciar-online/zalau,location: cazier oraș,location: cazier oraș
0.6578,/servicii/cazier-judiciar-online/ramnicu-valcea,/servicii/cazier-judiciar-online/satu-mare,location: cazier oraș,location: cazier oraș
0.6577,/servicii/cazier-judiciar-online/alba-iulia,/servicii/cazier-judiciar-online/drobeta-turnu-severin,location: cazier oraș,location: cazier oraș
0.6577,/servicii/cazier-judiciar-online/bacau,/servicii/cazier-judiciar-online/timisoara,location: cazier oraș,location: cazier oraș
0.6576,/servicii/cazier-judiciar-online/arad,/servicii/cazier-judiciar-online/targu-mures,location: cazier oraș,location: cazier oraș
0.6576,/servicii/cazier-judiciar-online/craiova,/servicii/cazier-judiciar-online/iasi,location: cazier oraș,location: cazier oraș
0.6576,/servicii/cazier-judiciar-online/galati,/servicii/cazier-judiciar-online/piatra-neamt,location: cazier oraș,location: cazier oraș
0.6576,/servicii/cazier-judiciar-online/iasi,/servicii/cazier-judiciar-online/ploiesti,location: cazier oraș,location: cazier oraș
0.6576,/servicii/cazier-judiciar-online/piatra-neamt,/servicii/cazier-judiciar-online/ploiesti,location: cazier oraș,location: cazier oraș
0.6575,/servicii/cazier-judiciar-online/deva,/servicii/cazier-judiciar-online/timisoara,location: cazier oraș,location: cazier oraș
0.6574,/servicii/cazier-judiciar-online/bacau,/servicii/cazier-judiciar-online/iasi,location: cazier oraș,location: cazier oraș
0.6574,/servicii/cazier-judiciar-online/miercurea-ciuc,/servicii/cazier-judiciar-online/satu-mare,location: cazier oraș,location: cazier oraș
0.6574,/servicii/cazier-judiciar-online/suceava,/servicii/cazier-judiciar-online/timisoara,location: cazier oraș,location: cazier oraș
0.6572,/servicii/cazier-judiciar-online/brasov,/servicii/cazier-judiciar-online/giurgiu,location: cazier oraș,location: cazier oraș
0.6572,/servicii/cazier-judiciar-online/brasov,/servicii/cazier-judiciar-online/slobozia,location: cazier oraș,location: cazier oraș
0.6572,/servicii/cazier-judiciar-online/constanta,/servicii/cazier-judiciar-online/zalau,location: cazier oraș,location: cazier oraș
0.6572,/servicii/cazier-judiciar-online/ploiesti,/servicii/cazier-judiciar-online/satu-mare,location: cazier oraș,location: cazier oraș
0.6571,/servicii/cazier-judiciar-online/ilfov,/servicii/cazier-judiciar-online/timisoara,location: cazier oraș,location: cazier oraș
0.657,/servicii/cazier-judiciar-online/arad,/servicii/cazier-judiciar-online/oradea,location: cazier oraș,location: cazier oraș
0.657,/servicii/cazier-judiciar-online/bacau,/servicii/cazier-judiciar-online/satu-mare,location: cazier oraș,location: cazier oraș
0.657,/servicii/cazier-judiciar-online/cluj-napoca,/servicii/cazier-judiciar-online/iasi,location: cazier oraș,location: cazier oraș
0.657,/servicii/cazier-judiciar-online/cluj-napoca,/servicii/cazier-judiciar-online/piatra-neamt,location: cazier oraș,location: cazier oraș
0.657,/servicii/cazier-judiciar-online/piatra-neamt,/servicii/cazier-judiciar-online/suceava,location: cazier oraș,location: cazier oraș
0.6568,/servicii/cazier-judiciar-online/alba-iulia,/servicii/cazier-judiciar-online/ilfov,location: cazier oraș,location: cazier oraș
0.6568,/servicii/cazier-judiciar-online/botosani,/servicii/cazier-judiciar-online/brasov,location: cazier oraș,location: cazier oraș
0.6566,/servicii/cazier-judiciar-online/alba-iulia,/servicii/cazier-judiciar-online/galati,location: cazier oraș,location: cazier oraș
0.6566,/servicii/cazier-judiciar-online/piatra-neamt,/servicii/cazier-judiciar-online/sfantu-gheorghe,location: cazier oraș,location: cazier oraș
0.6566,/servicii/cazier-judiciar-online/satu-mare,/servicii/cazier-judiciar-online/suceava,location: cazier oraș,location: cazier oraș
0.6565,/servicii/cazier-judiciar-online/constanta,/servicii/cazier-judiciar-online/resita,location: cazier oraș,location: cazier oraș
0.6565,/servicii/cazier-judiciar-online/ramnicu-valcea,/servicii/cazier-judiciar-online/timisoara,location: cazier oraș,location: cazier oraș
0.6564,/servicii/cazier-judiciar-online/baia-mare,/servicii/cazier-judiciar-online/targu-jiu,location: cazier oraș,location: cazier oraș
0.6564,/servicii/cazier-judiciar-online/constanta,/servicii/cazier-judiciar-online/targoviste,location: cazier oraș,location: cazier oraș
0.6563,/servicii/cazier-judiciar-online/bistrita,/servicii/cazier-judiciar-online/constanta,location: cazier oraș,location: cazier oraș
0.6563,/servicii/cazier-judiciar-online/cluj-napoca,/servicii/cazier-judiciar-online/timisoara,location: cazier oraș,location: cazier oraș
0.6562,/servicii/cazier-judiciar-online/iasi,/servicii/cazier-judiciar-online/ramnicu-valcea,location: cazier oraș,location: cazier oraș
0.6558,/servicii/cazier-judiciar-online/alba-iulia,/servicii/cazier-judiciar-online/sibiu,location: cazier oraș,location: cazier oraș
0.6558,/servicii/cazier-judiciar-online/buzau,/servicii/cazier-judiciar-online/iasi,location: cazier oraș,location: cazier oraș
0.6558,/servicii/cazier-judiciar-online/iasi,/servicii/cazier-judiciar-online/miercurea-ciuc,location: cazier oraș,location: cazier oraș
0.6557,/servicii/cazier-judiciar-online/constanta,/servicii/cazier-judiciar-online/slatina,location: cazier oraș,location: cazier oraș
0.6555,/servicii/cazier-judiciar-online/alba-iulia,/servicii/cazier-judiciar-online/iasi,location: cazier oraș,location: cazier oraș
0.6555,/servicii/cazier-judiciar-online/baia-mare,/servicii/cazier-judiciar-online/drobeta-turnu-severin,location: cazier oraș,location: cazier oraș
0.6555,/servicii/cazier-judiciar-online/constanta,/servicii/cazier-judiciar-online/vaslui,location: cazier oraș,location: cazier oraș
0.6555,/servicii/cazier-judiciar-online/timisoara,/servicii/cazier-judiciar-online/tulcea,location: cazier oraș,location: cazier oraș
0.6554,/servicii/cazier-judiciar-online/braila,/servicii/cazier-judiciar-online/constanta,location: cazier oraș,location: cazier oraș
0.6554,/servicii/cazier-judiciar-online/brasov,/servicii/cazier-judiciar-online/targoviste,location: cazier oraș,location: cazier oraș
0.6554,/servicii/cazier-judiciar-online/buzau,/servicii/cazier-judiciar-online/satu-mare,location: cazier oraș,location: cazier oraș
0.6553,/servicii/cazier-judiciar-online/arad,/servicii/cazier-judiciar-online/drobeta-turnu-severin,location: cazier oraș,location: cazier oraș
0.6552,/servicii/cazier-judiciar-online/alba-iulia,/servicii/cazier-judiciar-online/pitesti,location: cazier oraș,location: cazier oraș
0.6552,/servicii/cazier-judiciar-online/arad,/servicii/cazier-judiciar-online/targu-jiu,location: cazier oraș,location: cazier oraș
0.6552,/servicii/cazier-judiciar-online/constanta,/servicii/cazier-judiciar-online/sibiu,location: cazier oraș,location: cazier oraș
0.6552,/servicii/cazier-judiciar-online/piatra-neamt,/servicii/cazier-judiciar-online/pitesti,location: cazier oraș,location: cazier oraș
0.655,/servicii/cazier-judiciar-online/oradea,/servicii/cazier-judiciar-online/targu-mures,location: cazier oraș,location: cazier oraș
0.6549,/servicii/cazier-judiciar-online/drobeta-turnu-severin,/servicii/cazier-judiciar-online/targu-jiu,location: cazier oraș,location: cazier oraș
0.6548,/servicii/cazier-judiciar-online/alba-iulia,/servicii/cazier-judiciar-online/buzau,location: cazier oraș,location: cazier oraș
0.6548,/servicii/cazier-judiciar-online/arad,/servicii/cazier-judiciar-online/baia-mare,location: cazier oraș,location: cazier oraș
0.6548,/servicii/cazier-judiciar-online/iasi,/servicii/cazier-judiciar-online/ilfov,location: cazier oraș,location: cazier oraș
0.6547,/servicii/cazier-judiciar-online/oradea,/servicii/cazier-judiciar-online/targu-jiu,location: cazier oraș,location: cazier oraș
0.6546,/servicii/cazier-judiciar-online/alba-iulia,/servicii/cazier-judiciar-online/craiova,location: cazier oraș,location: cazier oraș
0.6546,/servicii/cazier-judiciar-online/brasov,/servicii/cazier-judiciar-online/focsani,location: cazier oraș,location: cazier oraș
0.6546,/servicii/cazier-judiciar-online/constanta,/servicii/cazier-judiciar-online/ramnicu-valcea,location: cazier oraș,location: cazier oraș
0.6545,/servicii/cazier-judiciar-online/bucuresti,/servicii/cazier-judiciar-online/lugoj,location: cazier oraș,location: cazier oraș
0.6544,/servicii/cazier-judiciar-online/arad,/servicii/cazier-judiciar-online/timisoara,location: cazier oraș,location: cazier oraș
0.6542,/servicii/cazier-judiciar-online/alexandria,/servicii/cazier-judiciar-online/brasov,location: cazier oraș,location: cazier oraș
0.6542,/servicii/cazier-judiciar-online/constanta,/servicii/cazier-judiciar-online/ilfov,location: cazier oraș,location: cazier oraș
0.6542,/servicii/cazier-judiciar-online/constanta,/servicii/cazier-judiciar-online/miercurea-ciuc,location: cazier oraș,location: cazier oraș
0.6542,/servicii/cazier-judiciar-online/piatra-neamt,/servicii/cazier-judiciar-online/tulcea,location: cazier oraș,location: cazier oraș
0.6542,/servicii/cazier-judiciar-online/satu-mare,/servicii/cazier-judiciar-online/sfantu-gheorghe,location: cazier oraș,location: cazier oraș
0.654,/servicii/cazier-judiciar-online/alba-iulia,/servicii/cazier-judiciar-online/cluj-napoca,location: cazier oraș,location: cazier oraș
0.654,/servicii/cazier-judiciar-online/brasov,/servicii/cazier-judiciar-online/ploiesti,location: cazier oraș,location: cazier oraș
0.6539,/servicii/cazier-judiciar-online/craiova,/servicii/cazier-judiciar-online/timisoara,location: cazier oraș,location: cazier oraș
0.6538,/servicii/cazier-judiciar-online/satu-mare,/servicii/cazier-judiciar-online/tulcea,location: cazier oraș,location: cazier oraș
0.6536,/servicii/cazier-judiciar-online/cluj-napoca,/servicii/cazier-judiciar-online/satu-mare,location: cazier oraș,location: cazier oraș
0.6536,/servicii/cazier-judiciar-online/constanta,/servicii/cazier-judiciar-online/pitesti,location: cazier oraș,location: cazier oraș
0.6536,/servicii/cazier-judiciar-online/craiova,/servicii/cazier-judiciar-online/piatra-neamt,location: cazier oraș,location: cazier oraș
0.6535,/servicii/cazier-judiciar-online/pitesti,/servicii/cazier-judiciar-online/timisoara,location: cazier oraș,location: cazier oraș
0.6534,/servicii/cazier-judiciar-online/bistrita,/servicii/cazier-judiciar-online/brasov,location: cazier oraș,location: cazier oraș
0.6534,/servicii/cazier-judiciar-online/cluj-napoca,/servicii/cazier-judiciar-online/constanta,location: cazier oraș,location: cazier oraș
0.6533,/servicii/cazier-judiciar-online/iasi,/servicii/cazier-judiciar-online/pitesti,location: cazier oraș,location: cazier oraș
0.6532,/servicii/cazier-judiciar-online/barlad,/servicii/cazier-judiciar-online/bucuresti,location: cazier oraș,location: cazier oraș
0.6532,/servicii/cazier-judiciar-online/bucuresti,/servicii/cazier-judiciar-online/medias,location: cazier oraș,location: cazier oraș
0.6532,/servicii/cazier-judiciar-online/craiova,/servicii/cazier-judiciar-online/satu-mare,location: cazier oraș,location: cazier oraș
0.6531,/servicii/cazier-judiciar-online/alba-iulia,/servicii/cazier-judiciar-online/targu-mures,location: cazier oraș,location: cazier oraș
0.653,/servicii/cazier-judiciar-online/constanta,/servicii/cazier-judiciar-online/galati,location: cazier oraș,location: cazier oraș
0.653,/servicii/cazier-judiciar-online/constanta,/servicii/cazier-judiciar-online/ploiesti,location: cazier oraș,location: cazier oraș
0.6529,/servicii/cazier-judiciar-online/pitesti,/servicii/cazier-judiciar-online/satu-mare,location: cazier oraș,location: cazier oraș
0.6529,/servicii/cazier-judiciar-online/sfantu-gheorghe,/servicii/cazier-judiciar-online/timisoara,location: cazier oraș,location: cazier oraș
0.6528,/servicii/cazier-judiciar-online/bacau,/servicii/cazier-judiciar-online/constanta,location: cazier oraș,location: cazier oraș
0.6527,/servicii/cazier-judiciar-online/drobeta-turnu-severin,/servicii/cazier-judiciar-online/oradea,location: cazier oraș,location: cazier oraș
0.6527,/servicii/cazier-judiciar-online/iasi,/servicii/cazier-judiciar-online/sfantu-gheorghe,location: cazier oraș,location: cazier oraș
0.6526,/servicii/cazier-judiciar-online/brasov,/servicii/cazier-judiciar-online/resita,location: cazier oraș,location: cazier oraș
0.6526,/servicii/cazier-judiciar-online/constanta,/servicii/cazier-judiciar-online/deva,location: cazier oraș,location: cazier oraș
0.6523,/servicii/cazier-judiciar-online/alba-iulia,/servicii/cazier-judiciar-online/baia-mare,location: cazier oraș,location: cazier oraș
0.6523,/servicii/cazier-judiciar-online/iasi,/servicii/cazier-judiciar-online/tulcea,location: cazier oraș,location: cazier oraș
0.6521,/servicii/cazier-judiciar-online/arad,/servicii/cazier-judiciar-online/iasi,location: cazier oraș,location: cazier oraș
0.652,/servicii/cazier-judiciar-online/constanta,/servicii/cazier-judiciar-online/craiova,location: cazier oraș,location: cazier oraș
0.6518,/servicii/cazier-judiciar-online/brasov,/servicii/cazier-judiciar-online/slatina,location: cazier oraș,location: cazier oraș
0.6516,/servicii/cazier-judiciar-online/brasov,/servicii/cazier-judiciar-online/vaslui,location: cazier oraș,location: cazier oraș
0.6515,/servicii/cazier-judiciar-online/brasov,/servicii/cazier-judiciar-online/suceava,location: cazier oraș,location: cazier oraș
0.6515,/servicii/cazier-judiciar-online/bucuresti,/servicii/cazier-judiciar-online/onesti,location: cazier oraș,location: cazier oraș
0.6513,/servicii/cazier-judiciar-online/baia-mare,/servicii/cazier-judiciar-online/iasi,location: cazier oraș,location: cazier oraș
0.6513,/servicii/cazier-judiciar-online/baia-mare,/servicii/cazier-judiciar-online/piatra-neamt,location: cazier oraș,location: cazier oraș
0.6512,/servicii/cazier-judiciar-online/bucuresti,/servicii/cazier-judiciar-online/turda,location: cazier oraș,location: cazier oraș
0.6512,/servicii/cazier-judiciar-online/buzau,/servicii/cazier-judiciar-online/constanta,location: cazier oraș,location: cazier oraș
0.6511,/servicii/cazier-judiciar-online/arad,/servicii/cazier-judiciar-online/piatra-neamt,location: cazier oraș,location: cazier oraș
0.6511,/servicii/cazier-judiciar-online/brasov,/servicii/cazier-judiciar-online/craiova,location: cazier oraș,location: cazier oraș
0.6511,/servicii/cazier-judiciar-online/giurgiu,/servicii/cazier-judiciar-online/lugoj,location: cazier oraș,location: cazier oraș
0.6511,/servicii/cazier-judiciar-online/iasi,/servicii/cazier-judiciar-online/targu-mures,location: cazier oraș,location: cazier oraș
0.6511,/servicii/cazier-judiciar-online/piatra-neamt,/servicii/cazier-judiciar-online/targu-mures,location: cazier oraș,location: cazier oraș
0.6509,/servicii/cazier-judiciar-online/bacau,/servicii/cazier-judiciar-online/brasov,location: cazier oraș,location: cazier oraș
0.6509,/servicii/cazier-judiciar-online/lugoj,/servicii/cazier-judiciar-online/piatra-neamt,location: cazier oraș,location: cazier oraș
0.6508,/servicii/cazier-judiciar-online/bucuresti,/servicii/cazier-judiciar-online/sebes,location: cazier oraș,location: cazier oraș
0.6507,/servicii/cazier-judiciar-online/arad,/servicii/cazier-judiciar-online/satu-mare,location: cazier oraș,location: cazier oraș
0.6507,/servicii/cazier-judiciar-online/drobeta-turnu-severin,/servicii/cazier-judiciar-online/piatra-neamt,location: cazier oraș,location: cazier oraș
0.6507,/servicii/cazier-judiciar-online/piatra-neamt,/servicii/cazier-judiciar-online/targu-jiu,location: cazier oraș,location: cazier oraș
0.6506,/servicii/cazier-judiciar-online/constanta,/servicii/cazier-judiciar-online/tulcea,location: cazier oraș,location: cazier oraș
0.6504,/servicii/cazier-judiciar-online/constanta,/servicii/cazier-judiciar-online/suceava,location: cazier oraș,location: cazier oraș
0.6503,/servicii/cazier-judiciar-online/brasov,/servicii/cazier-judiciar-online/buzau,location: cazier oraș,location: cazier oraș
0.6502,/servicii/cazier-judiciar-online/brasov,/servicii/cazier-judiciar-online/sibiu,location: cazier oraș,location: cazier oraș
0.6501,/servicii/cazier-judiciar-online/lugoj,/servicii/cazier-judiciar-online/slobozia,location: cazier oraș,location: cazier oraș
0.6499,/servicii/cazier-judiciar-online/barlad,/servicii/cazier-judiciar-online/giurgiu,location: cazier oraș,location: cazier oraș
0.6499,/servicii/cazier-judiciar-online/giurgiu,/servicii/cazier-judiciar-online/medias,location: cazier oraș,location: cazier oraș
0.6499,/servicii/cazier-judiciar-online/iasi,/servicii/cazier-judiciar-online/timisoara,location: cazier oraș,location: cazier oraș
0.6499,/servicii/cazier-judiciar-online/onesti,/servicii/cazier-judiciar-online/slatina,location: cazier oraș,location: cazier oraș
0.6497,/servicii/cazier-judiciar-online/barlad,/servicii/cazier-judiciar-online/piatra-neamt,location: cazier oraș,location: cazier oraș
0.6497,/servicii/cazier-judiciar-online/brasov,/servicii/cazier-judiciar-online/tulcea,location: cazier oraș,location: cazier oraș
0.6496,/servicii/cazier-judiciar-online/iasi,/servicii/cazier-judiciar-online/oradea,location: cazier oraș,location: cazier oraș
0.6495,/servicii/cazier-judiciar-online/braila,/servicii/cazier-judiciar-online/brasov,location: cazier oraș,location: cazier oraș
0.6495,/servicii/cazier-judiciar-online/lugoj,/servicii/cazier-judiciar-online/satu-mare,location: cazier oraș,location: cazier oraș
0.6494,/servicii/cazier-judiciar-online/targu-mures,/servicii/cazier-judiciar-online/timisoara,location: cazier oraș,location: cazier oraș
0.6493,/servicii/cazier-judiciar-online/brasov,/servicii/cazier-judiciar-online/miercurea-ciuc,location: cazier oraș,location: cazier oraș
0.6492,/servicii/cazier-judiciar-online/brasov,/servicii/cazier-judiciar-online/zalau,location: cazier oraș,location: cazier oraș
0.6492,/servicii/cazier-judiciar-online/cluj-napoca,/servicii/cazier-judiciar-online/medias,location: cazier oraș,location: cazier oraș
0.649,/servicii/cazier-judiciar-online/targu-jiu,/servicii/cazier-judiciar-online/timisoara,location: cazier oraș,location: cazier oraș
0.6488,/servicii/cazier-judiciar-online/barlad,/servicii/cazier-judiciar-online/slobozia,location: cazier oraș,location: cazier oraș
0.6488,/servicii/cazier-judiciar-online/iasi,/servicii/cazier-judiciar-online/targu-jiu,location: cazier oraș,location: cazier oraș
0.6488,/servicii/cazier-judiciar-online/medias,/servicii/cazier-judiciar-online/slobozia,location: cazier oraș,location: cazier oraș
0.6488,/servicii/cazier-judiciar-online/oradea,/servicii/cazier-judiciar-online/timisoara,location: cazier oraș,location: cazier oraș
0.6487,/servicii/cazier-judiciar-online/brasov,/servicii/cazier-judiciar-online/deva,location: cazier oraș,location: cazier oraș
0.6487,/servicii/cazier-judiciar-online/piatra-neamt,/servicii/cazier-judiciar-online/turda,location: cazier oraș,location: cazier oraș
0.6487,/servicii/cazier-judiciar-online/satu-mare,/servicii/cazier-judiciar-online/targu-mures,location: cazier oraș,location: cazier oraș
0.6486,/servicii/cazier-judiciar-online/alba-iulia,/servicii/cazier-judiciar-online/oradea,location: cazier oraș,location: cazier oraș
0.6486,/servicii/cazier-judiciar-online/baia-mare,/servicii/cazier-judiciar-online/timisoara,location: cazier oraș,location: cazier oraș
0.6485,/servicii/cazier-judiciar-online/oradea,/servicii/cazier-judiciar-online/piatra-neamt,location: cazier oraș,location: cazier oraș
0.6484,/servicii/cazier-judiciar-online/drobeta-turnu-severin,/servicii/cazier-judiciar-online/satu-mare,location: cazier oraș,location: cazier oraș
0.6484,/servicii/cazier-judiciar-online/focsani,/servicii/cazier-judiciar-online/lugoj,location: cazier oraș,location: cazier oraș
0.6484,/servicii/cazier-judiciar-online/satu-mare,/servicii/cazier-judiciar-online/targu-jiu,location: cazier oraș,location: cazier oraș
0.6482,/servicii/cazier-judiciar-online/giurgiu,/servicii/cazier-judiciar-online/onesti,location: cazier oraș,location: cazier oraș
0.6482,/servicii/cazier-judiciar-online/oradea,/servicii/cazier-judiciar-online/satu-mare,location: cazier oraș,location: cazier oraș
0.6481,/servicii/cazier-judiciar-online/brasov,/servicii/cazier-judiciar-online/galati,location: cazier oraș,location: cazier oraș
0.6481,/servicii/cazier-judiciar-online/lugoj,/servicii/cazier-judiciar-online/sibiu,location: cazier oraș,location: cazier oraș
0.648,/servicii/cazier-judiciar-online/alexandria,/servicii/cazier-judiciar-online/lugoj,location: cazier oraș,location: cazier oraș
0.648,/servicii/cazier-judiciar-online/constanta,/servicii/cazier-judiciar-online/sfantu-gheorghe,location: cazier oraș,location: cazier oraș
0.6478,/servicii/cazier-judiciar-online/alba-iulia,/servicii/cazier-judiciar-online/targu-jiu,location: cazier oraș,location: cazier oraș
0.6478,/servicii/cazier-judiciar-online/giurgiu,/servicii/cazier-judiciar-online/turda,location: cazier oraș,location: cazier oraș
0.6478,/servicii/cazier-judiciar-online/piatra-neamt,/servicii/cazier-judiciar-online/timisoara,location: cazier oraș,location: cazier oraș
0.6477,/servicii/cazier-judiciar-online/brasov,/servicii/cazier-judiciar-online/ramnicu-valcea,location: cazier oraș,location: cazier oraș
0.6475,/servicii/cazier-judiciar-online/constanta,/servicii/cazier-judiciar-online/targu-mures,location: cazier oraș,location: cazier oraș
0.6475,/servicii/cazier-judiciar-online/satu-mare,/servicii/cazier-judiciar-online/timisoara,location: cazier oraș,location: cazier oraș
0.6474,/servicii/cazier-judiciar-online/giurgiu,/servicii/cazier-judiciar-online/sebes,location: cazier oraș,location: cazier oraș
0.6473,/servicii/cazier-judiciar-online/brasov,/servicii/cazier-judiciar-online/timisoara,location: cazier oraș,location: cazier oraș
0.6472,/servicii/cazier-judiciar-online/alba-iulia,/servicii/cazier-judiciar-online/arad,location: cazier oraș,location: cazier oraș
0.6472,/servicii/cazier-judiciar-online/barlad,/servicii/cazier-judiciar-online/focsani,location: cazier oraș,location: cazier oraș
0.6472,/servicii/cazier-judiciar-online/bistrita,/servicii/cazier-judiciar-online/lugoj,location: cazier oraș,location: cazier oraș
0.6472,/servicii/cazier-judiciar-online/focsani,/servicii/cazier-judiciar-online/medias,location: cazier oraș,location: cazier oraș
0.6472,/servicii/cazier-judiciar-online/onesti,/servicii/cazier-judiciar-online/slobozia,location: cazier oraș,location: cazier oraș
0.6471,/servicii/cazier-judiciar-online/drobeta-turnu-severin,/servicii/cazier-judiciar-online/timisoara,location: cazier oraș,location: cazier oraș
0.6469,/servicii/cazier-judiciar-online/barlad,/servicii/cazier-judiciar-online/sibiu,location: cazier oraș,location: cazier oraș
0.6468,/servicii/cazier-judiciar-online/alexandria,/servicii/cazier-judiciar-online/barlad,location: cazier oraș,location: cazier oraș
0.6468,/servicii/cazier-judiciar-online/alexandria,/servicii/cazier-judiciar-online/medias,location: cazier oraș,location: cazier oraș
0.6468,/servicii/cazier-judiciar-online/drobeta-turnu-severin,/servicii/cazier-judiciar-online/iasi,location: cazier oraș,location: cazier oraș
0.6468,/servicii/cazier-judiciar-online/slobozia,/servicii/cazier-judiciar-online/turda,location: cazier oraș,location: cazier oraș
0.6465,/servicii/cazier-judiciar-online/arad,/servicii/cazier-judiciar-online/constanta,location: cazier oraș,location: cazier oraș
0.6464,/servicii/cazier-judiciar-online/brasov,/servicii/cazier-judiciar-online/ilfov,location: cazier oraș,location: cazier oraș
0.6464,/servicii/cazier-judiciar-online/lugoj,/servicii/cazier-judiciar-online/resita,location: cazier oraș,location: cazier oraș
0.6464,/servicii/cazier-judiciar-online/sebes,/servicii/cazier-judiciar-online/slobozia,location: cazier oraș,location: cazier oraș
0.6463,/servicii/cazier-judiciar-online/alba-iulia,/servicii/cazier-judiciar-online/sebes,location: cazier oraș,location: cazier oraș
0.646,/servicii/cazier-judiciar-online/barlad,/servicii/cazier-judiciar-online/bistrita,location: cazier oraș,location: cazier oraș
0.646,/servicii/cazier-judiciar-online/bistrita,/servicii/cazier-judiciar-online/medias,location: cazier oraș,location: cazier oraș
0.6458,/servicii/cazier-judiciar-online/calarasi,/servicii/cazier-judiciar-online/lugoj,location: cazier oraș,location: cazier oraș
0.6457,/servicii/cazier-judiciar-online/bacau,/servicii/cazier-judiciar-online/lugoj,location: cazier oraș,location: cazier oraș
0.6457,/servicii/cazier-judiciar-online/galati,/servicii/cazier-judiciar-online/medias,location: cazier oraș,location: cazier oraș
0.6457,/servicii/cazier-judiciar-online/iasi,/servicii/cazier-judiciar-online/piatra-neamt,location: cazier oraș,location: cazier oraș
0.6456,/servicii/cazier-judiciar-online/brasov,/servicii/cazier-judiciar-online/cluj-napoca,location: cazier oraș,location: cazier oraș
0.6456,/servicii/cazier-judiciar-online/lugoj,/servicii/cazier-judiciar-online/slatina,location: cazier oraș,location: cazier oraș
0.6455,/servicii/cazier-judiciar-online/focsani,/servicii/cazier-judiciar-online/onesti,location: cazier oraș,location: cazier oraș
0.6454,/servicii/cazier-judiciar-online/lugoj,/servicii/cazier-judiciar-online/vaslui,location: cazier oraș,location: cazier oraș
0.6454,/servicii/cazier-judiciar-online/medias,/servicii/cazier-judiciar-online/slatina,location: cazier oraș,location: cazier oraș
0.6453,/servicii/cazier-judiciar-online/iasi,/servicii/cazier-judiciar-online/satu-mare,location: cazier oraș,location: cazier oraș
0.6452,/servicii/cazier-judiciar-online/barlad,/servicii/cazier-judiciar-online/resita,location: cazier oraș,location: cazier oraș
0.6452,/servicii/cazier-judiciar-online/brasov,/servicii/cazier-judiciar-online/sfantu-gheorghe,location: cazier oraș,location: cazier oraș
0.6452,/servicii/cazier-judiciar-online/constanta,/servicii/cazier-judiciar-online/drobeta-turnu-severin,location: cazier oraș,location: cazier oraș
0.6452,/servicii/cazier-judiciar-online/focsani,/servicii/cazier-judiciar-online/turda,location: cazier oraș,location: cazier oraș
0.6452,/servicii/cazier-judiciar-online/medias,/servicii/cazier-judiciar-online/resita,location: cazier oraș,location: cazier oraș
0.6452,/servicii/cazier-judiciar-online/onesti,/servicii/cazier-judiciar-online/sibiu,location: cazier oraș,location: cazier oraș
0.6451,/servicii/cazier-judiciar-online/alexandria,/servicii/cazier-judiciar-online/onesti,location: cazier oraș,location: cazier oraș
0.6449,/servicii/cazier-judiciar-online/alba-iulia,/servicii/cazier-judiciar-online/timisoara,location: cazier oraș,location: cazier oraș
0.6449,/servicii/cazier-judiciar-online/sibiu,/servicii/cazier-judiciar-online/turda,location: cazier oraș,location: cazier oraș
0.6448,/servicii/cazier-judiciar-online/alexandria,/servicii/cazier-judiciar-online/turda,location: cazier oraș,location: cazier oraș
0.6448,/servicii/cazier-judiciar-online/brasov,/servicii/cazier-judiciar-online/pitesti,location: cazier oraș,location: cazier oraș
0.6448,/servicii/cazier-judiciar-online/focsani,/servicii/cazier-judiciar-online/sebes,location: cazier oraș,location: cazier oraș
0.6447,/servicii/cazier-judiciar-online/craiova,/servicii/cazier-judiciar-online/medias,location: cazier oraș,location: cazier oraș
0.6446,/servicii/cazier-judiciar-online/alba-iulia,/servicii/cazier-judiciar-online/piatra-neamt,location: cazier oraș,location: cazier oraș
0.6446,/servicii/cazier-judiciar-online/barlad,/servicii/cazier-judiciar-online/calarasi,location: cazier oraș,location: cazier oraș
0.6446,/servicii/cazier-judiciar-online/botosani,/servicii/cazier-judiciar-online/lugoj,location: cazier oraș,location: cazier oraș
0.6446,/servicii/cazier-judiciar-online/calarasi,/servicii/cazier-judiciar-online/medias,location: cazier oraș,location: cazier oraș
0.6445,/servicii/cazier-judiciar-online/bacau,/servicii/cazier-judiciar-online/barlad,location: cazier oraș,location: cazier oraș
0.6445,/servicii/cazier-judiciar-online/bacau,/servicii/cazier-judiciar-online/medias,location: cazier oraș,location: cazier oraș
0.6445,/servicii/cazier-judiciar-online/sebes,/servicii/cazier-judiciar-online/sibiu,location: cazier oraș,location: cazier oraș
0.6444,/servicii/cazier-judiciar-online/alexandria,/servicii/cazier-judiciar-online/sebes,location: cazier oraș,location: cazier oraș
0.6444,/servicii/cazier-judiciar-online/barlad,/servicii/cazier-judiciar-online/slatina,location: cazier oraș,location: cazier oraș
0.6443,/servicii/cazier-judiciar-online/alba-iulia,/servicii/cazier-judiciar-online/satu-mare,location: cazier oraș,location: cazier oraș
0.6443,/servicii/cazier-judiciar-online/bistrita,/servicii/cazier-judiciar-online/onesti,location: cazier oraș,location: cazier oraș
0.6443,/servicii/cazier-judiciar-online/cluj-napoca,/servicii/cazier-judiciar-online/lugoj,location: cazier oraș,location: cazier oraș
0.6443,/servicii/cazier-judiciar-online/piatra-neamt,/servicii/cazier-judiciar-online/sebes,location: cazier oraș,location: cazier oraș
0.6442,/servicii/cazier-judiciar-online/braila,/servicii/cazier-judiciar-online/lugoj,location: cazier oraș,location: cazier oraș
0.6442,/servicii/cazier-judiciar-online/constanta,/servicii/cazier-judiciar-online/targu-jiu,location: cazier oraș,location: cazier oraș
0.6442,/servicii/cazier-judiciar-online/medias,/servicii/cazier-judiciar-online/vaslui,location: cazier oraș,location: cazier oraș
0.644,/servicii/cazier-judiciar-online/bistrita,/servicii/cazier-judiciar-online/turda,location: cazier oraș,location: cazier oraș
0.644,/servicii/cazier-judiciar-online/constanta,/servicii/cazier-judiciar-online/oradea,location: cazier oraș,location: cazier oraș
0.644,/servicii/cazier-judiciar-online/lugoj,/servicii/cazier-judiciar-online/zalau,location: cazier oraș,location: cazier oraș
0.6438,/servicii/cazier-judiciar-online/baia-mare,/servicii/cazier-judiciar-online/constanta,location: cazier oraș,location: cazier oraș
0.6438,/servicii/cazier-judiciar-online/galati,/servicii/cazier-judiciar-online/lugoj,location: cazier oraș,location: cazier oraș
0.6437,/servicii/cazier-judiciar-online/barlad,/servicii/cazier-judiciar-online/galati,location: cazier oraș,location: cazier oraș
0.6436,/servicii/cazier-judiciar-online/bistrita,/servicii/cazier-judiciar-online/sebes,location: cazier oraș,location: cazier oraș
0.6435,/servicii/cazier-judiciar-online/onesti,/servicii/cazier-judiciar-online/resita,location: cazier oraș,location: cazier oraș
0.6434,/servicii/cazier-judiciar-online/barlad,/servicii/cazier-judiciar-online/botosani,location: cazier oraș,location: cazier oraș
0.6434,/servicii/cazier-judiciar-online/botosani,/servicii/cazier-judiciar-online/medias,location: cazier oraș,location: cazier oraș
0.6432,/servicii/cazier-judiciar-online/lugoj,/servicii/cazier-judiciar-online/targoviste,location: cazier oraș,location: cazier oraș
0.6432,/servicii/cazier-judiciar-online/resita,/servicii/cazier-judiciar-online/turda,location: cazier oraș,location: cazier oraș
0.6431,/servicii/cazier-judiciar-online/alba-iulia,/servicii/cazier-judiciar-online/constanta,location: cazier oraș,location: cazier oraș
0.6431,/servicii/cazier-judiciar-online/barlad,/servicii/cazier-judiciar-online/cluj-napoca,location: cazier oraș,location: cazier oraș
0.6431,/servicii/cazier-judiciar-online/constanta,/servicii/cazier-judiciar-online/iasi,location: cazier oraș,location: cazier oraș
0.643,/servicii/cazier-judiciar-online/barlad,/servicii/cazier-judiciar-online/braila,location: cazier oraș,location: cazier oraș
0.643,/servicii/cazier-judiciar-online/braila,/servicii/cazier-judiciar-online/medias,location: cazier oraș,location: cazier oraș
0.643,/servicii/cazier-judiciar-online/constanta,/servicii/cazier-judiciar-online/piatra-neamt,location: cazier oraș,location: cazier oraș
0.643,/servicii/cazier-judiciar-online/galati,/servicii/cazier-judiciar-online/onesti,location: cazier oraș,location: cazier oraș
0.6429,/servicii/cazier-judiciar-online/calarasi,/servicii/cazier-judiciar-online/onesti,location: cazier oraș,location: cazier oraș
0.6428,/servicii/cazier-judiciar-online/barlad,/servicii/cazier-judiciar-online/zalau,location: cazier oraș,location: cazier oraș
0.6428,/servicii/cazier-judiciar-online/lugoj,/servicii/cazier-judiciar-online/ploiesti,location: cazier oraș,location: cazier oraș
0.6428,/servicii/cazier-judiciar-online/medias,/servicii/cazier-judiciar-online/zalau,location: cazier oraș,location: cazier oraș
0.6428,/servicii/cazier-judiciar-online/resita,/servicii/cazier-judiciar-online/sebes,location: cazier oraș,location: cazier oraș
0.6427,/servicii/cazier-judiciar-online/brasov,/servicii/cazier-judiciar-online/targu-mures,location: cazier oraș,location: cazier oraș
0.6427,/servicii/cazier-judiciar-online/constanta,/servicii/cazier-judiciar-online/satu-mare,location: cazier oraș,location: cazier oraș
0.6426,/servicii/cazier-judiciar-online/calarasi,/servicii/cazier-judiciar-online/turda,location: cazier oraș,location: cazier oraș
0.6426,/servicii/cazier-judiciar-online/medias,/servicii/cazier-judiciar-online/ploiesti,location: cazier oraș,location: cazier oraș
0.6425,/servicii/cazier-judiciar-online/bacau,/servicii/cazier-judiciar-online/turda,location: cazier oraș,location: cazier oraș
0.6425,/servicii/cazier-judiciar-online/onesti,/servicii/cazier-judiciar-online/vaslui,location: cazier oraș,location: cazier oraș
0.6424,/servicii/cazier-judiciar-online/braila,/servicii/cazier-judiciar-online/onesti,location: cazier oraș,location: cazier oraș
0.6424,/servicii/cazier-judiciar-online/deva,/servicii/cazier-judiciar-online/lugoj,location: cazier oraș,location: cazier oraș
0.6424,/servicii/cazier-judiciar-online/slatina,/servicii/cazier-judiciar-online/turda,location: cazier oraș,location: cazier oraș
0.6422,/servicii/cazier-judiciar-online/alba-iulia,/servicii/cazier-judiciar-online/brasov,location: cazier oraș,location: cazier oraș
0.6422,/servicii/cazier-judiciar-online/calarasi,/servicii/cazier-judiciar-online/sebes,location: cazier oraș,location: cazier oraș
0.6422,/servicii/cazier-judiciar-online/turda,/servicii/cazier-judiciar-online/vaslui,location: cazier oraș,location: cazier oraș
0.6421,/servicii/cazier-judiciar-online/bacau,/servicii/cazier-judiciar-online/sebes,location: cazier oraș,location: cazier oraș
0.642,/servicii/cazier-judiciar-online/baia-mare,/servicii/cazier-judiciar-online/brasov,location: cazier oraș,location: cazier oraș
0.642,/servicii/cazier-judiciar-online/barlad,/servicii/cazier-judiciar-online/targoviste,location: cazier oraș,location: cazier oraș
0.642,/servicii/cazier-judiciar-online/medias,/servicii/cazier-judiciar-online/targoviste,location: cazier oraș,location: cazier oraș
0.642,/servicii/cazier-judiciar-online/sebes,/servicii/cazier-judiciar-online/slatina,location: cazier oraș,location: cazier oraș
0.6418,/servicii/cazier-judiciar-online/sebes,/servicii/cazier-judiciar-online/vaslui,location: cazier oraș,location: cazier oraș
0.6417,/servicii/cazier-judiciar-online/botosani,/servicii/cazier-judiciar-online/onesti,location: cazier oraș,location: cazier oraș
0.6416,/servicii/cazier-judiciar-online/barlad,/servicii/cazier-judiciar-online/ploiesti,location: cazier oraș,location: cazier oraș
0.6416,/servicii/cazier-judiciar-online/braila,/servicii/cazier-judiciar-online/sebes,location: cazier oraș,location: cazier oraș
0.6416,/servicii/cazier-judiciar-online/brasov,/servicii/cazier-judiciar-online/constanta,location: cazier oraș,location: cazier oraș
0.6416,/servicii/cazier-judiciar-online/medias,/servicii/cazier-judiciar-online/piatra-neamt,location: cazier oraș,location: cazier oraș
0.6414,/servicii/cazier-judiciar-online/botosani,/servicii/cazier-judiciar-online/turda,location: cazier oraș,location: cazier oraș
0.6414,/servicii/cazier-judiciar-online/cluj-napoca,/servicii/cazier-judiciar-online/onesti,location: cazier oraș,location: cazier oraș
0.6414,/servicii/cazier-judiciar-online/lugoj,/servicii/cazier-judiciar-online/tulcea,location: cazier oraș,location: cazier oraș
0.6413,/servicii/cazier-judiciar-online/lugoj,/servicii/cazier-judiciar-online/ramnicu-valcea,location: cazier oraș,location: cazier oraș
0.6412,/servicii/cazier-judiciar-online/barlad,/servicii/cazier-judiciar-online/deva,location: cazier oraș,location: cazier oraș
0.6412,/servicii/cazier-judiciar-online/deva,/servicii/cazier-judiciar-online/medias,location: cazier oraș,location: cazier oraș
0.6411,/servicii/cazier-judiciar-online/onesti,/servicii/cazier-judiciar-online/zalau,location: cazier oraș,location: cazier oraș
0.641,/servicii/cazier-judiciar-online/botosani,/servicii/cazier-judiciar-online/sebes,location: cazier oraș,location: cazier oraș
0.641,/servicii/cazier-judiciar-online/braila,/servicii/cazier-judiciar-online/turda,location: cazier oraș,location: cazier oraș
0.641,/servicii/cazier-judiciar-online/buzau,/servicii/cazier-judiciar-online/lugoj,location: cazier oraș,location: cazier oraș
0.641,/servicii/cazier-judiciar-online/ilfov,/servicii/cazier-judiciar-online/lugoj,location: cazier oraș,location: cazier oraș
0.641,/servicii/cazier-judiciar-online/onesti,/servicii/cazier-judiciar-online/piatra-neamt,location: cazier oraș,location: cazier oraș
0.6409,/servicii/cazier-judiciar-online/lugoj,/servicii/cazier-judiciar-online/miercurea-ciuc,location: cazier oraș,location: cazier oraș
0.6408,/servicii/cazier-judiciar-online/craiova,/servicii/cazier-judiciar-online/lugoj,location: cazier oraș,location: cazier oraș
0.6408,/servicii/cazier-judiciar-online/turda,/servicii/cazier-judiciar-online/zalau,location: cazier oraș,location: cazier oraș
0.6407,/servicii/cazier-judiciar-online/cluj-napoca,/servicii/cazier-judiciar-online/sebes,location: cazier oraș,location: cazier oraș
0.6407,/servicii/cazier-judiciar-online/medias,/servicii/cazier-judiciar-online/targu-jiu,location: cazier oraș,location: cazier oraș
0.6406,/servicii/cazier-judiciar-online/galati,/servicii/cazier-judiciar-online/turda,location: cazier oraș,location: cazier oraș
0.6404,/servicii/cazier-judiciar-online/brasov,/servicii/cazier-judiciar-online/targu-jiu,location: cazier oraș,location: cazier oraș
0.6404,/servicii/cazier-judiciar-online/lugoj,/servicii/cazier-judiciar-online/pitesti,location: cazier oraș,location: cazier oraș
0.6404,/servicii/cazier-judiciar-online/sebes,/servicii/cazier-judiciar-online/zalau,location: cazier oraș,location: cazier oraș
0.6403,/servicii/cazier-judiciar-online/brasov,/servicii/cazier-judiciar-online/iasi,location: cazier oraș,location: cazier oraș
0.6403,/servicii/cazier-judiciar-online/onesti,/servicii/cazier-judiciar-online/targoviste,location: cazier oraș,location: cazier oraș
0.6402,/servicii/cazier-judiciar-online/barlad,/servicii/cazier-judiciar-online/satu-mare,location: cazier oraș,location: cazier oraș
0.6402,/servicii/cazier-judiciar-online/barlad,/servicii/cazier-judiciar-online/tulcea,location: cazier oraș,location: cazier oraș
0.6402,/servicii/cazier-judiciar-online/lugoj,/servicii/cazier-judiciar-online/suceava,location: cazier oraș,location: cazier oraș
0.6402,/servicii/cazier-judiciar-online/medias,/servicii/cazier-judiciar-online/tulcea,location: cazier oraș,location: cazier oraș
0.6401,/servicii/cazier-judiciar-online/barlad,/servicii/cazier-judiciar-online/ramnicu-valcea,location: cazier oraș,location: cazier oraș
0.6401,/servicii/cazier-judiciar-online/medias,/servicii/cazier-judiciar-online/ramnicu-valcea,location: cazier oraș,location: cazier oraș
0.64,/servicii/cazier-judiciar-online/targoviste,/servicii/cazier-judiciar-online/turda,location: cazier oraș,location: cazier oraș
0.6399,/servicii/cazier-judiciar-online/ilfov,/servicii/cazier-judiciar-online/turda,location: cazier oraș,location: cazier oraș
0.6399,/servicii/cazier-judiciar-online/onesti,/servicii/cazier-judiciar-online/ploiesti,location: cazier oraș,location: cazier oraș
0.6398,/servicii/cazier-judiciar-online/barlad,/servicii/cazier-judiciar-online/buzau,location: cazier oraș,location: cazier oraș
0.6398,/servicii/cazier-judiciar-online/barlad,/servicii/cazier-judiciar-online/ilfov,location: cazier oraș,location: cazier oraș
0.6398,/servicii/cazier-judiciar-online/barlad,/servicii/cazier-judiciar-online/miercurea-ciuc,location: cazier oraș,location: cazier oraș
0.6398,/servicii/cazier-judiciar-online/buzau,/servicii/cazier-judiciar-online/medias,location: cazier oraș,location: cazier oraș
0.6398,/servicii/cazier-judiciar-online/ilfov,/servicii/cazier-judiciar-online/medias,location: cazier oraș,location: cazier oraș
0.6398,/servicii/cazier-judiciar-online/medias,/servicii/cazier-judiciar-online/miercurea-ciuc,location: cazier oraș,location: cazier oraș
0.6398,/servicii/cazier-judiciar-online/medias,/servicii/cazier-judiciar-online/timisoara,location: cazier oraș,location: cazier oraș
0.6396,/servicii/cazier-judiciar-online/barlad,/servicii/cazier-judiciar-online/craiova,location: cazier oraș,location: cazier oraș
0.6396,/servicii/cazier-judiciar-online/ploiesti,/servicii/cazier-judiciar-online/turda,location: cazier oraș,location: cazier oraș
0.6396,/servicii/cazier-judiciar-online/sebes,/servicii/cazier-judiciar-online/targoviste,location: cazier oraș,location: cazier oraș
0.6395,/servicii/cazier-judiciar-online/deva,/servicii/cazier-judiciar-online/onesti,location: cazier oraș,location: cazier oraș
0.6393,/servicii/cazier-judiciar-online/brasov,/servicii/cazier-judiciar-online/oradea,location: cazier oraș,location: cazier oraș
0.6392,/servicii/cazier-judiciar-online/barlad,/servicii/cazier-judiciar-online/pitesti,location: cazier oraș,location: cazier oraș
0.6392,/servicii/cazier-judiciar-online/deva,/servicii/cazier-judiciar-online/turda,location: cazier oraș,location: cazier oraș
0.6392,/servicii/cazier-judiciar-online/galati,/servicii/cazier-judiciar-online/sebes,location: cazier oraș,location: cazier oraș
0.6392,/servicii/cazier-judiciar-online/medias,/servicii/cazier-judiciar-online/pitesti,location: cazier oraș,location: cazier oraș
0.6392,/servicii/cazier-judiciar-online/ploiesti,/servicii/cazier-judiciar-online/sebes,location: cazier oraș,location: cazier oraș
0.639,/servicii/cazier-judiciar-online/barlad,/servicii/cazier-judiciar-online/suceava,location: cazier oraș,location: cazier oraș
0.639,/servicii/cazier-judiciar-online/medias,/servicii/cazier-judiciar-online/suceava,location: cazier oraș,location: cazier oraș
0.6388,/servicii/cazier-judiciar-online/barlad,/servicii/cazier-judiciar-online/timisoara,location: cazier oraș,location: cazier oraș
0.6388,/servicii/cazier-judiciar-online/deva,/servicii/cazier-judiciar-online/sebes,location: cazier oraș,location: cazier oraș
0.6386,/servicii/cazier-judiciar-online/onesti,/servicii/cazier-judiciar-online/tulcea,location: cazier oraș,location: cazier oraș
0.6385,/servicii/cazier-judiciar-online/brasov,/servicii/cazier-judiciar-online/drobeta-turnu-severin,location: cazier oraș,location: cazier oraș
0.6385,/servicii/cazier-judiciar-online/onesti,/servicii/cazier-judiciar-online/ramnicu-valcea,location: cazier oraș,location: cazier oraș
0.6383,/servicii/cazier-judiciar-online/satu-mare,/servicii/cazier-judiciar-online/turda,location: cazier oraș,location: cazier oraș
0.6382,/servicii/cazier-judiciar-online/buzau,/servicii/cazier-judiciar-online/onesti,location: cazier oraș,location: cazier oraș
0.6382,/servicii/cazier-judiciar-online/ilfov,/servicii/cazier-judiciar-online/onesti,location: cazier oraș,location: cazier oraș
0.6382,/servicii/cazier-judiciar-online/ramnicu-valcea,/servicii/cazier-judiciar-online/turda,location: cazier oraș,location: cazier oraș
0.6382,/servicii/cazier-judiciar-online/tulcea,/servicii/cazier-judiciar-online/turda,location: cazier oraș,location: cazier oraș
0.6381,/servicii/cazier-judiciar-online/miercurea-ciuc,/servicii/cazier-judiciar-online/onesti,location: cazier oraș,location: cazier oraș
0.638,/servicii/cazier-judiciar-online/craiova,/servicii/cazier-judiciar-online/onesti,location: cazier oraș,location: cazier oraș
0.6379,/servicii/cazier-judiciar-online/satu-mare,/servicii/cazier-judiciar-online/sebes,location: cazier oraș,location: cazier oraș
0.6378,/servicii/cazier-judiciar-online/buzau,/servicii/cazier-judiciar-online/turda,location: cazier oraș,location: cazier oraș
0.6378,/servicii/cazier-judiciar-online/lugoj,/servicii/cazier-judiciar-online/sfantu-gheorghe,location: cazier oraș,location: cazier oraș
0.6378,/servicii/cazier-judiciar-online/miercurea-ciuc,/servicii/cazier-judiciar-online/turda,location: cazier oraș,location: cazier oraș
0.6378,/servicii/cazier-judiciar-online/ramnicu-valcea,/servicii/cazier-judiciar-online/sebes,location: cazier oraș,location: cazier oraș
0.6378,/servicii/cazier-judiciar-online/sebes,/servicii/cazier-judiciar-online/tulcea,location: cazier oraș,location: cazier oraș
0.6377,/servicii/cazier-judiciar-online/craiova,/servicii/cazier-judiciar-online/turda,location: cazier oraș,location: cazier oraș
0.6376,/servicii/cazier-judiciar-online/onesti,/servicii/cazier-judiciar-online/pitesti,location: cazier oraș,location: cazier oraș
0.6374,/servicii/cazier-judiciar-online/buzau,/servicii/cazier-judiciar-online/sebes,location: cazier oraș,location: cazier oraș
0.6374,/servicii/cazier-judiciar-online/ilfov,/servicii/cazier-judiciar-online/sebes,location: cazier oraș,location: cazier oraș
0.6374,/servicii/cazier-judiciar-online/miercurea-ciuc,/servicii/cazier-judiciar-online/sebes,location: cazier oraș,location: cazier oraș
0.6374,/servicii/cazier-judiciar-online/onesti,/servicii/cazier-judiciar-online/suceava,location: cazier oraș,location: cazier oraș
0.6373,/servicii/cazier-judiciar-online/brasov,/servicii/cazier-judiciar-online/piatra-neamt,location: cazier oraș,location: cazier oraș
0.6373,/servicii/cazier-judiciar-online/craiova,/servicii/cazier-judiciar-online/sebes,location: cazier oraș,location: cazier oraș
0.6373,/servicii/cazier-judiciar-online/pitesti,/servicii/cazier-judiciar-online/turda,location: cazier oraș,location: cazier oraș
0.6372,/servicii/cazier-judiciar-online/onesti,/servicii/cazier-judiciar-online/timisoara,location: cazier oraș,location: cazier oraș
0.637,/servicii/cazier-judiciar-online/brasov,/servicii/cazier-judiciar-online/satu-mare,location: cazier oraș,location: cazier oraș
0.637,/servicii/cazier-judiciar-online/suceava,/servicii/cazier-judiciar-online/turda,location: cazier oraș,location: cazier oraș
0.6366,/servicii/cazier-judiciar-online/barlad,/servicii/cazier-judiciar-online/sfantu-gheorghe,location: cazier oraș,location: cazier oraș
0.6366,/servicii/cazier-judiciar-online/medias,/servicii/cazier-judiciar-online/sfantu-gheorghe,location: cazier oraș,location: cazier oraș
0.6366,/servicii/cazier-judiciar-online/sebes,/servicii/cazier-judiciar-online/suceava,location: cazier oraș,location: cazier oraș
0.6363,/servicii/cazier-judiciar-online/arad,/servicii/cazier-judiciar-online/lugoj,location: cazier oraș,location: cazier oraș
0.6363,/servicii/cazier-judiciar-online/lugoj,/servicii/cazier-judiciar-online/targu-mures,location: cazier oraș,location: cazier oraș
0.6359,/servicii/cazier-judiciar-online/pitesti,/servicii/cazier-judiciar-online/sebes,location: cazier oraș,location: cazier oraș
0.6358,/servicii/cazier-judiciar-online/timisoara,/servicii/cazier-judiciar-online/turda,location: cazier oraș,location: cazier oraș
0.6354,/servicii/cazier-judiciar-online/sebes,/servicii/cazier-judiciar-online/timisoara,location: cazier oraș,location: cazier oraș
0.6351,/servicii/cazier-judiciar-online/arad,/servicii/cazier-judiciar-online/barlad,location: cazier oraș,location: cazier oraș
0.6351,/servicii/cazier-judiciar-online/arad,/servicii/cazier-judiciar-online/medias,location: cazier oraș,location: cazier oraș
0.6351,/servicii/cazier-judiciar-online/barlad,/servicii/cazier-judiciar-online/targu-mures,location: cazier oraș,location: cazier oraș
0.6351,/servicii/cazier-judiciar-online/medias,/servicii/cazier-judiciar-online/targu-mures,location: cazier oraș,location: cazier oraș
0.635,/servicii/cazier-judiciar-online/onesti,/servicii/cazier-judiciar-online/sfantu-gheorghe,location: cazier oraș,location: cazier oraș
0.6349,/servicii/cazier-judiciar-online/bucuresti,/servicii/cazier-judiciar-online/slobozia,location: cazier oraș,location: cazier oraș
0.6346,/servicii/cazier-judiciar-online/sfantu-gheorghe,/servicii/cazier-judiciar-online/turda,location: cazier oraș,location: cazier oraș
0.6345,/servicii/cazier-judiciar-online/baia-mare,/servicii/cazier-judiciar-online/lugoj,location: cazier oraș,location: cazier oraș
0.6342,/servicii/cazier-judiciar-online/medias,/servicii/cazier-judiciar-online/satu-mare,location: cazier oraș,location: cazier oraș
0.6342,/servicii/cazier-judiciar-online/sebes,/servicii/cazier-judiciar-online/sfantu-gheorghe,location: cazier oraș,location: cazier oraș
0.6341,/servicii/cazier-judiciar-online/constanta,/servicii/cazier-judiciar-online/lugoj,location: cazier oraș,location: cazier oraș
0.6338,/servicii/cazier-judiciar-online/lugoj,/servicii/cazier-judiciar-online/targu-jiu,location: cazier oraș,location: cazier oraș
0.6337,/servicii/cazier-judiciar-online/lugoj,/servicii/cazier-judiciar-online/oradea,location: cazier oraș,location: cazier oraș
0.6335,/servicii/cazier-judiciar-online/arad,/servicii/cazier-judiciar-online/onesti,location: cazier oraș,location: cazier oraș
0.6335,/servicii/cazier-judiciar-online/onesti,/servicii/cazier-judiciar-online/targu-mures,location: cazier oraș,location: cazier oraș
0.6334,/servicii/cazier-judiciar-online/bucuresti,/servicii/cazier-judiciar-online/focsani,location: cazier oraș,location: cazier oraș
0.6333,/servicii/cazier-judiciar-online/baia-mare,/servicii/cazier-judiciar-online/barlad,location: cazier oraș,location: cazier oraș
0.6333,/servicii/cazier-judiciar-online/baia-mare,/servicii/cazier-judiciar-online/medias,location: cazier oraș,location: cazier oraș
0.6331,/servicii/cazier-judiciar-online/arad,/servicii/cazier-judiciar-online/turda,location: cazier oraș,location: cazier oraș
0.6331,/servicii/cazier-judiciar-online/targu-mures,/servicii/cazier-judiciar-online/turda,location: cazier oraș,location: cazier oraș
0.6329,/servicii/cazier-judiciar-online/barlad,/servicii/cazier-judiciar-online/constanta,location: cazier oraș,location: cazier oraș
0.6329,/servicii/cazier-judiciar-online/bucuresti,/servicii/cazier-judiciar-online/giurgiu,location: cazier oraș,location: cazier oraș
0.6329,/servicii/cazier-judiciar-online/constanta,/servicii/cazier-judiciar-online/medias,location: cazier oraș,location: cazier oraș
0.6327,/servicii/cazier-judiciar-online/arad,/servicii/cazier-judiciar-online/sebes,location: cazier oraș,location: cazier oraș
0.6327,/servicii/cazier-judiciar-online/barlad,/servicii/cazier-judiciar-online/targu-jiu,location: cazier oraș,location: cazier oraș
0.6326,/servicii/cazier-judiciar-online/onesti,/servicii/cazier-judiciar-online/satu-mare,location: cazier oraș,location: cazier oraș
0.6325,/servicii/cazier-judiciar-online/barlad,/servicii/cazier-judiciar-online/oradea,location: cazier oraș,location: cazier oraș
0.6325,/servicii/cazier-judiciar-online/medias,/servicii/cazier-judiciar-online/oradea,location: cazier oraș,location: cazier oraș
0.6322,/servicii/cazier-judiciar-online/oradea,/servicii/cazier-judiciar-online/sebes,location: cazier oraș,location: cazier oraș
0.6319,/servicii/cazier-judiciar-online/drobeta-turnu-severin,/servicii/cazier-judiciar-online/lugoj,location: cazier oraș,location: cazier oraș
0.6319,/servicii/cazier-judiciar-online/onesti,/servicii/cazier-judiciar-online/oradea,location: cazier oraș,location: cazier oraș
0.6318,/servicii/cazier-judiciar-online/iasi,/servicii/cazier-judiciar-online/lugoj,location: cazier oraș,location: cazier oraș
0.6317,/servicii/cazier-judiciar-online/baia-mare,/servicii/cazier-judiciar-online/onesti,location: cazier oraș,location: cazier oraș
0.6317,/servicii/cazier-judiciar-online/sebes,/servicii/cazier-judiciar-online/targu-mures,location: cazier oraș,location: cazier oraș
0.6315,/servicii/cazier-judiciar-online/bucuresti,/servicii/cazier-judiciar-online/resita,location: cazier oraș,location: cazier oraș
0.6314,/servicii/cazier-judiciar-online/baia-mare,/servicii/cazier-judiciar-online/turda,location: cazier oraș,location: cazier oraș
0.6313,/servicii/cazier-judiciar-online/constanta,/servicii/cazier-judiciar-online/onesti,location: cazier oraș,location: cazier oraș
0.6311,/servicii/cazier-judiciar-online/onesti,/servicii/cazier-judiciar-online/targu-jiu,location: cazier oraș,location: cazier oraș
0.631,/servicii/cazier-judiciar-online/alexandria,/servicii/cazier-judiciar-online/bucuresti,location: cazier oraș,location: cazier oraș
0.631,/servicii/cazier-judiciar-online/constanta,/servicii/cazier-judiciar-online/turda,location: cazier oraș,location: cazier oraș
0.6307,/servicii/cazier-judiciar-online/alba-iulia,/servicii/cazier-judiciar-online/lugoj,location: cazier oraș,location: cazier oraș
0.6307,/servicii/cazier-judiciar-online/barlad,/servicii/cazier-judiciar-online/drobeta-turnu-severin,location: cazier oraș,location: cazier oraș
0.6307,/servicii/cazier-judiciar-online/drobeta-turnu-severin,/servicii/cazier-judiciar-online/medias,location: cazier oraș,location: cazier oraș
0.6307,/servicii/cazier-judiciar-online/targu-jiu,/servicii/cazier-judiciar-online/turda,location: cazier oraș,location: cazier oraș
0.6306,/servicii/cazier-judiciar-online/barlad,/servicii/cazier-judiciar-online/iasi,location: cazier oraș,location: cazier oraș
0.6306,/servicii/cazier-judiciar-online/constanta,/servicii/cazier-judiciar-online/sebes,location: cazier oraș,location: cazier oraș
0.6306,/servicii/cazier-judiciar-online/iasi,/servicii/cazier-judiciar-online/medias,location: cazier oraș,location: cazier oraș
0.6306,/servicii/cazier-judiciar-online/oradea,/servicii/cazier-judiciar-online/turda,location: cazier oraș,location: cazier oraș
0.6304,/servicii/cazier-judiciar-online/sebes,/servicii/cazier-judiciar-online/targu-jiu,location: cazier oraș,location: cazier oraș
0.6302,/servicii/cazier-judiciar-online/bistrita,/servicii/cazier-judiciar-online/bucuresti,location: cazier oraș,location: cazier oraș
0.63,/servicii/cazier-judiciar-online/baia-mare,/servicii/cazier-judiciar-online/sebes,location: cazier oraș,location: cazier oraș
0.6296,/servicii/cazier-judiciar-online/alba-iulia,/servicii/cazier-judiciar-online/barlad,location: cazier oraș,location: cazier oraș
0.6296,/servicii/cazier-judiciar-online/alba-iulia,/servicii/cazier-judiciar-online/medias,location: cazier oraș,location: cazier oraș
0.6293,/servicii/cazier-judiciar-online/brasov,/servicii/cazier-judiciar-online/lugoj,location: cazier oraș,location: cazier oraș
0.6291,/servicii/cazier-judiciar-online/drobeta-turnu-severin,/servicii/cazier-judiciar-online/onesti,location: cazier oraș,location: cazier oraș
0.629,/servicii/cazier-judiciar-online/iasi,/servicii/cazier-judiciar-online/onesti,location: cazier oraș,location: cazier oraș
0.6288,/servicii/cazier-judiciar-online/brasov,/servicii/cazier-judiciar-online/sebes,location: cazier oraș,location: cazier oraș
0.6288,/servicii/cazier-judiciar-online/drobeta-turnu-severin,/servicii/cazier-judiciar-online/turda,location: cazier oraș,location: cazier oraș
0.6287,/servicii/cazier-judiciar-online/bucuresti,/servicii/cazier-judiciar-online/slatina,location: cazier oraș,location: cazier oraș
0.6287,/servicii/cazier-judiciar-online/iasi,/servicii/cazier-judiciar-online/turda,location: cazier oraș,location: cazier oraș
0.6286,/servicii/cazier-judiciar-online/bucuresti,/servicii/cazier-judiciar-online/vaslui,location: cazier oraș,location: cazier oraș
0.6284,/servicii/cazier-judiciar-online/drobeta-turnu-severin,/servicii/cazier-judiciar-online/sebes,location: cazier oraș,location: cazier oraș
0.6283,/servicii/cazier-judiciar-online/iasi,/servicii/cazier-judiciar-online/sebes,location: cazier oraș,location: cazier oraș
0.6281,/servicii/cazier-judiciar-online/barlad,/servicii/cazier-judiciar-online/brasov,location: cazier oraș,location: cazier oraș
0.6281,/servicii/cazier-judiciar-online/brasov,/servicii/cazier-judiciar-online/medias,location: cazier oraș,location: cazier oraș
0.628,/servicii/cazier-judiciar-online/alba-iulia,/servicii/cazier-judiciar-online/onesti,location: cazier oraș,location: cazier oraș
0.6279,/servicii/cazier-judiciar-online/bucuresti,/servicii/cazier-judiciar-online/calarasi,location: cazier oraș,location: cazier oraș
0.6277,/servicii/cazier-judiciar-online/alba-iulia,/servicii/cazier-judiciar-online/turda,location: cazier oraș,location: cazier oraș
0.6274,/servicii/cazier-judiciar-online/braila,/servicii/cazier-judiciar-online/bucuresti,location: cazier oraș,location: cazier oraș
0.6272,/servicii/cazier-judiciar-online/bucuresti,/servicii/cazier-judiciar-online/sibiu,location: cazier oraș,location: cazier oraș
0.6271,/servicii/cazier-judiciar-online/bucuresti,/servicii/cazier-judiciar-online/galati,location: cazier oraș,location: cazier oraș
0.6268,/servicii/cazier-judiciar-online/botosani,/servicii/cazier-judiciar-online/bucuresti,location: cazier oraș,location: cazier oraș
0.6265,/servicii/cazier-judiciar-online/brasov,/servicii/cazier-judiciar-online/onesti,location: cazier oraș,location: cazier oraș
0.6262,/servicii/cazier-judiciar-online/brasov,/servicii/cazier-judiciar-online/turda,location: cazier oraș,location: cazier oraș
0.6262,/servicii/cazier-judiciar-online/bucuresti,/servicii/cazier-judiciar-online/zalau,location: cazier oraș,location: cazier oraș
0.6257,/servicii/cazier-judiciar-online/bucuresti,/servicii/cazier-judiciar-online/deva,location: cazier oraș,location: cazier oraș
0.6255,/servicii/cazier-judiciar-online/bucuresti,/servicii/cazier-judiciar-online/targoviste,location: cazier oraș,location: cazier oraș
0.6251,/servicii/cazier-judiciar-online/bucuresti,/servicii/cazier-judiciar-online/ploiesti,location: cazier oraș,location: cazier oraș
0.6249,/servicii/cazier-judiciar-online/bacau,/servicii/cazier-judiciar-online/bucuresti,location: cazier oraș,location: cazier oraș
0.6247,/servicii/cazier-judiciar-online/bucuresti,/servicii/cazier-judiciar-online/ramnicu-valcea,location: cazier oraș,location: cazier oraș
0.6238,/servicii/cazier-judiciar-online/bucuresti,/servicii/cazier-judiciar-online/tulcea,location: cazier oraș,location: cazier oraș
0.6234,/servicii/cazier-judiciar-online/bucuresti,/servicii/cazier-judiciar-online/buzau,location: cazier oraș,location: cazier oraș
0.6233,/servicii/cazier-judiciar-online/bucuresti,/servicii/cazier-judiciar-online/miercurea-ciuc,location: cazier oraș,location: cazier oraș
0.6227,/servicii/cazier-judiciar-online/bucuresti,/servicii/cazier-judiciar-online/suceava,location: cazier oraș,location: cazier oraș
0.6224,/servicii/cazier-judiciar-online/bucuresti,/servicii/cazier-judiciar-online/ilfov,location: cazier oraș,location: cazier oraș
0.6217,/servicii/cazier-judiciar-online/bucuresti,/servicii/cazier-judiciar-online/cluj-napoca,location: cazier oraș,location: cazier oraș
0.6213,/servicii/cazier-judiciar-online/bucuresti,/servicii/cazier-judiciar-online/craiova,location: cazier oraș,location: cazier oraș
0.6213,/servicii/cazier-judiciar-online/bucuresti,/servicii/cazier-judiciar-online/sfantu-gheorghe,location: cazier oraș,location: cazier oraș
0.621,/servicii/cazier-judiciar-online/bucuresti,/servicii/cazier-judiciar-online/pitesti,location: cazier oraș,location: cazier oraș
0.6209,/servicii/cazier-judiciar-online/arad,/servicii/cazier-judiciar-online/bucuresti,location: cazier oraș,location: cazier oraș
0.6186,/servicii/cazier-judiciar-online/bucuresti,/servicii/cazier-judiciar-online/timisoara,location: cazier oraș,location: cazier oraș
0.617,/servicii/cazier-judiciar-online/bucuresti,/servicii/cazier-judiciar-online/targu-mures,location: cazier oraș,location: cazier oraș
0.6167,/servicii/cazier-judiciar-online/bucuresti,/servicii/cazier-judiciar-online/targu-jiu,location: cazier oraș,location: cazier oraș
0.6165,/servicii/cazier-judiciar-online/bucuresti,/servicii/cazier-judiciar-online/oradea,location: cazier oraș,location: cazier oraș
0.6163,/servicii/cazier-judiciar-online/baia-mare,/servicii/cazier-judiciar-online/bucuresti,location: cazier oraș,location: cazier oraș
0.6158,/servicii/cazier-judiciar-online/bucuresti,/servicii/cazier-judiciar-online/drobeta-turnu-severin,location: cazier oraș,location: cazier oraș
0.6147,/servicii/cazier-judiciar-online/alba-iulia,/servicii/cazier-judiciar-online/bucuresti,location: cazier oraș,location: cazier oraș
0.6124,/servicii/cazier-judiciar-online/brasov,/servicii/cazier-judiciar-online/bucuresti,location: cazier oraș,location: cazier oraș
0.6121,/servicii/cazier-judiciar-online/bucuresti,/servicii/cazier-judiciar-online/constanta,location: cazier oraș,location: cazier oraș
0.6108,/servicii/cazier-judiciar-online/bucuresti,/servicii/cazier-judiciar-online/piatra-neamt,location: cazier oraș,location: cazier oraș
0.6105,/servicii/cazier-judiciar-online/bucuresti,/servicii/cazier-judiciar-online/satu-mare,location: cazier oraș,location: cazier oraș
0.61,/servicii/cazier-judiciar-online/bucuresti,/servicii/cazier-judiciar-online/iasi,location: cazier oraș,location: cazier oraș
0.5726,/servicii/extras-de-carte-funciara/alba,/servicii/extras-de-carte-funciara/bucuresti,location: CF județ,location: CF județ
0.5712,/servicii/extras-de-carte-funciara/arad,/servicii/extras-de-carte-funciara/bucuresti,location: CF județ,location: CF județ
0.5709,/servicii/extras-de-carte-funciara/neamt,/servicii/extras-de-carte-funciara/prahova,location: CF județ,location: CF județ
0.5702,/servicii/extras-de-carte-funciara/ilfov,/servicii/extras-de-carte-funciara/maramures,location: CF județ,location: CF județ
0.5702,/servicii/extras-de-carte-funciara/olt,/servicii/extras-de-carte-funciara/prahova,location: CF județ,location: CF județ
0.5702,/servicii/extras-de-carte-funciara/prahova,/servicii/extras-de-carte-funciara/salaj,location: CF județ,location: CF județ
0.567,/servicii/extras-de-carte-funciara/prahova,/servicii/extras-de-carte-funciara/teleorman,location: CF județ,location: CF județ
0.5669,/servicii/extras-de-carte-funciara/maramures,/servicii/extras-de-carte-funciara/prahova,location: CF județ,location: CF județ
0.5665,/servicii/extras-de-carte-funciara/ialomita,/servicii/extras-de-carte-funciara/ilfov,location: CF județ,location: CF județ
0.5658,/servicii/extras-de-carte-funciara/bucuresti,/servicii/extras-de-carte-funciara/vrancea,location: CF județ,location: CF județ
0.5657,/servicii/extras-de-carte-funciara/harghita,/servicii/extras-de-carte-funciara/ilfov,location: CF județ,location: CF județ
0.5656,/servicii/extras-de-carte-funciara/hunedoara,/servicii/extras-de-carte-funciara/ilfov,location: CF județ,location: CF județ
0.5655,/servicii/extras-de-carte-funciara/arges,/servicii/extras-de-carte-funciara/bacau,location: CF județ,location: CF județ
0.5655,/servicii/extras-de-carte-funciara/ilfov,/servicii/extras-de-carte-funciara/mehedinti,location: CF județ,location: CF județ
0.5652,/servicii/extras-de-carte-funciara/ilfov,/servicii/extras-de-carte-funciara/neamt,location: CF județ,location: CF județ
0.5652,/servicii/extras-de-carte-funciara/mehedinti,/servicii/extras-de-carte-funciara/prahova,location: CF județ,location: CF județ
0.5633,/servicii/extras-de-carte-funciara/gorj,/servicii/extras-de-carte-funciara/ilfov,location: CF județ,location: CF județ
0.563,/servicii/extras-de-carte-funciara/arges,/servicii/extras-de-carte-funciara/bistrita-nasaud,location: CF județ,location: CF județ
0.563,/servicii/extras-de-carte-funciara/prahova,/servicii/extras-de-carte-funciara/tulcea,location: CF județ,location: CF județ
0.5629,/servicii/extras-de-carte-funciara/bucuresti,/servicii/extras-de-carte-funciara/caras-severin,location: CF județ,location: CF județ
0.5621,/servicii/extras-de-carte-funciara/arges,/servicii/extras-de-carte-funciara/botosani,location: CF județ,location: CF județ
0.5621,/servicii/extras-de-carte-funciara/caras-severin,/servicii/extras-de-carte-funciara/galati,location: CF județ,location: CF județ
0.562,/servicii/extras-de-carte-funciara/botosani,/servicii/extras-de-carte-funciara/prahova,location: CF județ,location: CF județ
0.562,/servicii/extras-de-carte-funciara/braila,/servicii/extras-de-carte-funciara/prahova,location: CF județ,location: CF județ
0.562,/servicii/extras-de-carte-funciara/prahova,/servicii/extras-de-carte-funciara/vaslui,location: CF județ,location: CF județ
0.5617,/servicii/extras-de-carte-funciara/galati,/servicii/extras-de-carte-funciara/suceava,location: CF județ,location: CF județ
0.5616,/servicii/extras-de-carte-funciara/ilfov,/servicii/extras-de-carte-funciara/olt,location: CF județ,location: CF județ
0.5615,/servicii/extras-de-carte-funciara/bistrita-nasaud,/servicii/extras-de-carte-funciara/prahova,location: CF județ,location: CF județ
0.5615,/servicii/extras-de-carte-funciara/gorj,/servicii/extras-de-carte-funciara/prahova,location: CF județ,location: CF județ
0.5611,/servicii/extras-de-carte-funciara/arad,/servicii/extras-de-carte-funciara/arges,location: CF județ,location: CF județ
0.561,/servicii/extras-de-carte-funciara/bacau,/servicii/extras-de-carte-funciara/prahova,location: CF județ,location: CF județ
0.561,/servicii/extras-de-carte-funciara/harghita,/servicii/extras-de-carte-funciara/prahova,location: CF județ,location: CF județ
0.5604,/servicii/extras-de-carte-funciara/bucuresti,/servicii/extras-de-carte-funciara/vaslui,location: CF județ,location: CF județ
0.5604,/servicii/extras-de-carte-funciara/dolj,/servicii/extras-de-carte-funciara/gorj,location: CF județ,location: CF județ
0.5603,/servicii/extras-de-carte-funciara/ialomita,/servicii/extras-de-carte-funciara/prahova,location: CF județ,location: CF județ
0.5602,/servicii/extras-de-carte-funciara/bucuresti,/servicii/extras-de-carte-funciara/valcea,location: CF județ,location: CF județ
0.5602,/servicii/extras-de-carte-funciara/dolj,/servicii/extras-de-carte-funciara/giurgiu,location: CF județ,location: CF județ
0.5601,/servicii/extras-de-carte-funciara/dambovita,/servicii/extras-de-carte-funciara/galati,location: CF județ,location: CF județ
0.5599,/servicii/extras-de-carte-funciara/ilfov,/servicii/extras-de-carte-funciara/teleorman,location: CF județ,location: CF județ
0.5596,/servicii/extras-de-carte-funciara/alba,/servicii/extras-de-carte-funciara/arges,location: CF județ,location: CF județ
0.5596,/servicii/extras-de-carte-funciara/bihor,/servicii/extras-de-carte-funciara/bistrita-nasaud,location: CF județ,location: CF județ
0.5594,/servicii/extras-de-carte-funciara/botosani,/servicii/extras-de-carte-funciara/ilfov,location: CF județ,location: CF județ
0.5594,/servicii/extras-de-carte-funciara/braila,/servicii/extras-de-carte-funciara/ilfov,location: CF județ,location: CF județ
0.5594,/servicii/extras-de-carte-funciara/hunedoara,/servicii/extras-de-carte-funciara/prahova,location: CF județ,location: CF județ
0.5594,/servicii/extras-de-carte-funciara/ilfov,/servicii/extras-de-carte-funciara/vaslui,location: CF județ,location: CF județ
0.5591,/servicii/extras-de-carte-funciara/arges,/servicii/extras-de-carte-funciara/braila,location: CF județ,location: CF județ
0.5591,/servicii/extras-de-carte-funciara/arges,/servicii/extras-de-carte-funciara/vaslui,location: CF județ,location: CF județ
0.5591,/servicii/extras-de-carte-funciara/bacau,/servicii/extras-de-carte-funciara/bihor,location: CF județ,location: CF județ
0.5591,/servicii/extras-de-carte-funciara/teleorman,/servicii/extras-de-carte-funciara/timis,location: CF județ,location: CF județ
0.559,/servicii/extras-de-carte-funciara/caras-severin,/servicii/extras-de-carte-funciara/constanta,location: CF județ,location: CF județ
0.5588,/servicii/extras-de-carte-funciara/bistrita-nasaud,/servicii/extras-de-carte-funciara/ilfov,location: CF județ,location: CF județ
0.5588,/servicii/extras-de-carte-funciara/ilfov,/servicii/extras-de-carte-funciara/tulcea,location: CF județ,location: CF județ
0.5588,/servicii/extras-de-carte-funciara/prahova,/servicii/extras-de-carte-funciara/valcea,location: CF județ,location: CF județ
0.5587,/servicii/extras-de-carte-funciara/alba,/servicii/extras-de-carte-funciara/galati,location: CF județ,location: CF județ
0.5587,/servicii/extras-de-carte-funciara/arad,/servicii/extras-de-carte-funciara/galati,location: CF județ,location: CF județ
0.5587,/servicii/extras-de-carte-funciara/bihor,/servicii/extras-de-carte-funciara/botosani,location: CF județ,location: CF județ
0.5586,/servicii/extras-de-carte-funciara/giurgiu,/servicii/extras-de-carte-funciara/ilfov,location: CF județ,location: CF județ
0.5586,/servicii/extras-de-carte-funciara/ilfov,/servicii/extras-de-carte-funciara/salaj,location: CF județ,location: CF județ
0.5584,/servicii/extras-de-carte-funciara/bucuresti,/servicii/extras-de-carte-funciara/tulcea,location: CF județ,location: CF județ
0.5584,/servicii/extras-de-carte-funciara/dolj,/servicii/extras-de-carte-funciara/harghita,location: CF județ,location: CF județ
0.5583,/servicii/extras-de-carte-funciara/bacau,/servicii/extras-de-carte-funciara/ilfov,location: CF județ,location: CF județ
0.5583,/servicii/extras-de-carte-funciara/giurgiu,/servicii/extras-de-carte-funciara/prahova,location: CF județ,location: CF județ
0.5581,/servicii/extras-de-carte-funciara/covasna,/servicii/extras-de-carte-funciara/galati,location: CF județ,location: CF județ
0.5581,/servicii/extras-de-carte-funciara/timis,/servicii/extras-de-carte-funciara/tulcea,location: CF județ,location: CF județ
0.5579,/servicii/extras-de-carte-funciara/bacau,/servicii/extras-de-carte-funciara/bucuresti,location: CF județ,location: CF județ
0.5576,/servicii/extras-de-carte-funciara/galati,/servicii/extras-de-carte-funciara/gorj,location: CF județ,location: CF județ
0.5575,/servicii/extras-de-carte-funciara/caras-severin,/servicii/extras-de-carte-funciara/dolj,location: CF județ,location: CF județ
0.5574,/servicii/extras-de-carte-funciara/arges,/servicii/extras-de-carte-funciara/valcea,location: CF județ,location: CF județ
0.5574,/servicii/extras-de-carte-funciara/galati,/servicii/extras-de-carte-funciara/giurgiu,location: CF județ,location: CF județ
0.5572,/servicii/extras-de-carte-funciara/arges,/servicii/extras-de-carte-funciara/vrancea,location: CF județ,location: CF județ
0.5571,/servicii/extras-de-carte-funciara/arges,/servicii/extras-de-carte-funciara/tulcea,location: CF județ,location: CF județ
0.5571,/servicii/extras-de-carte-funciara/prahova,/servicii/extras-de-carte-funciara/satu-mare,location: CF județ,location: CF județ
0.5571,/servicii/extras-de-carte-funciara/timis,/servicii/extras-de-carte-funciara/vaslui,location: CF județ,location: CF județ
0.557,/servicii/extras-de-carte-funciara/dambovita,/servicii/extras-de-carte-funciara/dolj,location: CF județ,location: CF județ
0.557,/servicii/extras-de-carte-funciara/suceava,/servicii/extras-de-carte-funciara/teleorman,location: CF județ,location: CF județ
0.5567,/servicii/extras-de-carte-funciara/arges,/servicii/extras-de-carte-funciara/teleorman,location: CF județ,location: CF județ
0.5567,/servicii/extras-de-carte-funciara/calarasi,/servicii/extras-de-carte-funciara/prahova,location: CF județ,location: CF județ
0.5565,/servicii/extras-de-carte-funciara/bucuresti,/servicii/extras-de-carte-funciara/teleorman,location: CF județ,location: CF județ
0.5562,/servicii/extras-de-carte-funciara/buzau,/servicii/extras-de-carte-funciara/prahova,location: CF județ,location: CF județ
0.5562,/servicii/extras-de-carte-funciara/ilfov,/servicii/extras-de-carte-funciara/valcea,location: CF județ,location: CF județ
0.5561,/servicii/extras-de-carte-funciara/bucuresti,/servicii/extras-de-carte-funciara/buzau,location: CF județ,location: CF județ
0.5561,/servicii/extras-de-carte-funciara/caras-severin,/servicii/extras-de-carte-funciara/suceava,location: CF județ,location: CF județ
0.5558,/servicii/extras-de-carte-funciara/bihor,/servicii/extras-de-carte-funciara/braila,location: CF județ,location: CF județ
0.5557,/servicii/extras-de-carte-funciara/arges,/servicii/extras-de-carte-funciara/gorj,location: CF județ,location: CF județ
0.5557,/servicii/extras-de-carte-funciara/caras-severin,/servicii/extras-de-carte-funciara/prahova,location: CF județ,location: CF județ
0.5557,/servicii/extras-de-carte-funciara/galati,/servicii/extras-de-carte-funciara/harghita,location: CF județ,location: CF județ
0.5557,/servicii/extras-de-carte-funciara/prahova,/servicii/extras-de-carte-funciara/vrancea,location: CF județ,location: CF județ
0.5556,/servicii/extras-de-carte-funciara/alba,/servicii/extras-de-carte-funciara/suceava,location: CF județ,location: CF județ
0.5556,/servicii/extras-de-carte-funciara/arad,/servicii/extras-de-carte-funciara/suceava,location: CF județ,location: CF județ
0.5555,/servicii/extras-de-carte-funciara/bistrita-nasaud,/servicii/extras-de-carte-funciara/bucuresti,location: CF județ,location: CF județ
0.5553,/servicii/extras-de-carte-funciara/dolj,/servicii/extras-de-carte-funciara/hunedoara,location: CF județ,location: CF județ
0.5553,/servicii/extras-de-carte-funciara/mures,/servicii/extras-de-carte-funciara/neamt,location: CF județ,location: CF județ
0.5551,/servicii/extras-de-carte-funciara/alba,/servicii/extras-de-carte-funciara/prahova,location: CF județ,location: CF județ
0.5551,/servicii/extras-de-carte-funciara/arad,/servicii/extras-de-carte-funciara/prahova,location: CF județ,location: CF județ
0.5551,/servicii/extras-de-carte-funciara/arges,/servicii/extras-de-carte-funciara/harghita,location: CF județ,location: CF județ
0.5551,/servicii/extras-de-carte-funciara/arges,/servicii/extras-de-carte-funciara/maramures,location: CF județ,location: CF județ
0.5551,/servicii/extras-de-carte-funciara/buzau,/servicii/extras-de-carte-funciara/dolj,location: CF județ,location: CF județ
0.5551,/servicii/extras-de-carte-funciara/dambovita,/servicii/extras-de-carte-funciara/prahova,location: CF județ,location: CF județ
0.555,/servicii/extras-de-carte-funciara/bucuresti,/servicii/extras-de-carte-funciara/dambovita,location: CF județ,location: CF județ
0.555,/servicii/extras-de-carte-funciara/covasna,/servicii/extras-de-carte-funciara/dolj,location: CF județ,location: CF județ
0.5546,/servicii/extras-de-carte-funciara/arges,/servicii/extras-de-carte-funciara/neamt,location: CF județ,location: CF județ
0.5546,/servicii/extras-de-carte-funciara/covasna,/servicii/extras-de-carte-funciara/prahova,location: CF județ,location: CF județ
0.5545,/servicii/extras-de-carte-funciara/botosani,/servicii/extras-de-carte-funciara/bucuresti,location: CF județ,location: CF județ
0.5545,/servicii/extras-de-carte-funciara/bucuresti,/servicii/extras-de-carte-funciara/covasna,location: CF județ,location: CF județ
0.5545,/servicii/extras-de-carte-funciara/iasi,/servicii/extras-de-carte-funciara/mehedinti,location: CF județ,location: CF județ
0.5544,/servicii/extras-de-carte-funciara/maramures,/servicii/extras-de-carte-funciara/mures,location: CF județ,location: CF județ
0.5543,/servicii/extras-de-carte-funciara/hunedoara,/servicii/extras-de-carte-funciara/mures,location: CF județ,location: CF județ
0.5541,/servicii/extras-de-carte-funciara/calarasi,/servicii/extras-de-carte-funciara/ilfov,location: CF județ,location: CF județ
0.5541,/servicii/extras-de-carte-funciara/dolj,/servicii/extras-de-carte-funciara/teleorman,location: CF județ,location: CF județ
0.5536,/servicii/extras-de-carte-funciara/arges,/servicii/extras-de-carte-funciara/hunedoara,location: CF județ,location: CF județ
0.5536,/servicii/extras-de-carte-funciara/botosani,/servicii/extras-de-carte-funciara/dolj,location: CF județ,location: CF județ
0.5536,/servicii/extras-de-carte-funciara/braila,/servicii/extras-de-carte-funciara/dolj,location: CF județ,location: CF județ
0.5536,/servicii/extras-de-carte-funciara/buzau,/servicii/extras-de-carte-funciara/ilfov,location: CF județ,location: CF județ
0.5536,/servicii/extras-de-carte-funciara/dolj,/servicii/extras-de-carte-funciara/vaslui,location: CF județ,location: CF județ
0.5534,/servicii/extras-de-carte-funciara/dolj,/servicii/extras-de-carte-funciara/ialomita,location: CF județ,location: CF județ
0.5531,/servicii/extras-de-carte-funciara/arges,/servicii/extras-de-carte-funciara/ialomita,location: CF județ,location: CF județ
0.5531,/servicii/extras-de-carte-funciara/bistrita-nasaud,/servicii/extras-de-carte-funciara/dolj,location: CF județ,location: CF județ
0.5531,/servicii/extras-de-carte-funciara/braila,/servicii/extras-de-carte-funciara/bucuresti,location: CF județ,location: CF județ
0.5531,/servicii/extras-de-carte-funciara/caras-severin,/servicii/extras-de-carte-funciara/ilfov,location: CF județ,location: CF județ
0.5531,/servicii/extras-de-carte-funciara/dolj,/servicii/extras-de-carte-funciara/tulcea,location: CF județ,location: CF județ
0.5531,/servicii/extras-de-carte-funciara/ilfov,/servicii/extras-de-carte-funciara/vrancea,location: CF județ,location: CF județ
0.5531,/servicii/extras-de-carte-funciara/suceava,/servicii/extras-de-carte-funciara/tulcea,location: CF județ,location: CF județ
0.5528,/servicii/extras-de-carte-funciara/mehedinti,/servicii/extras-de-carte-funciara/mures,location: CF județ,location: CF județ
0.5527,/servicii/extras-de-carte-funciara/alba,/servicii/extras-de-carte-funciara/dolj,location: CF județ,location: CF județ
0.5527,/servicii/extras-de-carte-funciara/arad,/servicii/extras-de-carte-funciara/dolj,location: CF județ,location: CF județ
0.5527,/servicii/extras-de-carte-funciara/galati,/servicii/extras-de-carte-funciara/hunedoara,location: CF județ,location: CF județ
0.5526,/servicii/extras-de-carte-funciara/timis,/servicii/extras-de-carte-funciara/valcea,location: CF județ,location: CF județ
0.5525,/servicii/extras-de-carte-funciara/alba,/servicii/extras-de-carte-funciara/ilfov,location: CF județ,location: CF județ
0.5525,/servicii/extras-de-carte-funciara/arad,/servicii/extras-de-carte-funciara/ilfov,location: CF județ,location: CF județ
0.5525,/servicii/extras-de-carte-funciara/arges,/servicii/extras-de-carte-funciara/giurgiu,location: CF județ,location: CF județ
0.5525,/servicii/extras-de-carte-funciara/arges,/servicii/extras-de-carte-funciara/olt,location: CF județ,location: CF județ
0.5525,/servicii/extras-de-carte-funciara/arges,/servicii/extras-de-carte-funciara/salaj,location: CF județ,location: CF județ
0.5525,/servicii/extras-de-carte-funciara/bacau,/servicii/extras-de-carte-funciara/dolj,location: CF județ,location: CF județ
0.5525,/servicii/extras-de-carte-funciara/bucuresti,/servicii/extras-de-carte-funciara/gorj,location: CF județ,location: CF județ
0.5525,/servicii/extras-de-carte-funciara/buzau,/servicii/extras-de-carte-funciara/galati,location: CF județ,location: CF județ
0.5525,/servicii/extras-de-carte-funciara/dambovita,/servicii/extras-de-carte-funciara/ilfov,location: CF județ,location: CF județ
0.5525,/servicii/extras-de-carte-funciara/dolj,/servicii/extras-de-carte-funciara/maramures,location: CF județ,location: CF județ
0.5523,/servicii/extras-de-carte-funciara/constanta,/servicii/extras-de-carte-funciara/covasna,location: CF județ,location: CF județ
0.5521,/servicii/extras-de-carte-funciara/suceava,/servicii/extras-de-carte-funciara/vaslui,location: CF județ,location: CF județ
0.552,/servicii/extras-de-carte-funciara/arges,/servicii/extras-de-carte-funciara/mehedinti,location: CF județ,location: CF județ
0.552,/servicii/extras-de-carte-funciara/bucuresti,/servicii/extras-de-carte-funciara/harghita,location: CF județ,location: CF județ
0.552,/servicii/extras-de-carte-funciara/bucuresti,/servicii/extras-de-carte-funciara/maramures,location: CF județ,location: CF județ
0.552,/servicii/extras-de-carte-funciara/caras-severin,/servicii/extras-de-carte-funciara/sibiu,location: CF județ,location: CF județ
0.552,/servicii/extras-de-carte-funciara/covasna,/servicii/extras-de-carte-funciara/ilfov,location: CF județ,location: CF județ
0.552,/servicii/extras-de-carte-funciara/dolj,/servicii/extras-de-carte-funciara/neamt,location: CF județ,location: CF județ
0.5519,/servicii/extras-de-carte-funciara/arges,/servicii/extras-de-carte-funciara/buzau,location: CF județ,location: CF județ
0.5519,/servicii/extras-de-carte-funciara/dolj,/servicii/extras-de-carte-funciara/valcea,location: CF județ,location: CF județ
0.5519,/servicii/extras-de-carte-funciara/galati,/servicii/extras-de-carte-funciara/vrancea,location: CF județ,location: CF județ
0.5519,/servicii/extras-de-carte-funciara/iasi,/servicii/extras-de-carte-funciara/maramures,location: CF județ,location: CF județ
0.5519,/servicii/extras-de-carte-funciara/mures,/servicii/extras-de-carte-funciara/olt,location: CF județ,location: CF județ
0.5518,/servicii/extras-de-carte-funciara/suceava,/servicii/extras-de-carte-funciara/vrancea,location: CF județ,location: CF județ
0.5516,/servicii/extras-de-carte-funciara/braila,/servicii/extras-de-carte-funciara/cluj,location: CF județ,location: CF județ
0.5515,/servicii/extras-de-carte-funciara/alba,/servicii/extras-de-carte-funciara/sibiu,location: CF județ,location: CF județ
0.5515,/servicii/extras-de-carte-funciara/arad,/servicii/extras-de-carte-funciara/sibiu,location: CF județ,location: CF județ
0.5515,/servicii/extras-de-carte-funciara/bucuresti,/servicii/extras-de-carte-funciara/neamt,location: CF județ,location: CF județ
0.5514,/servicii/extras-de-carte-funciara/arges,/servicii/extras-de-carte-funciara/caras-severin,location: CF județ,location: CF județ
0.5514,/servicii/extras-de-carte-funciara/constanta,/servicii/extras-de-carte-funciara/dambovita,location: CF județ,location: CF județ
0.5514,/servicii/extras-de-carte-funciara/dolj,/servicii/extras-de-carte-funciara/olt,location: CF județ,location: CF județ
0.5514,/servicii/extras-de-carte-funciara/dolj,/servicii/extras-de-carte-funciara/salaj,location: CF județ,location: CF județ
0.5514,/servicii/extras-de-carte-funciara/salaj,/servicii/extras-de-carte-funciara/suceava,location: CF județ,location: CF județ
0.5514,/servicii/extras-de-carte-funciara/sibiu,/servicii/extras-de-carte-funciara/teleorman,location: CF județ,location: CF județ
0.5513,/servicii/extras-de-carte-funciara/calarasi,/servicii/extras-de-carte-funciara/dolj,location: CF județ,location: CF județ
0.5512,/servicii/extras-de-carte-funciara/ialomita,/servicii/extras-de-carte-funciara/iasi,location: CF județ,location: CF județ
0.551,/servicii/extras-de-carte-funciara/arges,/servicii/extras-de-carte-funciara/calarasi,location: CF județ,location: CF județ
0.5509,/servicii/extras-de-carte-funciara/arges,/servicii/extras-de-carte-funciara/dambovita,location: CF județ,location: CF județ
0.5509,/servicii/extras-de-carte-funciara/bucuresti,/servicii/extras-de-carte-funciara/giurgiu,location: CF județ,location: CF județ
0.5509,/servicii/extras-de-carte-funciara/bucuresti,/servicii/extras-de-carte-funciara/olt,location: CF județ,location: CF județ
0.5509,/servicii/extras-de-carte-funciara/bucuresti,/servicii/extras-de-carte-funciara/salaj,location: CF județ,location: CF județ
0.5509,/servicii/extras-de-carte-funciara/dolj,/servicii/extras-de-carte-funciara/mehedinti,location: CF județ,location: CF județ
0.5507,/servicii/extras-de-carte-funciara/galati,/servicii/extras-de-carte-funciara/ialomita,location: CF județ,location: CF județ
0.5507,/servicii/extras-de-carte-funciara/giurgiu,/servicii/extras-de-carte-funciara/iasi,location: CF județ,location: CF județ
0.5507,/servicii/extras-de-carte-funciara/iasi,/servicii/extras-de-carte-funciara/olt,location: CF județ,location: CF județ
0.5505,/servicii/extras-de-carte-funciara/arad,/servicii/extras-de-carte-funciara/bihor,location: CF județ,location: CF județ
0.5505,/servicii/extras-de-carte-funciara/bihor,/servicii/extras-de-carte-funciara/teleorman,location: CF județ,location: CF județ
0.5505,/servicii/extras-de-carte-funciara/bucuresti,/servicii/extras-de-carte-funciara/hunedoara,location: CF județ,location: CF județ
0.5505,/servicii/extras-de-carte-funciara/cluj,/servicii/extras-de-carte-funciara/hunedoara,location: CF județ,location: CF județ
0.5504,/servicii/extras-de-carte-funciara/arges,/servicii/extras-de-carte-funciara/covasna,location: CF județ,location: CF județ
0.5504,/servicii/extras-de-carte-funciara/bucuresti,/servicii/extras-de-carte-funciara/mehedinti,location: CF județ,location: CF județ
0.5504,/servicii/extras-de-carte-funciara/harghita,/servicii/extras-de-carte-funciara/iasi,location: CF județ,location: CF județ
0.5503,/servicii/extras-de-carte-funciara/hunedoara,/servicii/extras-de-carte-funciara/iasi,location: CF județ,location: CF județ
0.55,/servicii/extras-de-carte-funciara/alba,/servicii/extras-de-carte-funciara/constanta,location: CF județ,location: CF județ
0.55,/servicii/extras-de-carte-funciara/arad,/servicii/extras-de-carte-funciara/constanta,location: CF județ,location: CF județ
0.55,/servicii/extras-de-carte-funciara/bihor,/servicii/extras-de-carte-funciara/vaslui,location: CF județ,location: CF județ
0.55,/servicii/extras-de-carte-funciara/bucuresti,/servicii/extras-de-carte-funciara/ialomita,location: CF județ,location: CF județ
0.55,/servicii/extras-de-carte-funciara/galati,/servicii/extras-de-carte-funciara/teleorman,location: CF județ,location: CF județ
0.5498,/servicii/extras-de-carte-funciara/caras-severin,/servicii/extras-de-carte-funciara/cluj,location: CF județ,location: CF județ
0.5495,/servicii/extras-de-carte-funciara/buzau,/servicii/extras-de-carte-funciara/constanta,location: CF județ,location: CF județ
0.5494,/servicii/extras-de-carte-funciara/bihor,/servicii/extras-de-carte-funciara/gorj,location: CF județ,location: CF județ
0.5494,/servicii/extras-de-carte-funciara/bihor,/servicii/extras-de-carte-funciara/tulcea,location: CF județ,location: CF județ
0.5494,/servicii/extras-de-carte-funciara/botosani,/servicii/extras-de-carte-funciara/galati,location: CF județ,location: CF județ
0.5494,/servicii/extras-de-carte-funciara/braila,/servicii/extras-de-carte-funciara/galati,location: CF județ,location: CF județ
0.5494,/servicii/extras-de-carte-funciara/buzau,/servicii/extras-de-carte-funciara/suceava,location: CF județ,location: CF județ
0.5494,/servicii/extras-de-carte-funciara/calarasi,/servicii/extras-de-carte-funciara/cluj,location: CF județ,location: CF județ
0.5494,/servicii/extras-de-carte-funciara/galati,/servicii/extras-de-carte-funciara/vaslui,location: CF județ,location: CF județ
0.5492,/servicii/extras-de-carte-funciara/salaj,/servicii/extras-de-carte-funciara/timis,location: CF județ,location: CF județ
0.5491,/servicii/extras-de-carte-funciara/alba,/servicii/extras-de-carte-funciara/bihor,location: CF județ,location: CF județ
0.5491,/servicii/extras-de-carte-funciara/suceava,/servicii/extras-de-carte-funciara/valcea,location: CF județ,location: CF județ
0.549,/servicii/extras-de-carte-funciara/mures,/servicii/extras-de-carte-funciara/salaj,location: CF județ,location: CF județ
0.5489,/servicii/extras-de-carte-funciara/bihor,/servicii/extras-de-carte-funciara/harghita,location: CF județ,location: CF județ
0.5489,/servicii/extras-de-carte-funciara/bihor,/servicii/extras-de-carte-funciara/maramures,location: CF județ,location: CF județ
0.5489,/servicii/extras-de-carte-funciara/bistrita-nasaud,/servicii/extras-de-carte-funciara/galati,location: CF județ,location: CF județ
0.5489,/servicii/extras-de-carte-funciara/galati,/servicii/extras-de-carte-funciara/tulcea,location: CF județ,location: CF județ
0.5488,/servicii/extras-de-carte-funciara/salaj,/servicii/extras-de-carte-funciara/sibiu,location: CF județ,location: CF județ
0.5487,/servicii/extras-de-carte-funciara/bihor,/servicii/extras-de-carte-funciara/buzau,location: CF județ,location: CF județ
0.5487,/servicii/extras-de-carte-funciara/botosani,/servicii/extras-de-carte-funciara/cluj,location: CF județ,location: CF județ
0.5486,/servicii/extras-de-carte-funciara/olt,/servicii/extras-de-carte-funciara/suceava,location: CF județ,location: CF județ
0.5484,/servicii/extras-de-carte-funciara/bacau,/servicii/extras-de-carte-funciara/galati,location: CF județ,location: CF județ
0.5484,/servicii/extras-de-carte-funciara/bihor,/servicii/extras-de-carte-funciara/neamt,location: CF județ,location: CF județ
0.5484,/servicii/extras-de-carte-funciara/botosani,/servicii/extras-de-carte-funciara/timis,location: CF județ,location: CF județ
0.5484,/servicii/extras-de-carte-funciara/braila,/servicii/extras-de-carte-funciara/timis,location: CF județ,location: CF județ
0.5484,/servicii/extras-de-carte-funciara/dambovita,/servicii/extras-de-carte-funciara/suceava,location: CF județ,location: CF județ
0.5484,/servicii/extras-de-carte-funciara/galati,/servicii/extras-de-carte-funciara/maramures,location: CF județ,location: CF județ
0.5483,/servicii/extras-de-carte-funciara/bihor,/servicii/extras-de-carte-funciara/valcea,location: CF județ,location: CF județ
0.5481,/servicii/extras-de-carte-funciara/gorj,/servicii/extras-de-carte-funciara/iasi,location: CF județ,location: CF județ
0.5481,/servicii/extras-de-carte-funciara/ialomita,/servicii/extras-de-carte-funciara/mures,location: CF județ,location: CF județ
0.5481,/servicii/extras-de-carte-funciara/timis,/servicii/extras-de-carte-funciara/vrancea,location: CF județ,location: CF județ
0.5479,/servicii/extras-de-carte-funciara/bistrita-nasaud,/servicii/extras-de-carte-funciara/timis,location: CF județ,location: CF județ
0.5479,/servicii/extras-de-carte-funciara/bucuresti,/servicii/extras-de-carte-funciara/calarasi,location: CF județ,location: CF județ
0.5479,/servicii/extras-de-carte-funciara/covasna,/servicii/extras-de-carte-funciara/suceava,location: CF județ,location: CF județ
0.5479,/servicii/extras-de-carte-funciara/galati,/servicii/extras-de-carte-funciara/neamt,location: CF județ,location: CF județ
0.5479,/servicii/extras-de-carte-funciara/gorj,/servicii/extras-de-carte-funciara/timis,location: CF județ,location: CF județ
0.5479,/servicii/extras-de-carte-funciara/iasi,/servicii/extras-de-carte-funciara/salaj,location: CF județ,location: CF județ
0.5478,/servicii/extras-de-carte-funciara/botosani,/servicii/extras-de-carte-funciara/brasov,location: CF județ,location: CF județ
0.5478,/servicii/extras-de-carte-funciara/braila,/servicii/extras-de-carte-funciara/brasov,location: CF județ,location: CF județ
0.5478,/servicii/extras-de-carte-funciara/galati,/servicii/extras-de-carte-funciara/valcea,location: CF județ,location: CF județ
0.5477,/servicii/extras-de-carte-funciara/bihor,/servicii/extras-de-carte-funciara/calarasi,location: CF județ,location: CF județ
0.5477,/servicii/extras-de-carte-funciara/neamt,/servicii/extras-de-carte-funciara/suceava,location: CF județ,location: CF județ
0.5476,/servicii/extras-de-carte-funciara/sibiu,/servicii/extras-de-carte-funciara/tulcea,location: CF județ,location: CF județ
0.5475,/servicii/extras-de-carte-funciara/buzau,/servicii/extras-de-carte-funciara/cluj,location: CF județ,location: CF județ
0.5474,/servicii/extras-de-carte-funciara/bacau,/servicii/extras-de-carte-funciara/timis,location: CF județ,location: CF județ
0.5474,/servicii/extras-de-carte-funciara/bihor,/servicii/extras-de-carte-funciara/hunedoara,location: CF județ,location: CF județ
0.5474,/servicii/extras-de-carte-funciara/cluj,/servicii/extras-de-carte-funciara/covasna,location: CF județ,location: CF județ
0.5474,/servicii/extras-de-carte-funciara/dolj,/servicii/extras-de-carte-funciara/vrancea,location: CF județ,location: CF județ
0.5474,/servicii/extras-de-carte-funciara/harghita,/servicii/extras-de-carte-funciara/timis,location: CF județ,location: CF județ
0.5474,/servicii/extras-de-carte-funciara/maramures,/servicii/extras-de-carte-funciara/timis,location: CF județ,location: CF județ
0.5473,/servicii/extras-de-carte-funciara/galati,/servicii/extras-de-carte-funciara/olt,location: CF județ,location: CF județ
0.5473,/servicii/extras-de-carte-funciara/galati,/servicii/extras-de-carte-funciara/salaj,location: CF județ,location: CF județ
0.5472,/servicii/extras-de-carte-funciara/harghita,/servicii/extras-de-carte-funciara/mures,location: CF județ,location: CF județ
0.547,/servicii/extras-de-carte-funciara/iasi,/servicii/extras-de-carte-funciara/neamt,location: CF județ,location: CF județ
0.547,/servicii/extras-de-carte-funciara/iasi,/servicii/extras-de-carte-funciara/valcea,location: CF județ,location: CF județ
0.5469,/servicii/extras-de-carte-funciara/bihor,/servicii/extras-de-carte-funciara/ialomita,location: CF județ,location: CF județ
0.5469,/servicii/extras-de-carte-funciara/neamt,/servicii/extras-de-carte-funciara/timis,location: CF județ,location: CF județ
0.5468,/servicii/extras-de-carte-funciara/bistrita-nasaud,/servicii/extras-de-carte-funciara/cluj,location: CF județ,location: CF județ
0.5468,/servicii/extras-de-carte-funciara/cluj,/servicii/extras-de-carte-funciara/gorj,location: CF județ,location: CF județ
0.5468,/servicii/extras-de-carte-funciara/galati,/servicii/extras-de-carte-funciara/mehedinti,location: CF județ,location: CF județ
0.5467,/servicii/extras-de-carte-funciara/bihor,/servicii/extras-de-carte-funciara/vrancea,location: CF județ,location: CF județ
0.5466,/servicii/extras-de-carte-funciara/sibiu,/servicii/extras-de-carte-funciara/vaslui,location: CF județ,location: CF județ
0.5465,/servicii/extras-de-carte-funciara/brasov,/servicii/extras-de-carte-funciara/buzau,location: CF județ,location: CF județ
0.5465,/servicii/extras-de-carte-funciara/cluj,/servicii/extras-de-carte-funciara/dambovita,location: CF județ,location: CF județ
0.5464,/servicii/extras-de-carte-funciara/bihor,/servicii/extras-de-carte-funciara/giurgiu,location: CF județ,location: CF județ
0.5464,/servicii/extras-de-carte-funciara/bihor,/servicii/extras-de-carte-funciara/olt,location: CF județ,location: CF județ
0.5464,/servicii/extras-de-carte-funciara/bihor,/servicii/extras-de-carte-funciara/salaj,location: CF județ,location: CF județ
0.5464,/servicii/extras-de-carte-funciara/botosani,/servicii/extras-de-carte-funciara/suceava,location: CF județ,location: CF județ
0.5464,/servicii/extras-de-carte-funciara/braila,/servicii/extras-de-carte-funciara/suceava,location: CF județ,location: CF județ
0.5464,/servicii/extras-de-carte-funciara/cluj,/servicii/extras-de-carte-funciara/teleorman,location: CF județ,location: CF județ
0.5463,/servicii/extras-de-carte-funciara/olt,/servicii/extras-de-carte-funciara/timis,location: CF județ,location: CF județ
0.5463,/servicii/extras-de-carte-funciara/sibiu,/servicii/extras-de-carte-funciara/vrancea,location: CF județ,location: CF județ
0.546,/servicii/extras-de-carte-funciara/brasov,/servicii/extras-de-carte-funciara/caras-severin,location: CF județ,location: CF județ
0.546,/servicii/extras-de-carte-funciara/olt,/servicii/extras-de-carte-funciara/sibiu,location: CF județ,location: CF județ
0.5459,/servicii/extras-de-carte-funciara/bihor,/servicii/extras-de-carte-funciara/mehedinti,location: CF județ,location: CF județ
0.5459,/servicii/extras-de-carte-funciara/bistrita-nasaud,/servicii/extras-de-carte-funciara/brasov,location: CF județ,location: CF județ
0.5459,/servicii/extras-de-carte-funciara/bistrita-nasaud,/servicii/extras-de-carte-funciara/suceava,location: CF județ,location: CF județ
0.5459,/servicii/extras-de-carte-funciara/cluj,/servicii/extras-de-carte-funciara/vaslui,location: CF județ,location: CF județ
0.5459,/servicii/extras-de-carte-funciara/gorj,/servicii/extras-de-carte-funciara/suceava,location: CF județ,location: CF județ
0.5459,/servicii/extras-de-carte-funciara/hunedoara,/servicii/extras-de-carte-funciara/timis,location: CF județ,location: CF județ
0.5459,/servicii/extras-de-carte-funciara/ilfov,/servicii/extras-de-carte-funciara/satu-mare,location: CF județ,location: CF județ
0.5459,/servicii/extras-de-carte-funciara/mures,/servicii/extras-de-carte-funciara/teleorman,location: CF județ,location: CF județ
0.5458,/servicii/extras-de-carte-funciara/calarasi,/servicii/extras-de-carte-funciara/galati,location: CF județ,location: CF județ
0.5454,/servicii/extras-de-carte-funciara/bacau,/servicii/extras-de-carte-funciara/suceava,location: CF județ,location: CF județ
0.5454,/servicii/extras-de-carte-funciara/botosani,/servicii/extras-de-carte-funciara/mures,location: CF județ,location: CF județ
0.5454,/servicii/extras-de-carte-funciara/braila,/servicii/extras-de-carte-funciara/mures,location: CF județ,location: CF județ
0.5454,/servicii/extras-de-carte-funciara/buzau,/servicii/extras-de-carte-funciara/sibiu,location: CF județ,location: CF județ
0.5454,/servicii/extras-de-carte-funciara/cluj,/servicii/extras-de-carte-funciara/tulcea,location: CF județ,location: CF județ
0.5454,/servicii/extras-de-carte-funciara/harghita,/servicii/extras-de-carte-funciara/suceava,location: CF județ,location: CF județ
0.5454,/servicii/extras-de-carte-funciara/ialomita,/servicii/extras-de-carte-funciara/timis,location: CF județ,location: CF județ
0.5454,/servicii/extras-de-carte-funciara/maramures,/servicii/extras-de-carte-funciara/suceava,location: CF județ,location: CF județ
0.5454,/servicii/extras-de-carte-funciara/mures,/servicii/extras-de-carte-funciara/vaslui,location: CF județ,location: CF județ
0.5453,/servicii/extras-de-carte-funciara/bihor,/servicii/extras-de-carte-funciara/caras-severin,location: CF județ,location: CF județ
0.5452,/servicii/extras-de-carte-funciara/cluj,/servicii/extras-de-carte-funciara/giurgiu,location: CF județ,location: CF județ
0.5451,/servicii/extras-de-carte-funciara/braila,/servicii/extras-de-carte-funciara/constanta,location: CF județ,location: CF județ
0.5451,/servicii/extras-de-carte-funciara/neamt,/servicii/extras-de-carte-funciara/sibiu,location: CF județ,location: CF județ
0.5449,/servicii/extras-de-carte-funciara/bacau,/servicii/extras-de-carte-funciara/cluj,location: CF județ,location: CF județ
0.5449,/servicii/extras-de-carte-funciara/bistrita-nasaud,/servicii/extras-de-carte-funciara/mures,location: CF județ,location: CF județ
0.5449,/servicii/extras-de-carte-funciara/cluj,/servicii/extras-de-carte-funciara/harghita,location: CF județ,location: CF județ
0.5449,/servicii/extras-de-carte-funciara/cluj,/servicii/extras-de-carte-funciara/maramures,location: CF județ,location: CF județ
0.5449,/servicii/extras-de-carte-funciara/giurgiu,/servicii/extras-de-carte-funciara/timis,location: CF județ,location: CF județ
0.5449,/servicii/extras-de-carte-funciara/gorj,/servicii/extras-de-carte-funciara/mures,location: CF județ,location: CF județ
0.5449,/servicii/extras-de-carte-funciara/mures,/servicii/extras-de-carte-funciara/tulcea,location: CF județ,location: CF județ
0.5447,/servicii/extras-de-carte-funciara/alba,/servicii/extras-de-carte-funciara/timis,location: CF județ,location: CF județ
0.5444,/servicii/extras-de-carte-funciara/bacau,/servicii/extras-de-carte-funciara/mures,location: CF județ,location: CF județ
0.5444,/servicii/extras-de-carte-funciara/cluj,/servicii/extras-de-carte-funciara/neamt,location: CF județ,location: CF județ
0.5444,/servicii/extras-de-carte-funciara/dambovita,/servicii/extras-de-carte-funciara/sibiu,location: CF județ,location: CF județ
0.5444,/servicii/extras-de-carte-funciara/mehedinti,/servicii/extras-de-carte-funciara/timis,location: CF județ,location: CF județ
0.5443,/servicii/extras-de-carte-funciara/giurgiu,/servicii/extras-de-carte-funciara/suceava,location: CF județ,location: CF județ
0.5439,/servicii/extras-de-carte-funciara/covasna,/servicii/extras-de-carte-funciara/sibiu,location: CF județ,location: CF județ
0.5439,/servicii/extras-de-carte-funciara/hunedoara,/servicii/extras-de-carte-funciara/suceava,location: CF județ,location: CF județ
0.5438,/servicii/extras-de-carte-funciara/mehedinti,/servicii/extras-de-carte-funciara/suceava,location: CF județ,location: CF județ
0.5436,/servicii/extras-de-carte-funciara/sibiu,/servicii/extras-de-carte-funciara/valcea,location: CF județ,location: CF județ
0.5434,/servicii/extras-de-carte-funciara/bihor,/servicii/extras-de-carte-funciara/dambovita,location: CF județ,location: CF județ
0.5434,/servicii/extras-de-carte-funciara/calarasi,/servicii/extras-de-carte-funciara/timis,location: CF județ,location: CF județ
0.5434,/servicii/extras-de-carte-funciara/constanta,/servicii/extras-de-carte-funciara/vrancea,location: CF județ,location: CF județ
0.5434,/servicii/extras-de-carte-funciara/ialomita,/servicii/extras-de-carte-funciara/suceava,location: CF județ,location: CF județ
0.5434,/servicii/extras-de-carte-funciara/iasi,/servicii/extras-de-carte-funciara/teleorman,location: CF județ,location: CF județ
0.5433,/servicii/extras-de-carte-funciara/arad,/servicii/extras-de-carte-funciara/timis,location: CF județ,location: CF județ
0.5433,/servicii/extras-de-carte-funciara/satu-mare,/servicii/extras-de-carte-funciara/suceava,location: CF județ,location: CF județ
0.5432,/servicii/extras-de-carte-funciara/constanta,/servicii/extras-de-carte-funciara/gorj,location: CF județ,location: CF județ
0.543,/servicii/extras-de-carte-funciara/calarasi,/servicii/extras-de-carte-funciara/constanta,location: CF județ,location: CF județ
0.543,/servicii/extras-de-carte-funciara/constanta,/servicii/extras-de-carte-funciara/giurgiu,location: CF județ,location: CF județ
0.5429,/servicii/extras-de-carte-funciara/arges,/servicii/extras-de-carte-funciara/satu-mare,location: CF județ,location: CF județ
0.5429,/servicii/extras-de-carte-funciara/bihor,/servicii/extras-de-carte-funciara/covasna,location: CF județ,location: CF județ
0.5429,/servicii/extras-de-carte-funciara/botosani,/servicii/extras-de-carte-funciara/iasi,location: CF județ,location: CF județ
0.5429,/servicii/extras-de-carte-funciara/braila,/servicii/extras-de-carte-funciara/iasi,location: CF județ,location: CF județ
0.5429,/servicii/extras-de-carte-funciara/buzau,/servicii/extras-de-carte-funciara/timis,location: CF județ,location: CF județ
0.5429,/servicii/extras-de-carte-funciara/cluj,/servicii/extras-de-carte-funciara/ialomita,location: CF județ,location: CF județ
0.5429,/servicii/extras-de-carte-funciara/cluj,/servicii/extras-de-carte-funciara/valcea,location: CF județ,location: CF județ
0.5429,/servicii/extras-de-carte-funciara/iasi,/servicii/extras-de-carte-funciara/vaslui,location: CF județ,location: CF județ
0.5427,/servicii/extras-de-carte-funciara/arad,/servicii/extras-de-carte-funciara/brasov,location: CF județ,location: CF județ
0.5425,/servicii/extras-de-carte-funciara/bacau,/servicii/extras-de-carte-funciara/brasov,location: CF județ,location: CF județ
0.5424,/servicii/extras-de-carte-funciara/bistrita-nasaud,/servicii/extras-de-carte-funciara/iasi,location: CF județ,location: CF județ
0.5424,/servicii/extras-de-carte-funciara/botosani,/servicii/extras-de-carte-funciara/sibiu,location: CF județ,location: CF județ
0.5424,/servicii/extras-de-carte-funciara/braila,/servicii/extras-de-carte-funciara/sibiu,location: CF județ,location: CF județ
0.5424,/servicii/extras-de-carte-funciara/caras-severin,/servicii/extras-de-carte-funciara/timis,location: CF județ,location: CF județ
0.5424,/servicii/extras-de-carte-funciara/cluj,/servicii/extras-de-carte-funciara/olt,location: CF județ,location: CF județ
0.5424,/servicii/extras-de-carte-funciara/cluj,/servicii/extras-de-carte-funciara/salaj,location: CF județ,location: CF județ
0.5424,/servicii/extras-de-carte-funciara/iasi,/servicii/extras-de-carte-funciara/tulcea,location: CF județ,location: CF județ
0.5424,/servicii/extras-de-carte-funciara/mures,/servicii/extras-de-carte-funciara/valcea,location: CF județ,location: CF județ
0.5423,/servicii/extras-de-carte-funciara/botosani,/servicii/extras-de-carte-funciara/constanta,location: CF județ,location: CF județ
0.5419,/servicii/extras-de-carte-funciara/bacau,/servicii/extras-de-carte-funciara/iasi,location: CF județ,location: CF județ
0.5419,/servicii/extras-de-carte-funciara/bistrita-nasaud,/servicii/extras-de-carte-funciara/sibiu,location: CF județ,location: CF județ
0.5419,/servicii/extras-de-carte-funciara/cluj,/servicii/extras-de-carte-funciara/mehedinti,location: CF județ,location: CF județ
0.5419,/servicii/extras-de-carte-funciara/dambovita,/servicii/extras-de-carte-funciara/timis,location: CF județ,location: CF județ
0.5419,/servicii/extras-de-carte-funciara/giurgiu,/servicii/extras-de-carte-funciara/mures,location: CF județ,location: CF județ
0.5419,/servicii/extras-de-carte-funciara/gorj,/servicii/extras-de-carte-funciara/sibiu,location: CF județ,location: CF județ
0.5418,/servicii/extras-de-carte-funciara/dolj,/servicii/extras-de-carte-funciara/satu-mare,location: CF județ,location: CF județ
0.5414,/servicii/extras-de-carte-funciara/bacau,/servicii/extras-de-carte-funciara/sibiu,location: CF județ,location: CF județ
0.5414,/servicii/extras-de-carte-funciara/calarasi,/servicii/extras-de-carte-funciara/suceava,location: CF județ,location: CF județ
0.5414,/servicii/extras-de-carte-funciara/constanta,/servicii/extras-de-carte-funciara/teleorman,location: CF județ,location: CF județ
0.5414,/servicii/extras-de-carte-funciara/covasna,/servicii/extras-de-carte-funciara/timis,location: CF județ,location: CF județ
0.5414,/servicii/extras-de-carte-funciara/harghita,/servicii/extras-de-carte-funciara/sibiu,location: CF județ,location: CF județ
0.5414,/servicii/extras-de-carte-funciara/maramures,/servicii/extras-de-carte-funciara/sibiu,location: CF județ,location: CF județ
0.5413,/servicii/extras-de-carte-funciara/alba,/servicii/extras-de-carte-funciara/brasov,location: CF județ,location: CF județ
0.5413,/servicii/extras-de-carte-funciara/bucuresti,/servicii/extras-de-carte-funciara/satu-mare,location: CF județ,location: CF județ
0.5413,/servicii/extras-de-carte-funciara/constanta,/servicii/extras-de-carte-funciara/harghita,location: CF județ,location: CF județ
0.5412,/servicii/extras-de-carte-funciara/mehedinti,/servicii/extras-de-carte-funciara/sibiu,location: CF județ,location: CF județ
0.5411,/servicii/extras-de-carte-funciara/satu-mare,/servicii/extras-de-carte-funciara/timis,location: CF județ,location: CF județ
0.5409,/servicii/extras-de-carte-funciara/constanta,/servicii/extras-de-carte-funciara/vaslui,location: CF județ,location: CF județ
0.5408,/servicii/extras-de-carte-funciara/satu-mare,/servicii/extras-de-carte-funciara/sibiu,location: CF județ,location: CF județ
0.5404,/servicii/extras-de-carte-funciara/bistrita-nasaud,/servicii/extras-de-carte-funciara/constanta,location: CF județ,location: CF județ
0.5404,/servicii/extras-de-carte-funciara/calarasi,/servicii/extras-de-carte-funciara/mures,location: CF județ,location: CF județ
0.5404,/servicii/extras-de-carte-funciara/constanta,/servicii/extras-de-carte-funciara/tulcea,location: CF județ,location: CF județ
0.5403,/servicii/extras-de-carte-funciara/giurgiu,/servicii/extras-de-carte-funciara/sibiu,location: CF județ,location: CF județ
0.54,/servicii/extras-de-carte-funciara/brasov,/servicii/extras-de-carte-funciara/calarasi,location: CF județ,location: CF județ
0.54,/servicii/extras-de-carte-funciara/sibiu,/servicii/extras-de-carte-funciara/suceava,location: CF județ,location: CF județ
0.5399,/servicii/extras-de-carte-funciara/bacau,/servicii/extras-de-carte-funciara/constanta,location: CF județ,location: CF județ
0.5399,/servicii/extras-de-carte-funciara/buzau,/servicii/extras-de-carte-funciara/mures,location: CF județ,location: CF județ
0.5399,/servicii/extras-de-carte-funciara/cluj,/servicii/extras-de-carte-funciara/vrancea,location: CF județ,location: CF județ
0.5399,/servicii/extras-de-carte-funciara/constanta,/servicii/extras-de-carte-funciara/maramures,location: CF județ,location: CF județ
0.5399,/servicii/extras-de-carte-funciara/hunedoara,/servicii/extras-de-carte-funciara/sibiu,location: CF județ,location: CF județ
0.5394,/servicii/extras-de-carte-funciara/alba,/servicii/extras-de-carte-funciara/cluj,location: CF județ,location: CF județ
0.5394,/servicii/extras-de-carte-funciara/arad,/servicii/extras-de-carte-funciara/cluj,location: CF județ,location: CF județ
0.5394,/servicii/extras-de-carte-funciara/caras-severin,/servicii/extras-de-carte-funciara/mures,location: CF județ,location: CF județ
0.5394,/servicii/extras-de-carte-funciara/constanta,/servicii/extras-de-carte-funciara/neamt,location: CF județ,location: CF județ
0.5394,/servicii/extras-de-carte-funciara/ialomita,/servicii/extras-de-carte-funciara/sibiu,location: CF județ,location: CF județ
0.5394,/servicii/extras-de-carte-funciara/mures,/servicii/extras-de-carte-funciara/vrancea,location: CF județ,location: CF județ
0.5393,/servicii/extras-de-carte-funciara/constanta,/servicii/extras-de-carte-funciara/valcea,location: CF județ,location: CF județ
0.5389,/servicii/extras-de-carte-funciara/alba,/servicii/extras-de-carte-funciara/mures,location: CF județ,location: CF județ
0.5389,/servicii/extras-de-carte-funciara/arad,/servicii/extras-de-carte-funciara/mures,location: CF județ,location: CF județ
0.5389,/servicii/extras-de-carte-funciara/dambovita,/servicii/extras-de-carte-funciara/mures,location: CF județ,location: CF județ
0.5388,/servicii/extras-de-carte-funciara/buzau,/servicii/extras-de-carte-funciara/iasi,location: CF județ,location: CF județ
0.5388,/servicii/extras-de-carte-funciara/constanta,/servicii/extras-de-carte-funciara/olt,location: CF județ,location: CF județ
0.5388,/servicii/extras-de-carte-funciara/constanta,/servicii/extras-de-carte-funciara/salaj,location: CF județ,location: CF județ
0.5388,/servicii/extras-de-carte-funciara/galati,/servicii/extras-de-carte-funciara/sibiu,location: CF județ,location: CF județ
0.5384,/servicii/extras-de-carte-funciara/brasov,/servicii/extras-de-carte-funciara/teleorman,location: CF județ,location: CF județ
0.5384,/servicii/extras-de-carte-funciara/constanta,/servicii/extras-de-carte-funciara/hunedoara,location: CF județ,location: CF județ
0.5384,/servicii/extras-de-carte-funciara/covasna,/servicii/extras-de-carte-funciara/mures,location: CF județ,location: CF județ
0.5383,/servicii/extras-de-carte-funciara/caras-severin,/servicii/extras-de-carte-funciara/iasi,location: CF județ,location: CF județ
0.5383,/servicii/extras-de-carte-funciara/constanta,/servicii/extras-de-carte-funciara/mehedinti,location: CF județ,location: CF județ
0.5379,/servicii/extras-de-carte-funciara/brasov,/servicii/extras-de-carte-funciara/vaslui,location: CF județ,location: CF județ
0.5379,/servicii/extras-de-carte-funciara/calarasi,/servicii/extras-de-carte-funciara/iasi,location: CF județ,location: CF județ
0.5379,/servicii/extras-de-carte-funciara/constanta,/servicii/extras-de-carte-funciara/ialomita,location: CF județ,location: CF județ
0.5378,/servicii/extras-de-carte-funciara/alba,/servicii/extras-de-carte-funciara/iasi,location: CF județ,location: CF județ
0.5378,/servicii/extras-de-carte-funciara/arad,/servicii/extras-de-carte-funciara/iasi,location: CF județ,location: CF județ
0.5378,/servicii/extras-de-carte-funciara/galati,/servicii/extras-de-carte-funciara/satu-mare,location: CF județ,location: CF județ
0.5374,/servicii/extras-de-carte-funciara/brasov,/servicii/extras-de-carte-funciara/gorj,location: CF județ,location: CF județ
0.5374,/servicii/extras-de-carte-funciara/brasov,/servicii/extras-de-carte-funciara/tulcea,location: CF județ,location: CF județ
0.5374,/servicii/extras-de-carte-funciara/calarasi,/servicii/extras-de-carte-funciara/sibiu,location: CF județ,location: CF județ
0.5371,/servicii/extras-de-carte-funciara/iasi,/servicii/extras-de-carte-funciara/satu-mare,location: CF județ,location: CF județ
0.5369,/servicii/extras-de-carte-funciara/bihor,/servicii/extras-de-carte-funciara/satu-mare,location: CF județ,location: CF județ
0.5369,/servicii/extras-de-carte-funciara/brasov,/servicii/extras-de-carte-funciara/harghita,location: CF județ,location: CF județ
0.5369,/servicii/extras-de-carte-funciara/brasov,/servicii/extras-de-carte-funciara/maramures,location: CF județ,location: CF județ
0.5369,/servicii/extras-de-carte-funciara/iasi,/servicii/extras-de-carte-funciara/vrancea,location: CF județ,location: CF județ
0.5367,/servicii/extras-de-carte-funciara/mures,/servicii/extras-de-carte-funciara/satu-mare,location: CF județ,location: CF județ
0.5367,/servicii/extras-de-carte-funciara/sibiu,/servicii/extras-de-carte-funciara/timis,location: CF județ,location: CF județ
0.5364,/servicii/extras-de-carte-funciara/brasov,/servicii/extras-de-carte-funciara/mures,location: CF județ,location: CF județ
0.5364,/servicii/extras-de-carte-funciara/brasov,/servicii/extras-de-carte-funciara/neamt,location: CF județ,location: CF județ
0.5364,/servicii/extras-de-carte-funciara/brasov,/servicii/extras-de-carte-funciara/valcea,location: CF județ,location: CF județ
0.5364,/servicii/extras-de-carte-funciara/dambovita,/servicii/extras-de-carte-funciara/iasi,location: CF județ,location: CF județ
0.5364,/servicii/extras-de-carte-funciara/galati,/servicii/extras-de-carte-funciara/mures,location: CF județ,location: CF județ
0.5361,/servicii/extras-de-carte-funciara/brasov,/servicii/extras-de-carte-funciara/galati,location: CF județ,location: CF județ
0.5359,/servicii/extras-de-carte-funciara/brasov,/servicii/extras-de-carte-funciara/giurgiu,location: CF județ,location: CF județ
0.5359,/servicii/extras-de-carte-funciara/brasov,/servicii/extras-de-carte-funciara/olt,location: CF județ,location: CF județ
0.5359,/servicii/extras-de-carte-funciara/brasov,/servicii/extras-de-carte-funciara/salaj,location: CF județ,location: CF județ
0.5359,/servicii/extras-de-carte-funciara/covasna,/servicii/extras-de-carte-funciara/iasi,location: CF județ,location: CF județ
0.5355,/servicii/extras-de-carte-funciara/brasov,/servicii/extras-de-carte-funciara/hunedoara,location: CF județ,location: CF județ
0.5354,/servicii/extras-de-carte-funciara/brasov,/servicii/extras-de-carte-funciara/mehedinti,location: CF județ,location: CF județ
0.535,/servicii/extras-de-carte-funciara/brasov,/servicii/extras-de-carte-funciara/ialomita,location: CF județ,location: CF județ
0.535,/servicii/extras-de-carte-funciara/constanta,/servicii/extras-de-carte-funciara/galati,location: CF județ,location: CF județ
0.5346,/servicii/extras-de-carte-funciara/cluj,/servicii/extras-de-carte-funciara/mures,location: CF județ,location: CF județ
0.5339,/servicii/extras-de-carte-funciara/brasov,/servicii/extras-de-carte-funciara/covasna,location: CF județ,location: CF județ
0.5335,/servicii/extras-de-carte-funciara/brasov,/servicii/extras-de-carte-funciara/vrancea,location: CF județ,location: CF județ
0.533,/servicii/extras-de-carte-funciara/brasov,/servicii/extras-de-carte-funciara/dambovita,location: CF județ,location: CF județ
0.533,/servicii/extras-de-carte-funciara/cluj,/servicii/extras-de-carte-funciara/satu-mare,location: CF județ,location: CF județ
0.5312,/servicii/extras-de-carte-funciara/constanta,/servicii/extras-de-carte-funciara/suceava,location: CF județ,location: CF județ
0.5296,/servicii/extras-de-carte-funciara/constanta,/servicii/extras-de-carte-funciara/satu-mare,location: CF județ,location: CF județ
0.5294,/servicii/extras-de-carte-funciara/cluj,/servicii/extras-de-carte-funciara/galati,location: CF județ,location: CF județ
0.5293,/servicii/extras-de-carte-funciara/bihor,/servicii/extras-de-carte-funciara/sibiu,location: CF județ,location: CF județ
0.5289,/servicii/extras-de-carte-funciara/suceava,/servicii/extras-de-carte-funciara/timis,location: CF județ,location: CF județ
0.5288,/servicii/extras-de-carte-funciara/mures,/servicii/extras-de-carte-funciara/suceava,location: CF județ,location: CF județ
0.528,/servicii/extras-de-carte-funciara/bihor,/servicii/extras-de-carte-funciara/constanta,location: CF județ,location: CF județ
0.5279,/servicii/extras-de-carte-funciara/bihor,/servicii/extras-de-carte-funciara/brasov,location: CF județ,location: CF județ
0.5277,/servicii/extras-de-carte-funciara/bihor,/servicii/extras-de-carte-funciara/suceava,location: CF județ,location: CF județ
0.5275,/servicii/extras-de-carte-funciara/dolj,/servicii/extras-de-carte-funciara/prahova,location: CF județ,location: CF județ
0.527,/servicii/extras-de-carte-funciara/bihor,/servicii/extras-de-carte-funciara/timis,location: CF județ,location: CF județ
0.5268,/servicii/extras-de-carte-funciara/brasov,/servicii/extras-de-carte-funciara/satu-mare,location: CF județ,location: CF județ
0.5267,/servicii/extras-de-carte-funciara/mures,/servicii/extras-de-carte-funciara/sibiu,location: CF județ,location: CF județ
0.5264,/servicii/extras-de-carte-funciara/brasov,/servicii/extras-de-carte-funciara/sibiu,location: CF județ,location: CF județ
0.5261,/servicii/extras-de-carte-funciara/brasov,/servicii/extras-de-carte-funciara/suceava,location: CF județ,location: CF județ
0.5256,/servicii/extras-de-carte-funciara/bihor,/servicii/extras-de-carte-funciara/mures,location: CF județ,location: CF județ
0.5255,/servicii/extras-de-carte-funciara/mures,/servicii/extras-de-carte-funciara/prahova,location: CF județ,location: CF județ
0.5248,/servicii/extras-de-carte-funciara/bihor,/servicii/extras-de-carte-funciara/cluj,location: CF județ,location: CF județ
0.5247,/servicii/extras-de-carte-funciara/cluj,/servicii/extras-de-carte-funciara/prahova,location: CF județ,location: CF județ
0.5246,/servicii/extras-de-carte-funciara/ilfov,/servicii/extras-de-carte-funciara/prahova,location: CF județ,location: CF județ
0.5241,/servicii/extras-de-carte-funciara/bihor,/servicii/extras-de-carte-funciara/galati,location: CF județ,location: CF județ
0.5241,/servicii/extras-de-carte-funciara/constanta,/servicii/extras-de-carte-funciara/sibiu,location: CF județ,location: CF județ
0.5237,/servicii/extras-de-carte-funciara/arges,/servicii/extras-de-carte-funciara/ilfov,location: CF județ,location: CF județ
0.5233,/servicii/extras-de-carte-funciara/cluj,/servicii/extras-de-carte-funciara/constanta,location: CF județ,location: CF județ
0.5222,/servicii/extras-de-carte-funciara/cluj,/servicii/extras-de-carte-funciara/sibiu,location: CF județ,location: CF județ
0.5222,/servicii/extras-de-carte-funciara/iasi,/servicii/extras-de-carte-funciara/timis,location: CF județ,location: CF județ
0.5221,/servicii/extras-de-carte-funciara/dolj,/servicii/extras-de-carte-funciara/galati,location: CF județ,location: CF județ
0.5216,/servicii/extras-de-carte-funciara/galati,/servicii/extras-de-carte-funciara/timis,location: CF județ,location: CF județ
0.5212,/servicii/extras-de-carte-funciara/iasi,/servicii/extras-de-carte-funciara/ilfov,location: CF județ,location: CF județ
0.5211,/servicii/extras-de-carte-funciara/cluj,/servicii/extras-de-carte-funciara/timis,location: CF județ,location: CF județ
0.5206,/servicii/extras-de-carte-funciara/cluj,/servicii/extras-de-carte-funciara/suceava,location: CF județ,location: CF județ
0.5206,/servicii/extras-de-carte-funciara/galati,/servicii/extras-de-carte-funciara/iasi,location: CF județ,location: CF județ
0.5206,/servicii/extras-de-carte-funciara/mures,/servicii/extras-de-carte-funciara/timis,location: CF județ,location: CF județ
0.5205,/servicii/extras-de-carte-funciara/prahova,/servicii/extras-de-carte-funciara/sibiu,location: CF județ,location: CF județ
0.52,/servicii/extras-de-carte-funciara/dolj,/servicii/extras-de-carte-funciara/timis,location: CF județ,location: CF județ
0.5197,/servicii/extras-de-carte-funciara/iasi,/servicii/extras-de-carte-funciara/mures,location: CF județ,location: CF județ
0.5193,/servicii/extras-de-carte-funciara/brasov,/servicii/extras-de-carte-funciara/timis,location: CF județ,location: CF județ
0.5186,/servicii/extras-de-carte-funciara/bihor,/servicii/extras-de-carte-funciara/iasi,location: CF județ,location: CF județ
0.5184,/servicii/extras-de-carte-funciara/brasov,/servicii/extras-de-carte-funciara/cluj,location: CF județ,location: CF județ
0.5181,/servicii/extras-de-carte-funciara/prahova,/servicii/extras-de-carte-funciara/timis,location: CF județ,location: CF județ
0.5177,/servicii/extras-de-carte-funciara/dolj,/servicii/extras-de-carte-funciara/ilfov,location: CF județ,location: CF județ
0.5177,/servicii/extras-de-carte-funciara/galati,/servicii/extras-de-carte-funciara/prahova,location: CF județ,location: CF județ
0.5176,/servicii/extras-de-carte-funciara/bucuresti,/servicii/extras-de-carte-funciara/dolj,location: CF județ,location: CF județ
0.5172,/servicii/extras-de-carte-funciara/arges,/servicii/extras-de-carte-funciara/bucuresti,location: CF județ,location: CF județ
0.517,/servicii/extras-de-carte-funciara/arges,/servicii/extras-de-carte-funciara/prahova,location: CF județ,location: CF județ
0.5169,/servicii/extras-de-carte-funciara/iasi,/servicii/extras-de-carte-funciara/suceava,location: CF județ,location: CF județ
0.5167,/servicii/extras-de-carte-funciara/brasov,/servicii/extras-de-carte-funciara/constanta,location: CF județ,location: CF județ
0.5167,/servicii/extras-de-carte-funciara/cluj,/servicii/extras-de-carte-funciara/dolj,location: CF județ,location: CF județ
0.5164,/servicii/extras-de-carte-funciara/arges,/servicii/extras-de-carte-funciara/dolj,location: CF județ,location: CF județ
0.5156,/servicii/extras-de-carte-funciara/bihor,/servicii/extras-de-carte-funciara/prahova,location: CF județ,location: CF județ
0.5155,/servicii/extras-de-carte-funciara/bucuresti,/servicii/extras-de-carte-funciara/galati,location: CF județ,location: CF județ
0.5152,/servicii/extras-de-carte-funciara/cluj,/servicii/extras-de-carte-funciara/iasi,location: CF județ,location: CF județ
0.5152,/servicii/extras-de-carte-funciara/prahova,/servicii/extras-de-carte-funciara/suceava,location: CF județ,location: CF județ
0.5148,/servicii/extras-de-carte-funciara/iasi,/servicii/extras-de-carte-funciara/sibiu,location: CF județ,location: CF județ
0.5147,/servicii/extras-de-carte-funciara/arges,/servicii/extras-de-carte-funciara/bihor,location: CF județ,location: CF județ
0.5147,/servicii/extras-de-carte-funciara/iasi,/servicii/extras-de-carte-funciara/prahova,location: CF județ,location: CF județ
0.5147,/servicii/extras-de-carte-funciara/ilfov,/servicii/extras-de-carte-funciara/mures,location: CF județ,location: CF județ
0.5144,/servicii/extras-de-carte-funciara/constanta,/servicii/extras-de-carte-funciara/timis,location: CF județ,location: CF județ
0.5141,/servicii/extras-de-carte-funciara/dolj,/servicii/extras-de-carte-funciara/iasi,location: CF județ,location: CF județ
0.5136,/servicii/extras-de-carte-funciara/constanta,/servicii/extras-de-carte-funciara/iasi,location: CF județ,location: CF județ
0.5132,/servicii/extras-de-carte-funciara/constanta,/servicii/extras-de-carte-funciara/mures,location: CF județ,location: CF județ
0.5123,/servicii/extras-de-carte-funciara/ilfov,/servicii/extras-de-carte-funciara/timis,location: CF județ,location: CF județ
0.5122,/servicii/extras-de-carte-funciara/arges,/servicii/extras-de-carte-funciara/timis,location: CF județ,location: CF județ
0.5119,/servicii/extras-de-carte-funciara/bucuresti,/servicii/extras-de-carte-funciara/prahova,location: CF județ,location: CF județ
0.5119,/servicii/extras-de-carte-funciara/galati,/servicii/extras-de-carte-funciara/ilfov,location: CF județ,location: CF județ
0.5117,/servicii/extras-de-carte-funciara/bucuresti,/servicii/extras-de-carte-funciara/suceava,location: CF județ,location: CF județ
0.5113,/servicii/extras-de-carte-funciara/arges,/servicii/extras-de-carte-funciara/iasi,location: CF județ,location: CF județ
0.5106,/servicii/extras-de-carte-funciara/arges,/servicii/extras-de-carte-funciara/galati,location: CF județ,location: CF județ
0.5098,/servicii/extras-de-carte-funciara/bihor,/servicii/extras-de-carte-funciara/ilfov,location: CF județ,location: CF județ
0.5088,/servicii/extras-de-carte-funciara/constanta,/servicii/extras-de-carte-funciara/dolj,location: CF județ,location: CF județ
0.5087,/servicii/extras-de-carte-funciara/brasov,/servicii/extras-de-carte-funciara/iasi,location: CF județ,location: CF județ
0.5081,/servicii/extras-de-carte-funciara/constanta,/servicii/extras-de-carte-funciara/prahova,location: CF județ,location: CF județ
0.5076,/servicii/extras-de-carte-funciara/dolj,/servicii/extras-de-carte-funciara/sibiu,location: CF județ,location: CF județ
0.5073,/servicii/extras-de-carte-funciara/dolj,/servicii/extras-de-carte-funciara/suceava,location: CF județ,location: CF județ
0.5069,/servicii/extras-de-carte-funciara/arges,/servicii/extras-de-carte-funciara/suceava,location: CF județ,location: CF județ
0.5069,/servicii/extras-de-carte-funciara/brasov,/servicii/extras-de-carte-funciara/prahova,location: CF județ,location: CF județ
0.5069,/servicii/extras-de-carte-funciara/ilfov,/servicii/extras-de-carte-funciara/suceava,location: CF județ,location: CF județ
0.5065,/servicii/extras-de-carte-funciara/bihor,/servicii/extras-de-carte-funciara/dolj,location: CF județ,location: CF județ
0.5065,/servicii/extras-de-carte-funciara/cluj,/servicii/extras-de-carte-funciara/ilfov,location: CF județ,location: CF județ
0.5053,/servicii/extras-de-carte-funciara/arges,/servicii/extras-de-carte-funciara/cluj,location: CF județ,location: CF județ
0.5052,/servicii/extras-de-carte-funciara/dolj,/servicii/extras-de-carte-funciara/mures,location: CF județ,location: CF județ
0.5049,/servicii/extras-de-carte-funciara/bucuresti,/servicii/extras-de-carte-funciara/ilfov,location: CF județ,location: CF județ
0.5036,/servicii/extras-de-carte-funciara/arges,/servicii/extras-de-carte-funciara/mures,location: CF județ,location: CF județ
0.5036,/servicii/extras-de-carte-funciara/bucuresti,/servicii/extras-de-carte-funciara/constanta,location: CF județ,location: CF județ
0.5036,/servicii/extras-de-carte-funciara/ilfov,/servicii/extras-de-carte-funciara/sibiu,location: CF județ,location: CF județ
0.5028,/servicii/extras-de-carte-funciara/bucuresti,/servicii/extras-de-carte-funciara/cluj,location: CF județ,location: CF județ
0.5024,/servicii/extras-de-carte-funciara/arges,/servicii/extras-de-carte-funciara/brasov,location: CF județ,location: CF județ
0.5024,/servicii/extras-de-carte-funciara/arges,/servicii/extras-de-carte-funciara/sibiu,location: CF județ,location: CF județ
0.5024,/servicii/extras-de-carte-funciara/bucuresti,/servicii/extras-de-carte-funciara/sibiu,location: CF județ,location: CF județ
0.5024,/servicii/extras-de-carte-funciara/constanta,/servicii/extras-de-carte-funciara/ilfov,location: CF județ,location: CF județ
0.5012,/servicii/extras-de-carte-funciara/arges,/servicii/extras-de-carte-funciara/constanta,location: CF județ,location: CF județ
0.5012,/servicii/extras-de-carte-funciara/bihor,/servicii/extras-de-carte-funciara/bucuresti,location: CF județ,location: CF județ
0.5012,/servicii/extras-de-carte-funciara/brasov,/servicii/extras-de-carte-funciara/ilfov,location: CF județ,location: CF județ
0.5004,/servicii/extras-de-carte-funciara/brasov,/servicii/extras-de-carte-funciara/dolj,location: CF județ,location: CF județ
0.4964,/servicii/extras-de-carte-funciara/bucuresti,/servicii/extras-de-carte-funciara/timis,location: CF județ,location: CF județ
0.4952,/servicii/extras-de-carte-funciara/bucuresti,/servicii/extras-de-carte-funciara/mures,location: CF județ,location: CF județ
0.4929,/servicii/extras-de-carte-funciara/brasov,/servicii/extras-de-carte-funciara/bucuresti,location: CF județ,location: CF județ
0.4909,/servicii/extras-de-carte-funciara/bucuresti,/servicii/extras-de-carte-funciara/iasi,location: CF județ,location: CF județ
0.441,/servicii/cazier-judiciar-online/persoana-fizica,/servicii/cazier-judiciar-online/persoana-juridica,service page,service page
0.3852,/servicii/copie-plan-incadrare,/servicii/plan-amplasament-delimitare,service page,service page
0.3741,/servicii/copie-plan-cadastral,/servicii/copie-plan-incadrare,service page,service page
0.3705,/servicii/copie-plan-incadrare,/servicii/extras-plan-cadastral,service page,service page
0.3665,/servicii/copie-plan-cadastral,/servicii/extras-plan-cadastral,service page,service page
0.3627,/servicii/copie-inventar-coordonate,/servicii/copie-plan-incadrare,service page,service page
0.3619,/servicii/copie-plan-cadastral,/servicii/plan-amplasament-delimitare,service page,service page
0.3473,/servicii/copie-inventar-coordonate,/servicii/copie-plan-cadastral,service page,service page
0.3473,/servicii/extras-plan-cadastral,/servicii/plan-amplasament-delimitare,service page,service page
0.3472,/servicii/certificat-sarcini,/servicii/copie-plan-incadrare,service page,service page
0.3444,/servicii/certificat-sarcini,/servicii/extras-plan-cadastral,service page,service page
0.3439,/servicii/certificat-sarcini,/servicii/copie-plan-cadastral,service page,service page
0.3405,/servicii/copie-contract-vanzare,/servicii/copie-plan-cadastral,service page,service page
0.3395,/servicii/certificat-sarcini,/servicii/plan-amplasament-delimitare,service page,service page
0.337,/servicii/copie-inventar-coordonate,/servicii/plan-amplasament-delimitare,service page,service page
0.3337,/servicii/copie-plan-incadrare,/servicii/copie-releveu,service page,service page
0.3306,/servicii/copie-contract-vanzare,/servicii/copie-intabulare,service page,service page
0.3305,/servicii/copie-plan-cadastral,/servicii/copie-releveu,service page,service page
0.328,/servicii/copie-carte-funciara,/servicii/copie-plan-cadastral,service page,service page
0.3274,/servicii/copie-contract-vanzare,/servicii/copie-plan-incadrare,service page,service page
0.3265,/servicii/copie-intabulare,/servicii/copie-plan-cadastral,service page,service page
0.3263,/servicii/copie-inventar-coordonate,/servicii/extras-plan-cadastral,service page,service page
0.3213,/servicii/certificat-sarcini,/servicii/copie-inventar-coordonate,service page,service page
0.3207,/servicii/copie-carte-funciara,/servicii/copie-contract-vanzare,service page,service page
0.3203,/servicii/copie-releveu,/servicii/plan-amplasament-delimitare,service page,service page
0.3172,/servicii/copie-releveu,/servicii/extras-plan-cadastral,service page,service page
0.3162,/servicii/copie-contract-vanzare,/servicii/plan-amplasament-delimitare,service page,service page
0.3162,/servicii/copie-inventar-coordonate,/servicii/copie-releveu,service page,service page
0.3158,/servicii/eliberare-certificat-de-casatorie,/servicii/eliberare-certificat-de-nastere,service page,service page
0.3153,/servicii/copie-contract-vanzare,/servicii/copie-inventar-coordonate,service page,service page
0.3145,/servicii/copie-arhiva-ocpi,/servicii/copie-plan-cadastral,service page,service page
0.314,/servicii/certificat-sarcini,/servicii/copie-intabulare,service page,service page
0.3135,/servicii/copie-carte-funciara,/servicii/copie-intabulare,service page,service page
0.313,/servicii/certificat-sarcini,/servicii/copie-releveu,service page,service page
0.313,/servicii/copie-carte-funciara,/servicii/copie-plan-incadrare,service page,service page
0.3125,/servicii/copie-intabulare,/servicii/copie-plan-incadrare,service page,service page
0.3094,/servicii/copie-contract-vanzare,/servicii/extras-plan-cadastral,service page,service page
0.3085,/servicii/certificat-sarcini,/servicii/copie-carte-funciara,service page,service page
0.3085,/servicii/copie-arhiva-ocpi,/servicii/copie-plan-incadrare,service page,service page
0.3085,/servicii/copie-intabulare,/servicii/plan-amplasament-delimitare,service page,service page
0.3083,/servicii/copie-intabulare,/servicii/extras-plan-cadastral,service page,service page
0.3075,/servicii/copie-carte-funciara,/servicii/plan-amplasament-delimitare,service page,service page
0.3058,/servicii/copie-contract-vanzare,/servicii/copie-releveu,service page,service page
0.3054,/servicii/copie-intabulare,/servicii/copie-releveu,service page,service page
0.3049,/servicii/certificat-sarcini,/servicii/copie-contract-vanzare,service page,service page
0.3048,/servicii/copie-carte-funciara,/servicii/extras-plan-cadastral,service page,service page
0.3047,/servicii/copie-plan-incadrare,/servicii/extras-cf-colectiv,service page,service page
0.3037,/servicii/extras-cf-colectiv,/servicii/extras-plan-cadastral,service page,service page
0.3029,/servicii/copie-arhiva-ocpi,/servicii/extras-plan-cadastral,service page,service page
0.3013,/servicii/copie-intabulare,/servicii/copie-inventar-coordonate,service page,service page
0.3005,/servicii/certificat-sarcini,/servicii/extras-cf-colectiv,service page,service page
0.2992,/servicii/copie-arhiva-ocpi,/servicii/copie-contract-vanzare,service page,service page
0.2988,/servicii/copie-arhiva-ocpi,/servicii/plan-amplasament-delimitare,service page,service page
0.2984,/servicii/copie-carte-funciara,/servicii/copie-inventar-coordonate,service page,service page
0.2977,/servicii/copie-arhiva-ocpi,/servicii/copie-releveu,service page,service page
0.2971,/servicii/copie-arhiva-ocpi,/servicii/copie-inventar-coordonate,service page,service page
0.297,/servicii/copie-carte-funciara,/servicii/copie-releveu,service page,service page
0.2965,/servicii/copie-plan-cadastral,/servicii/extras-cf-colectiv,service page,service page
0.2959,/servicii/copie-arhiva-ocpi,/servicii/copie-intabulare,service page,service page
0.2949,/servicii/certificat-sarcini,/servicii/copie-arhiva-ocpi,service page,service page
0.2949,/servicii/copie-releveu,/servicii/extras-cf-colectiv,service page,service page
0.2936,/servicii/extras-cf-colectiv,/servicii/plan-amplasament-delimitare,service page,service page
0.2884,/servicii/copie-intabulare,/servicii/extras-cf-colectiv,service page,service page
0.287,/servicii/copie-arhiva-ocpi,/servicii/copie-carte-funciara,service page,service page
0.2857,/servicii/copie-carte-funciara,/servicii/extras-cf-colectiv,service page,service page
0.2842,/servicii/copie-inventar-coordonate,/servicii/extras-cf-colectiv,service page,service page
0.2825,/servicii/actualizare-adresa-cf,/servicii/copie-contract-vanzare,service page,service page
0.2819,/servicii/actualizare-adresa-cf,/servicii/copie-intabulare,service page,service page
0.2818,/servicii/actualizare-adresa-cf,/servicii/certificat-sarcini,service page,service page
0.2817,/servicii/copie-contract-vanzare,/servicii/extras-cf-colectiv,service page,service page
0.2814,/servicii/actualizare-adresa-cf,/servicii/copie-plan-incadrare,service page,service page
0.2814,/servicii/actualizare-adresa-cf,/servicii/extras-plan-cadastral,service page,service page
0.2783,/servicii/actualizare-adresa-cf,/servicii/copie-plan-cadastral,service page,service page
0.2779,/servicii/actualizare-adresa-cf,/servicii/plan-amplasament-delimitare,service page,service page
0.2738,/servicii/actualizare-adresa-cf,/servicii/copie-releveu,service page,service page
0.2732,/servicii/copie-arhiva-ocpi,/servicii/extras-cf-colectiv,service page,service page
0.272,/servicii/extras-plan-cadastral,/servicii/identificare-imobil,service page,service page
0.2718,/servicii/actualizare-adresa-cf,/servicii/copie-carte-funciara,service page,service page
0.2717,/servicii/actualizare-adresa-cf,/servicii/copie-inventar-coordonate,service page,service page
0.2695,/servicii/certificat-detineri-imobile,/servicii/copie-plan-cadastral,service page,service page
0.2693,/servicii/copie-plan-cadastral,/servicii/identificare-imobil,service page,service page
0.269,/servicii/certificat-detineri-imobile,/servicii/certificat-sarcini,service page,service page
0.2666,/servicii/copie-plan-incadrare,/servicii/identificare-imobil,service page,service page
0.2651,/servicii/actualizare-adresa-cf,/servicii/extras-cf-colectiv,service page,service page
0.2629,/servicii/actualizare-adresa-cf,/servicii/copie-arhiva-ocpi,service page,service page
0.2628,/servicii/certificat-detineri-imobile,/servicii/extras-plan-cadastral,service page,service page
0.2625,/servicii/copie-plan-cadastral,/servicii/identificare-imobile-proprietar,service page,service page
0.2623,/servicii/copie-plan-incadrare,/servicii/identificare-imobile-proprietar,service page,service page
0.2612,/servicii/identificare-imobil,/servicii/identificare-imobile-proprietar,service page,service page
0.26,/servicii/certificat-detineri-imobile,/servicii/copie-plan-incadrare,service page,service page
0.2598,/servicii/identificare-imobil,/servicii/plan-amplasament-delimitare,service page,service page
0.2594,/servicii/certificat-sarcini,/servicii/identificare-imobil,service page,service page
0.259,/servicii/extras-plan-cadastral,/servicii/identificare-imobile-proprietar,service page,service page
0.2576,/servicii/certificat-detineri-imobile,/servicii/copie-intabulare,service page,service page
0.2575,/servicii/copie-releveu,/servicii/identificare-imobil,service page,service page
0.2569,/servicii/copie-intabulare,/servicii/identificare-imobil,service page,service page
0.2564,/servicii/certificat-detineri-imobile,/servicii/copie-releveu,service page,service page
0.2556,/servicii/copie-contract-vanzare,/servicii/identificare-imobil,service page,service page
0.2552,/servicii/copie-contract-vanzare,/servicii/identificare-imobile-proprietar,service page,service page
0.2549,/servicii/certificat-sarcini,/servicii/identificare-imobile-proprietar,service page,service page
0.2545,/servicii/certificat-detineri-imobile,/servicii/plan-amplasament-delimitare,service page,service page
0.2543,/servicii/identificare-imobile-proprietar,/servicii/plan-amplasament-delimitare,service page,service page
0.2542,/servicii/extras-cf-colectiv,/servicii/identificare-imobil,service page,service page
0.2539,/servicii/copie-inventar-coordonate,/servicii/identificare-imobile-proprietar,service page,service page
0.2538,/servicii/copie-inventar-coordonate,/servicii/identificare-imobil,service page,service page
0.2535,/servicii/copie-releveu,/servicii/identificare-imobile-proprietar,service page,service page
0.2523,/servicii/certificat-detineri-imobile,/servicii/copie-contract-vanzare,service page,service page
0.2519,/servicii/certificat-detineri-imobile,/servicii/extras-cf-colectiv,service page,service page
0.2513,/servicii/copie-carte-funciara,/servicii/identificare-imobil,service page,service page
0.2511,/servicii/copie-intabulare,/servicii/identificare-imobile-proprietar,service page,service page
0.2508,/servicii/actualizare-adresa-cf,/servicii/identificare-imobil,service page,service page
0.2507,/servicii/certificat-detineri-imobile,/servicii/identificare-imobile-proprietar,service page,service page
0.2507,/servicii/copie-arhiva-ocpi,/servicii/identificare-imobil,service page,service page
0.2504,/servicii/eliberare-certificat-de-casatorie,/servicii/eliberare-certificat-de-celibat,service page,service page
0.2502,/servicii/certificat-detineri-imobile,/servicii/copie-inventar-coordonate,service page,service page
0.2496,/servicii/actualizare-adresa-cf,/servicii/certificat-detineri-imobile,service page,service page
0.2494,/servicii/extras-cf-colectiv,/servicii/identificare-imobile-proprietar,service page,service page
0.2492,/servicii/certificat-detineri-imobile,/servicii/identificare-imobil,service page,service page
0.2491,/servicii/certificat-detineri-imobile,/servicii/copie-carte-funciara,service page,service page
0.249,/servicii/certificat-detineri-imobile,/servicii/copie-arhiva-ocpi,service page,service page
0.2483,/servicii/actualizare-adresa-cf,/servicii/identificare-imobile-proprietar,service page,service page
0.2469,/servicii/copie-arhiva-ocpi,/servicii/identificare-imobile-proprietar,service page,service page
0.2447,/servicii/copie-carte-funciara,/servicii/identificare-imobile-proprietar,service page,service page
0.2398,/servicii/cazier-fiscal-online,/servicii/certificat-de-integritate-comportamentala,service page,service page
0.2311,/servicii/cazier-judiciar-online/persoana-fizica,/servicii/certificat-de-integritate-comportamentala,service page,service page
0.2302,/servicii/eliberare-certificat-de-celibat,/servicii/eliberare-certificat-de-nastere,service page,service page
0.2266,/servicii/certificat-de-integritate-comportamentala,/servicii/eliberare-certificat-de-celibat,service page,service page
0.2258,/servicii/cazier-judiciar-online/persoana-juridica,/servicii/certificat-de-integritate-comportamentala,service page,service page
0.2239,/servicii/cazier-judiciar-online/persoana-juridica,/servicii/copie-plan-cadastral,service page,service page
0.2229,/servicii/cazier-judiciar-online/persoana-juridica,/servicii/copie-plan-incadrare,service page,service page
0.2229,/servicii/cazier-judiciar-online/persoana-juridica,/servicii/extras-plan-cadastral,service page,service page
0.2211,/servicii/cazier-judiciar-online/persoana-fizica,/servicii/copie-plan-cadastral,service page,service page
0.2202,/servicii/cazier-judiciar-online/persoana-fizica,/servicii/copie-plan-incadrare,service page,service page
0.2202,/servicii/cazier-judiciar-online/persoana-fizica,/servicii/extras-plan-cadastral,service page,service page
0.2194,/servicii/cazier-judiciar-online/persoana-juridica,/servicii/eliberare-certificat-de-celibat,service page,service page
0.218,/servicii/cazier-judiciar-online/persoana-juridica,/servicii/copie-contract-vanzare,service page,service page
0.2178,/servicii/cazier-judiciar-online/persoana-fizica,/servicii/eliberare-certificat-de-celibat,service page,service page
0.2177,/servicii/cazier-judiciar-online/persoana-juridica,/servicii/copie-releveu,service page,service page
0.2165,/servicii/cazier-judiciar-online/persoana-juridica,/servicii/plan-amplasament-delimitare,service page,service page
0.216,/servicii/certificat-urbanism-informare,/servicii/copie-plan-cadastral,service page,service page
0.2159,/servicii/certificat-urbanism-informare,/servicii/copie-plan-incadrare,service page,service page
0.2158,/servicii/cazier-judiciar-online/persoana-fizica,/servicii/copie-contract-vanzare,service page,service page
0.2151,/servicii/cazier-judiciar-online/persoana-fizica,/servicii/copie-releveu,service page,service page
0.215,/servicii/cazier-judiciar-online/persoana-juridica,/servicii/certificat-sarcini,service page,service page
0.2146,/servicii/cazier-judiciar-online/persoana-juridica,/servicii/copie-inventar-coordonate,service page,service page
0.2146,/servicii/certificat-urbanism-informare,/servicii/extras-plan-cadastral,service page,service page
0.2141,/servicii/cazier-judiciar-online/persoana-juridica,/servicii/copie-intabulare,service page,service page
0.2139,/servicii/cazier-judiciar-online/persoana-fizica,/servicii/plan-amplasament-delimitare,service page,service page
0.2135,/servicii/cazier-judiciar-online/persoana-juridica,/servicii/identificare-imobil,service page,service page
0.2134,/servicii/cazier-judiciar-online/persoana-juridica,/servicii/extras-cf-colectiv,service page,service page
0.2132,/servicii/cazier-auto-online,/servicii/certificat-de-integritate-comportamentala,service page,service page
0.2125,/servicii/cazier-judiciar-online/persoana-juridica,/servicii/copie-carte-funciara,service page,service page
0.2124,/servicii/cazier-judiciar-online/persoana-fizica,/servicii/certificat-sarcini,service page,service page
0.212,/servicii/cazier-judiciar-online/persoana-fizica,/servicii/copie-inventar-coordonate,service page,service page
0.2116,/servicii/cazier-judiciar-online/persoana-fizica,/servicii/copie-intabulare,service page,service page
0.2116,/servicii/cazier-judiciar-online/persoana-juridica,/servicii/certificat-urbanism-informare,service page,service page
0.2111,/servicii/actualizare-adresa-cf,/servicii/cazier-judiciar-online/persoana-juridica,service page,service page
0.2109,/servicii/cazier-fiscal-online,/servicii/eliberare-certificat-de-celibat,service page,service page
0.2109,/servicii/cazier-judiciar-online/persoana-fizica,/servicii/extras-cf-colectiv,service page,service page
0.2109,/servicii/cazier-judiciar-online/persoana-fizica,/servicii/identificare-imobil,service page,service page
0.2108,/servicii/cazier-judiciar-online/persoana-juridica,/servicii/copie-arhiva-ocpi,service page,service page
0.2104,/servicii/copie-plan-cadastral,/servicii/eliberare-certificat-de-celibat,service page,service page
0.21,/servicii/cazier-judiciar-online/persoana-fizica,/servicii/copie-carte-funciara,service page,service page
0.2099,/servicii/certificat-urbanism-informare,/servicii/copie-contract-vanzare,service page,service page
0.2098,/servicii/cazier-judiciar-online/persoana-juridica,/servicii/identificare-imobile-proprietar,service page,service page
0.2098,/servicii/certificat-urbanism-informare,/servicii/plan-amplasament-delimitare,service page,service page
0.2097,/servicii/cazier-fiscal-online,/servicii/cazier-judiciar-online/persoana-fizica,service page,service page
0.2097,/servicii/certificat-urbanism-informare,/servicii/copie-releveu,service page,service page
0.2092,/servicii/cazier-fiscal-online,/servicii/cazier-judiciar-online/persoana-juridica,service page,service page
0.2091,/servicii/cazier-judiciar-online/persoana-fizica,/servicii/certificat-urbanism-informare,service page,service page
0.2088,/servicii/certificat-sarcini,/servicii/certificat-urbanism-informare,service page,service page
0.2086,/servicii/actualizare-adresa-cf,/servicii/cazier-judiciar-online/persoana-fizica,service page,service page
0.2086,/servicii/certificat-urbanism-informare,/servicii/identificare-imobil,service page,service page
0.2084,/servicii/cazier-judiciar-online/persoana-fizica,/servicii/copie-arhiva-ocpi,service page,service page
0.2083,/servicii/copie-plan-incadrare,/servicii/eliberare-certificat-de-celibat,service page,service page
0.2083,/servicii/eliberare-certificat-de-celibat,/servicii/extras-plan-cadastral,service page,service page
0.2074,/servicii/copie-plan-cadastral,/servicii/extras-multilingv-certificat-nastere,service page,service page
0.2074,/servicii/extras-multilingv-certificat-nastere,/servicii/extras-plan-cadastral,service page,service page
0.2073,/servicii/cazier-judiciar-online/persoana-fizica,/servicii/identificare-imobile-proprietar,service page,service page
0.2071,/servicii/copie-plan-cadastral,/servicii/extras-multilingv-certificat-casatorie,service page,service page
0.2071,/servicii/extras-multilingv-certificat-casatorie,/servicii/extras-plan-cadastral,service page,service page
0.2067,/servicii/certificat-urbanism-informare,/servicii/copie-inventar-coordonate,service page,service page
0.2066,/servicii/copie-plan-incadrare,/servicii/extras-multilingv-certificat-nastere,service page,service page
0.2063,/servicii/certificat-urbanism-informare,/servicii/copie-intabulare,service page,service page
0.2062,/servicii/copie-plan-incadrare,/servicii/extras-multilingv-certificat-casatorie,service page,service page
0.2061,/servicii/certificat-de-integritate-comportamentala,/servicii/eliberare-certificat-de-casatorie,service page,service page
0.2055,/servicii/actualizare-adresa-cf,/servicii/certificat-urbanism-informare,service page,service page
0.2052,/servicii/certificat-urbanism-informare,/servicii/extras-cf-colectiv,service page,service page
0.2051,/servicii/certificat-sarcini,/servicii/eliberare-certificat-de-celibat,service page,service page
0.2046,/servicii/certificat-urbanism-informare,/servicii/identificare-imobile-proprietar,service page,service page
0.2043,/servicii/certificat-urbanism-informare,/servicii/copie-carte-funciara,service page,service page
0.2041,/servicii/copie-contract-vanzare,/servicii/eliberare-certificat-de-celibat,service page,service page
0.2039,/servicii/copie-releveu,/servicii/eliberare-certificat-de-celibat,service page,service page
0.2032,/servicii/certificat-urbanism-informare,/servicii/copie-arhiva-ocpi,service page,service page
0.2029,/servicii/cazier-judiciar-online/persoana-juridica,/servicii/certificat-detineri-imobile,service page,service page
0.2028,/servicii/copie-contract-vanzare,/servicii/extras-multilingv-certificat-nastere,service page,service page
0.2028,/servicii/eliberare-certificat-de-celibat,/servicii/plan-amplasament-delimitare,service page,service page
0.2024,/servicii/copie-contract-vanzare,/servicii/extras-multilingv-certificat-casatorie,service page,service page
0.2023,/servicii/copie-inventar-coordonate,/servicii/eliberare-certificat-de-celibat,service page,service page
0.2022,/servicii/copie-releveu,/servicii/extras-multilingv-certificat-nastere,service page,service page
0.2022,/servicii/eliberare-certificat-de-celibat,/servicii/extras-multilingv-certificat-nastere,service page,service page
0.2018,/servicii/copie-releveu,/servicii/extras-multilingv-certificat-casatorie,service page,service page
0.2013,/servicii/cazier-judiciar-online/persoana-juridica,/servicii/eliberare-certificat-de-casatorie,service page,service page
0.2011,/servicii/eliberare-certificat-de-celibat,/servicii/extras-multilingv-certificat-casatorie,service page,service page
0.2011,/servicii/extras-multilingv-certificat-nastere,/servicii/plan-amplasament-delimitare,service page,service page
0.201,/servicii/cazier-auto-online,/servicii/cazier-judiciar-online/persoana-juridica,service page,service page
0.2007,/servicii/copie-intabulare,/servicii/eliberare-certificat-de-celibat,service page,service page
0.2007,/servicii/extras-multilingv-certificat-casatorie,/servicii/plan-amplasament-delimitare,service page,service page
0.2006,/servicii/cazier-judiciar-online/persoana-fizica,/servicii/certificat-detineri-imobile,service page,service page
0.2005,/servicii/cazier-auto-online,/servicii/cazier-judiciar-online/persoana-fizica,service page,service page
0.2005,/servicii/extras-cf-colectiv,/servicii/extras-multilingv-certificat-nastere,service page,service page
0.2002,/servicii/cazier-judiciar-online/persoana-juridica,/servicii/extras-multilingv-certificat-nastere,service page,service page
0.2001,/servicii/eliberare-certificat-de-celibat,/servicii/extras-cf-colectiv,service page,service page
0.2001,/servicii/extras-cf-colectiv,/servicii/extras-multilingv-certificat-casatorie,service page,service page
